추천소스,시군,카테고리,음식점명,별점,리뷰수,도로명주소,지번주소,전화번호,경도,위도,카카오맵URL,수집일시
카카오맵,수원시,음식점 > 아시아음식 > 동남아음식 > 베트남음식,미가쌀국수 수원인계점,5.0,870,경기 수원시 팔달구 권광로 184,경기 수원시 팔달구 인계동 1120,070-4797-0747,127.03351391892609,37.263613152223414,http://place.map.kakao.com/1187568986,2026-10-09 19:15:21
카카오맵,수원시,"음식점 > 술집 > 호프,요리주점",매산약방,5.0,178,경기 수원시 팔달구 고화로13번길 36,경기 수원시 팔달구 고등동 81-12,010-9649-1052,127.005917979302,37.270115159612,http://place.map.kakao.com/1749335607,2026-10-09 19:50:36
카카오맵,수원시,"음식점 > 술집 > 호프,요리주점",식사가되는술집양심 수원망포역점,5.0,105,경기 수원시 영통구 영통로214번길 41,경기 수원시 영통구 영통동 974-1,0507-1359-4089,127.059472552512,37.2466975823035,http://place.map.kakao.com/1716098694,2026-10-09 17:54:16
카카오맵,수원시,"음식점 > 한식 > 육류,고기",숙양화로 수원호매실점,5.0,100,경기 수원시 권선구 금곡로118번길 34-14,경기 수원시 권선구 금곡동 1089-1,070-8633-8801,126.942499196895,37.2727963568981,http://place.map.kakao.com/770554686,2026-10-09 16:14:31
카카오맵,수원시,"음식점 > 한식 > 육류,고기",요시야 야키니쿠 영통망포역점,5.0,97,경기 수원시 영통구 영통로218번길 56,경기 수원시 영통구 영통동 974-4,0503-7153-5976,127.060319111108,37.2468314097569,http://place.map.kakao.com/988422383,2026-10-09 17:55:26
카카오맵,수원시,"음식점 > 간식 > 제과,베이커리",롤러스베이커리,5.0,45,경기 수원시 영통구 신원로 146,경기 수원시 영통구 신동 340-7,010-8678-1460,127.057033352944,37.2494821086506,http://place.map.kakao.com/1698273216,2026-10-09 17:44:14
카카오맵,수원시,음식점 > 한식 > 국밥 > 마선생얼큰국밥,마선생얼큰국밥 수원영통점,5.0,35,경기 수원시 영통구 반달로 105,경기 수원시 영통구 영통동 1011-3,0507-1309-3573,127.076915874288,37.2525632456757,http://place.map.kakao.com/1193520608,2026-10-09 21:38:47
카카오맵,수원시,음식점 > 한식 > 순대,동백순대,5.0,34,경기 수원시 팔달구 팔달문로 19,경기 수원시 팔달구 지동 402-2,031-253-5888,127.01946741840621,37.277933838557495,http://place.map.kakao.com/1242565839,2026-10-09 20:45:17
카카오맵,수원시,음식점 > 양식 > 이탈리안,은방울꽃,5.0,28,경기 수원시 팔달구 신풍로 48-15,경기 수원시 팔달구 신풍동 14,010-2725-9536,127.01498676722603,37.28510406182986,http://place.map.kakao.com/2094589843,2026-10-10 00:14:45
카카오맵,수원시,음식점 > 한식,십년한우실비집 수원망포점,5.0,25,경기 수원시 영통구 덕영대로1556번길 16,경기 수원시 영통구 영통동 980-3,0502-5553-8753,127.059176130841,37.2452632674997,http://place.map.kakao.com/1659225325,2026-10-09 17:49:14
카카오맵,수원시,"음식점 > 한식 > 해물,생선 > 회",정직회,5.0,25,경기 수원시 영통구 신원로 217,경기 수원시 영통구 매탄동 487-1,031-212-8411,127.06005529872824,37.25526351374455,http://place.map.kakao.com/952379113,2026-10-09 21:22:58
카카오맵,수원시,음식점 > 간식 > 아이스크림 > 배스킨라빈스,배스킨라빈스 권선중앙점,5.0,23,경기 수원시 권선구 동수원로242번길 6,경기 수원시 권선구 권선동 1296-2,031-8001-2273,127.03471669267962,37.251090108063195,http://place.map.kakao.com/12255572,2026-10-09 18:30:58
카카오맵,수원시,음식점 > 양식,오지홈 Aussie home,5.0,21,경기 수원시 영통구 청명로77번길 11,경기 수원시 영통구 영통동 1042-3,070-8211-3002,127.07857133508162,37.25328569677965,http://place.map.kakao.com/443311060,2026-10-09 21:45:55
카카오맵,수원시,"음식점 > 한식 > 육류,고기",유케집 인계점,5.0,21,경기 수원시 팔달구 권광로196번길 17-6,경기 수원시 팔달구 인계동 1115-20,031-233-2697,127.03458554177179,37.26500945925645,http://place.map.kakao.com/995688395,2026-10-09 20:25:32
카카오맵,수원시,음식점 > 한식,시골밥상,5.0,20,경기 수원시 팔달구 월드컵로357번길 23-1,경기 수원시 팔달구 우만동 482-25,031-244-2468,127.030326842105,37.2887773633201,http://place.map.kakao.com/16806050,2026-10-10 00:41:29
카카오맵,수원시,음식점 > 한식 > 순대,염정본가옛장터,5.0,20,경기 수원시 영통구 신원로198번길 47-14,경기 수원시 영통구 매탄동 510-1,031-211-1969,127.061280039698,37.2545780932095,http://place.map.kakao.com/1025804916,2026-10-09 21:23:02
카카오맵,수원시,음식점 > 간식 > 토스트 > 이삭토스트,이삭토스트 수원율현점,5.0,20,경기 수원시 팔달구 일월로22번길 22-5,경기 수원시 팔달구 화서동 727,031-292-5431,126.98138193194502,37.28589754184822,http://place.map.kakao.com/5801448,2026-10-09 22:53:25
카카오맵,수원시,"음식점 > 한식 > 육류,고기",정육식당육국 광교점,5.0,20,경기 수원시 영통구 센트럴타운로 107,경기 수원시 영통구 이의동 1331,031-8019-8129,127.04771601456075,37.291745056382894,http://place.map.kakao.com/1377414562,2026-10-10 01:57:49
카카오맵,수원시,음식점 > 치킨,치킨이로다 매탄권선점,5.0,20,경기 수원시 권선구 동수원로242번길 6,경기 수원시 권선구 권선동 1296-2,031-223-8895,127.03464903182505,37.25102254958452,http://place.map.kakao.com/1495348744,2026-10-09 18:31:01
카카오맵,수원시,음식점 > 한식 > 국수,홍가네면집,5.0,19,경기 수원시 장안구 수성로350번길 18,경기 수원시 장안구 영화동 347-13,031-246-7707,127.0107342036168,37.29226327396086,http://place.map.kakao.com/1285149920,2026-10-10 00:05:56
카카오맵,수원시,음식점 > 간식,스트릿츄러스 수원영통점,5.0,18,경기 수원시 영통구 봉영로 1623,경기 수원시 영통구 영통동 958-1,,127.07474681102708,37.255626380529854,http://place.map.kakao.com/1571641157,2026-10-09 21:50:12
카카오맵,수원시,음식점 > 한식 > 국수 > 칼국수,홍남매칼국수 망포역점,5.0,18,경기 수원시 영통구 영통로 237,경기 수원시 영통구 신동 338,031-548-2573,127.05699331260074,37.248698219365515,http://place.map.kakao.com/1530285236,2026-10-09 17:44:21
카카오맵,수원시,음식점 > 일식,갓포토리,5.0,17,경기 수원시 영통구 센트럴타운로 107,경기 수원시 영통구 이의동 1331,0503-7152-7310,127.04923637811858,37.29194085996134,http://place.map.kakao.com/1854913924,2026-10-10 02:00:44
카카오맵,수원시,"음식점 > 양식 > 멕시칸,브라질",마스타코스,5.0,16,경기 수원시 장안구 수성로261번길 16,경기 수원시 장안구 정자동 73-10,031-8002-0102,127.00079281074717,37.290536468202305,http://place.map.kakao.com/29558918,2026-10-09 23:49:29
카카오맵,수원시,음식점 > 간식 > 도넛,나우도넛,5.0,15,경기 수원시 장안구 정자천로189번길 40,경기 수원시 장안구 정자동 873-3,031-269-5061,126.99650356734676,37.299107087626986,http://place.map.kakao.com/2050790338,2026-10-10 00:54:40
카카오맵,수원시,"음식점 > 간식 > 제과,베이커리",복란케이크,5.0,15,경기 수원시 장안구 장안로17번길 8-7,경기 수원시 장안구 영화동 424-22,0503-7154-2129,127.00536219266871,37.28665467589277,http://place.map.kakao.com/202774375,2026-10-09 23:40:20
카카오맵,수원시,"음식점 > 한식 > 육류,고기 > 곱창,막창",신동곱창,5.0,15,경기 수원시 영통구 권선로908번길 52-20,경기 수원시 영통구 신동 935-4,031-205-9210,127.044282920094,37.2471962073396,http://place.map.kakao.com/2091740914,2026-10-09 17:35:23
카카오맵,수원시,음식점 > 한식,한숟갈행복,5.0,15,경기 수원시 장안구 월드컵로 404,경기 수원시 장안구 연무동 247-47,031-243-8102,127.027923881071,37.292439773362,http://place.map.kakao.com/10007306,2026-10-10 00:42:52
카카오맵,수원시,"음식점 > 간식 > 제과,베이커리",홍시베이크샵,5.0,15,경기 수원시 팔달구 정조로886번길 15,경기 수원시 팔달구 북수동 100-1,0502-5553-2246,127.016126162461,37.2871943220657,http://place.map.kakao.com/503293564,2026-10-10 00:19:39
카카오맵,수원시,"음식점 > 간식 > 제과,베이커리",베이크비,5.0,14,경기 수원시 영통구 청명로59번길 65,경기 수원시 영통구 영통동 1027-25,0502-5554-4587,127.079618488321,37.2500592604217,http://place.map.kakao.com/381738553,2026-10-09 21:34:37
카카오맵,수원시,음식점 > 샐러드 > 샐러링,샐러링 광교중앙역점,5.0,14,경기 수원시 영통구 도청로66번길 6,경기 수원시 영통구 이의동 1333,031-214-5857,127.051275801296,37.2892170571447,http://place.map.kakao.com/1084665742,2026-10-10 01:50:35
카카오맵,수원시,"음식점 > 간식 > 떡,한과",영통낙원떡집,5.0,14,경기 수원시 영통구 매영로310번길 87,경기 수원시 영통구 영통동 968,031-203-5577,127.06390209827659,37.25075357851663,http://place.map.kakao.com/1137708924,2026-10-09 21:22:02
카카오맵,수원시,음식점 > 양식 > 피자,페퍼로니버튼 행궁점,5.0,14,경기 수원시 팔달구 신풍로 48-5,경기 수원시 팔달구 신풍동 24,031-8067-8852,127.0145030348267,37.28530775688384,http://place.map.kakao.com/1932887306,2026-10-10 00:14:51
카카오맵,수원시,음식점 > 술집,그롤라,5.0,13,경기 수원시 팔달구 인계로124번길 27-10,경기 수원시 팔달구 인계동 1040,,127.03099751066048,37.265976369958985,http://place.map.kakao.com/2045500589,2026-10-09 20:24:03
카카오맵,수원시,음식점 > 간식 > 아이스크림,두이 아이스크림&디저트,5.0,13,경기 수원시 권선구 경수대로212번길 42-9,경기 수원시 권선구 권선동 1341-8,0503-7154-1277,127.01843265551446,37.242329299950995,http://place.map.kakao.com/1568207224,2026-10-09 17:08:08
카카오맵,수원시,음식점 > 분식 > 떡볶이,미해피,5.0,13,경기 수원시 영통구 권선로882번길 26-51,경기 수원시 영통구 신동 920-1,,127.04319781930403,37.24970241284527,http://place.map.kakao.com/674583194,2026-10-09 17:37:21
카카오맵,수원시,"음식점 > 한식 > 육류,고기",설로인,5.0,13,경기 수원시 영통구 효원로 387,경기 수원시 영통구 매탄동 1267-3,031-237-7979,127.043945082584,37.25934780902676,http://place.map.kakao.com/1474155920,2026-10-09 21:03:53
카카오맵,수원시,음식점 > 중식,슈슈,5.0,13,경기 수원시 영통구 도청로89번길 23,경기 수원시 영통구 이의동 1347-1,031-8019-9003,127.04779702972924,37.28967083419047,http://place.map.kakao.com/503895356,2026-10-10 01:51:07
카카오맵,수원시,"음식점 > 한식 > 육류,고기",알로하 수원본점,5.0,13,경기 수원시 장안구 정조로 1039,경기 수원시 장안구 송죽동 379-1,0503-7153-3614,127.0062879202296,37.298877207839965,http://place.map.kakao.com/518875145,2026-10-10 00:58:52
카카오맵,수원시,"음식점 > 한식 > 육류,고기 > 닭요리",전통뿅닭도리탕&찜닭,5.0,13,경기 수원시 권선구 구운로47번길 23,경기 수원시 권선구 구운동 962-5,031-292-8211,126.97193498341204,37.27769513895593,http://place.map.kakao.com/1478221943,2026-10-09 17:02:00
카카오맵,수원시,음식점 > 양식 > 피자,노모어피자 망포점,5.0,12,경기 수원시 영통구 태장로 81,경기 수원시 영통구 망포동 382-3,031-204-9991,127.054918687466,37.2399581615961,http://place.map.kakao.com/316191073,2026-10-09 17:31:26
카카오맵,수원시,음식점 > 한식 > 순대,맛자랑본가,5.0,12,경기 수원시 장안구 파장로 103-1,경기 수원시 장안구 정자동 541-48,031-244-4417,126.99005090660157,37.30805400985354,http://place.map.kakao.com/16774711,2026-10-10 01:15:40
카카오맵,수원시,음식점 > 양식,버거106,5.0,12,경기 수원시 영통구 태장로7번길 57,경기 수원시 영통구 망포동 40-60,031-204-0106,127.04888518737,37.2406627205492,http://place.map.kakao.com/553994936,2026-10-09 17:27:00
카카오맵,수원시,"음식점 > 술집 > 호프,요리주점",십구,5.0,12,경기 수원시 영통구 대학로 43,경기 수원시 영통구 이의동 1257-1,0503-7150-7339,127.04368349354178,37.30022086839057,http://place.map.kakao.com/2106328692,2026-10-10 02:32:34
카카오맵,수원시,음식점 > 치킨 > 오븐마루치킨,오븐마루치킨 수원오목천점,5.0,12,경기 수원시 권선구 삼천병마로1597번길 20,경기 수원시 권선구 오목천동 367-6,031-291-9289,126.962442527236,37.2449287994417,http://place.map.kakao.com/1343741964,2026-10-09 15:57:44
카카오맵,수원시,"음식점 > 간식 > 제과,베이커리",정지훈과자점,5.0,12,경기 수원시 장안구 송정로187번길 75,경기 수원시 장안구 조원동 757,070-8211-2610,127.0136003921404,37.30131209553673,http://place.map.kakao.com/321411101,2026-10-10 01:33:37
카카오맵,수원시,음식점 > 한식,주뎅,5.0,12,경기 수원시 팔달구 아주로27번길 43,경기 수원시 팔달구 우만동 102-1,,127.041304514374,37.277083958827,http://place.map.kakao.com/1039746739,2026-10-09 22:22:36
카카오맵,수원시,"음식점 > 한식 > 육류,고기 > 곱창,막창",태영생막창 매탄점,5.0,12,경기 수원시 영통구 인계로 276,경기 수원시 영통구 매탄동 871-3,031-239-9934,127.047556138031,37.2634921101628,http://place.map.kakao.com/1476865019,2026-10-09 21:17:53
카카오맵,수원시,음식점 > 양식 > 피자 > 피자스쿨,피자스쿨 수원매탄점,5.0,12,경기 수원시 영통구 인계로 220,경기 수원시 영통구 매탄동 923-15,031-893-5353,127.04142864411,37.2649180593227,http://place.map.kakao.com/8647319,2026-10-09 21:14:00
카카오맵,수원시,음식점 > 한식 > 국수 > 칼국수,한밀손칼국수,5.0,12,경기 수원시 팔달구 경수대로 572,경기 수원시 팔달구 인계동 942,031-222-2526,127.03081584863496,37.27666726909338,http://place.map.kakao.com/15691894,2026-10-09 20:52:39
카카오맵,수원시,"음식점 > 한식 > 육류,고기",홍성한우정육식당,5.0,12,경기 수원시 장안구 수성로364번길 33,경기 수원시 장안구 영화동 274-1,031-254-0092,127.0127889831874,37.292060336249385,http://place.map.kakao.com/26618365,2026-10-10 00:37:19
카카오맵,수원시,"음식점 > 한식 > 해물,생선 > 회",광어포차,5.0,11,경기 수원시 권선구 세지로 110,경기 수원시 권선구 권선동 964-24,031-223-9788,127.019349310976,37.261431286683,http://place.map.kakao.com/1971800953,2026-10-09 18:55:02
카카오맵,수원시,"음식점 > 한식 > 육류,고기",그집&고기 정자점,5.0,11,경기 수원시 장안구 정자천로173번길 17,경기 수원시 장안구 정자동 876-2,031-268-6567,126.99418034874523,37.296286750292865,http://place.map.kakao.com/16834470,2026-10-10 00:48:18
카카오맵,수원시,"음식점 > 술집 > 호프,요리주점 > 금별맥주",금별맥주 수원파장점,5.0,11,경기 수원시 장안구 파장로 94-1,경기 수원시 장안구 파장동 572-55,031-253-9993,126.991120336342,37.3074467970144,http://place.map.kakao.com/1394188699,2026-10-10 01:15:32
카카오맵,수원시,"음식점 > 한식 > 해물,생선 > 회",동해,5.0,11,경기 수원시 권선구 세권로 224,경기 수원시 권선구 권선동 1065-5,031-222-9401,127.028617726334,37.2544012732608,http://place.map.kakao.com/23753207,2026-10-09 18:35:46
카카오맵,수원시,음식점 > 술집 > 실내포장마차,뒷골목,5.0,11,경기 수원시 권선구 칠보로241번길 11-4,경기 수원시 권선구 호매실동 80-12,,126.958713049258,37.2696990355613,http://place.map.kakao.com/721357420,2026-10-09 16:33:49
카카오맵,수원시,음식점 > 분식,또맛나김밥,5.0,11,경기 수원시 권선구 동수원로242번길 6,경기 수원시 권선구 권선동 1296-2,031-236-8735,127.034855298714,37.251013478606,http://place.map.kakao.com/2145518793,2026-10-09 18:31:12
카카오맵,수원시,음식점 > 일식,마루타코야끼,5.0,11,경기 수원시 영통구 매봉로35번길 3,경기 수원시 영통구 매탄동 1208,031-214-5989,127.052511642418,37.271139858851,http://place.map.kakao.com/1517994990,2026-10-09 22:10:30
카카오맵,수원시,음식점 > 일식,미토메,5.0,11,경기 수원시 영통구 매탄로51번길 8-1,경기 수원시 영통구 매탄동 1168-5,031-239-9243,127.04005305901,37.2560396583965,http://place.map.kakao.com/1543359623,2026-10-09 20:58:38
카카오맵,수원시,"음식점 > 한식 > 해물,생선 > 회",민우숙성회,5.0,11,경기 수원시 영통구 신원로250번길 13,경기 수원시 영통구 원천동 627,031-888-9792,127.061233112821,37.2578777377655,http://place.map.kakao.com/979772629,2026-10-09 21:52:43
카카오맵,수원시,음식점 > 양식 > 햄버거 > 버거리,버거리 수원영통점,5.0,11,경기 수원시 영통구 봉영로 1606,경기 수원시 영통구 영통동 995-2,031-273-2272,127.07469762841222,37.25376395489098,http://place.map.kakao.com/674659827,2026-10-09 21:49:10
카카오맵,수원시,"음식점 > 술집 > 호프,요리주점",올막,5.0,11,경기 수원시 팔달구 매산로 45,경기 수원시 팔달구 매산로2가 40-4,010-2408-9256,127.0058434833501,37.269024002272616,http://place.map.kakao.com/1006405548,2026-10-09 19:48:40
카카오맵,수원시,"음식점 > 한식 > 해물,생선",쭈꾸미와제육이,5.0,11,경기 수원시 팔달구 세지로 430,경기 수원시 팔달구 우만동 501,031-8067-8677,127.03177858920697,37.28695688469866,http://place.map.kakao.com/1609644978,2026-10-10 00:27:34
카카오맵,수원시,"음식점 > 일식 > 초밥,롤",토리스시,5.0,11,경기 수원시 영통구 광교중앙로248번길 40,경기 수원시 영통구 하동 988-1,,127.06600015519246,37.29126683258045,http://place.map.kakao.com/97990733,2026-10-10 02:19:15
카카오맵,수원시,음식점 > 치킨 > BHC치킨,BHC치킨 신영통점,5.0,10,경기 수원시 영통구 태장로 62,경기 수원시 영통구 망포동 651-1,031-205-2025,127.05307421066,37.2389516333965,http://place.map.kakao.com/2113598867,2026-10-09 17:28:11
카카오맵,수원시,"음식점 > 일식 > 초밥,롤",광교초밥,5.0,10,경기 수원시 영통구 센트럴파크로 33,경기 수원시 영통구 하동 1014,,127.062431930448,37.2885629511006,http://place.map.kakao.com/1161266257,2026-10-10 02:16:41
카카오맵,수원시,음식점 > 분식,김밥카페 제이로드 광교호수점,5.0,10,경기 수원시 영통구 광교호수공원로 155,경기 수원시 영통구 원천동 590,031-217-9191,127.06019853847,37.2766109219696,http://place.map.kakao.com/1158822283,2026-10-09 22:42:44
카카오맵,수원시,"음식점 > 간식 > 제과,베이커리",도로롱베이킹 원데이클래스공방 수원역점,5.0,10,경기 수원시 팔달구 팔달로 31,경기 수원시 팔달구 고등동 336,0507-1346-0214,127.00077119191629,37.27176871545616,http://place.map.kakao.com/582509763,2026-10-09 19:26:55
카카오맵,수원시,"음식점 > 한식 > 육류,고기",돼지 새마을본부 탑동점,5.0,10,경기 수원시 권선구 하탑로 42,경기 수원시 권선구 탑동 863-3,031-890-0800,126.97624616768111,37.268878497908716,http://place.map.kakao.com/651906282,2026-10-09 16:53:41
카카오맵,수원시,"음식점 > 한식 > 육류,고기 > 뚱보집",뚱보집 수원곡반정점,5.0,10,경기 수원시 권선구 곡선로 43,경기 수원시 권선구 곡반정동 558-6,031-236-1616,127.0294605675719,37.23911484202623,http://place.map.kakao.com/1962918994,2026-10-09 17:13:33
카카오맵,수원시,"음식점 > 간식 > 제과,베이커리",마들렌과자점,5.0,10,경기 수원시 팔달구 팔달로 191,경기 수원시 팔달구 화서동 33-6,031-256-5905,127.00712688844459,37.285086775237446,http://place.map.kakao.com/18128014,2026-10-09 23:41:35
카카오맵,수원시,음식점 > 치킨,바삭통통닭강정,5.0,10,경기 수원시 장안구 대평로90번길 20,경기 수원시 장안구 정자동 876-1,031-268-1508,126.9938983743435,37.296466943538455,http://place.map.kakao.com/94980957,2026-10-10 00:48:39
카카오맵,수원시,음식점 > 분식,밥앤스낵 광교점,5.0,10,경기 수원시 영통구 광교호수공원로 277,경기 수원시 영통구 원천동 589,,127.05597656729768,37.28362938895326,http://place.map.kakao.com/1246971983,2026-10-10 01:44:37
카카오맵,수원시,음식점 > 양식 > 햄버거,버거스올마이티 수원성균관대점,5.0,10,경기 수원시 장안구 율전로 92,경기 수원시 장안구 율전동 399-17,070-7788-0825,126.9687165798284,37.29758926289927,http://place.map.kakao.com/226716661,2026-10-09 23:03:37
카카오맵,수원시,"음식점 > 한식 > 육류,고기",북문돈심,5.0,10,경기 수원시 장안구 정조로 932,경기 수원시 장안구 영화동 285-9,,127.01308201936425,37.29098806904507,http://place.map.kakao.com/1530236538,2026-10-10 00:34:35
카카오맵,수원시,"음식점 > 술집 > 호프,요리주점",시나몬이펙트 2nd,5.0,10,경기 수원시 권선구 곡반정로97번길 22,경기 수원시 권선구 곡반정동 571-7,0503-7152-7288,127.02928302381,37.2375461648777,http://place.map.kakao.com/394133331,2026-10-09 17:09:17
카카오맵,수원시,음식점 > 한식 > 감자탕,씨유쑨,5.0,10,경기 수원시 영통구 청명남로 8,경기 수원시 영통구 영통동 1000-2,,127.07398231026299,37.25077293871388,http://place.map.kakao.com/1261477428,2026-10-09 21:24:51
카카오맵,수원시,음식점 > 양식 > 이탈리안,알론다,5.0,10,경기 수원시 영통구 광교중앙로248번길 40,경기 수원시 영통구 하동 988-1,031-546-8302,127.06597630850146,37.29107942998887,http://place.map.kakao.com/1386140254,2026-10-10 02:17:43
카카오맵,수원시,"음식점 > 한식 > 육류,고기 > 삼겹살 > 엉터리생고기 무한대패",엉터리생고기 무한대패 수원역점,5.0,10,경기 수원시 팔달구 향교로 27-1,경기 수원시 팔달구 매산로2가 27-14,0507-1381-2117,127.003934722884,37.2686970030593,http://place.map.kakao.com/1815368222,2026-10-09 19:38:17
카카오맵,수원시,음식점 > 한식,운무,5.0,10,경기 수원시 팔달구 고화로 17-1,경기 수원시 팔달구 고등동 74-34,,127.007356697984,37.2710800940374,http://place.map.kakao.com/1291697779,2026-10-09 19:51:44
카카오맵,수원시,음식점 > 한식 > 순대,정남옥순대국 수원시청점,5.0,10,경기 수원시 권선구 권광로110번길 3,경기 수원시 권선구 권선동 1025-11,070-7537-0057,127.030469908508,37.2576184369332,http://place.map.kakao.com/90010407,2026-10-09 19:01:42
카카오맵,수원시,"음식점 > 한식 > 육류,고기 > 삼겹살",지존삼겹 수원본점,5.0,10,경기 수원시 권선구 경수대로384번길 45,경기 수원시 권선구 권선동 1017-13,0507-1366-9427,127.02681841847023,37.259989964291634,http://place.map.kakao.com/95673724,2026-10-09 19:00:16
카카오맵,수원시,"음식점 > 한식 > 육류,고기 > 착한고기",착한고기 수원권선점,5.0,10,경기 수원시 권선구 매송고색로 571,경기 수원시 권선구 오목천동 275-5,031-298-9295,126.966869711512,37.2474134004471,http://place.map.kakao.com/322582254,2026-10-09 15:59:35
카카오맵,수원시,"음식점 > 간식 > 제과,베이커리",케이크얍 영통점,5.0,10,경기 수원시 영통구 덕영대로1556번길 16,경기 수원시 영통구 영통동 980-3,0507-1438-3877,127.05985690303571,37.24528455041796,http://place.map.kakao.com/1943721920,2026-10-09 17:49:46
카카오맵,수원시,"음식점 > 간식 > 제과,베이커리",쿠키가닉,5.0,10,경기 수원시 영통구 청명남로4번길 6,경기 수원시 영통구 영통동 1000-9,031-203-1230,127.073643573927,37.2501685493344,http://place.map.kakao.com/11651158,2026-10-09 21:24:55
카카오맵,수원시,"음식점 > 일식 > 돈까스,우동",하돈돈가스,5.0,10,경기 수원시 장안구 송원로41번길 14,경기 수원시 장안구 송죽동 502-10,031-8067-5000,127.00668838380061,37.29963225471761,http://place.map.kakao.com/1654192065,2026-10-10 00:59:05
카카오맵,수원시,음식점 > 양식 > 이탈리안,얼티튜드,4.9,2671,경기 수원시 팔달구 화서문로45번길 9,경기 수원시 팔달구 장안동 131-1,070-8691-4671,127.012670627871,37.285699919136,http://place.map.kakao.com/824778682,2026-10-10 00:16:53
카카오맵,수원시,음식점 > 한식,삼미락 수원본점,4.9,2535,경기 수원시 팔달구 덕영대로895번길 7,경기 수원시 팔달구 매산로1가 111-23,031-256-0401,126.99989289433329,37.2687177923607,http://place.map.kakao.com/517059227,2026-10-09 19:24:31
카카오맵,수원시,"음식점 > 한식 > 육류,고기",계동돼지,4.9,1000,경기 수원시 팔달구 인계로124번길 49,경기 수원시 팔달구 인계동 1041-1,031-238-3292,127.030493195538,37.2650511308966,http://place.map.kakao.com/1787697556,2026-10-09 20:19:02
카카오맵,수원시,음식점 > 샤브샤브,샤브밀,4.9,501,경기 수원시 팔달구 향교로 2,경기 수원시 팔달구 매산로1가 60-3,031-242-4448,127.00159528291,37.2673995578589,http://place.map.kakao.com/1476063612,2026-10-09 19:33:44
카카오맵,수원시,음식점 > 양식,쿠어드꾸뜨,4.9,237,경기 수원시 팔달구 신풍로 54,경기 수원시 팔달구 장안동 80-1,010-8040-3832,127.01405884802112,37.28593853767888,http://place.map.kakao.com/1948329992,2026-10-10 00:17:32
카카오맵,수원시,"음식점 > 한식 > 육류,고기 > 족발,보쌈 > 귀한족발",귀한족발 수원인계점,4.9,202,경기 수원시 팔달구 권광로180번길 53-12,경기 수원시 팔달구 인계동 1121-3,0507-1402-2023,127.03544385520439,37.26342066820265,http://place.map.kakao.com/2011522320,2026-10-09 21:11:23
카카오맵,수원시,음식점 > 양식,작은바와서양면집 수원역점,4.9,171,경기 수원시 팔달구 덕영대로895번길 24,경기 수원시 팔달구 매산로1가 12-7,0503-7150-2090,127.00065729633,37.2693809570561,http://place.map.kakao.com/1845799424,2026-10-09 19:26:38
카카오맵,수원시,"음식점 > 한식 > 해물,생선",시골밥상생선구이전문,4.9,136,경기 수원시 팔달구 동말로 96-3,경기 수원시 팔달구 고등동 5-4,031-241-1233,127.00478092258551,37.278642659122674,http://place.map.kakao.com/25741644,2026-10-09 20:05:11
카카오맵,수원시,음식점 > 아시아음식 > 동남아음식 > 베트남음식,쟈스민,4.9,119,경기 수원시 장안구 화산로213번길 9-3,경기 수원시 장안구 율전동 288,031-278-9886,126.97298945005193,37.29923020230733,http://place.map.kakao.com/21540583,2026-10-09 23:17:12
카카오맵,수원시,"음식점 > 일식 > 초밥,롤",초이스시,4.9,111,경기 수원시 팔달구 팔달문로153번길 7,경기 수원시 팔달구 우만동 529,0503-7153-6734,127.032477276911,37.2832011648643,http://place.map.kakao.com/1624469290,2026-10-10 00:23:36
카카오맵,수원시,음식점 > 한식 > 국수,오서산콩국수 수원점,4.9,100,경기 수원시 장안구 정자로32번길 12,경기 수원시 장안구 천천동 508-3,031-271-4787,126.98048743173422,37.299952505343086,http://place.map.kakao.com/1156465218,2026-10-09 23:24:18
카카오맵,수원시,"음식점 > 간식 > 제과,베이커리",루아즈블랑제리,4.9,99,경기 수원시 팔달구 정조로777번길 8,경기 수원시 팔달구 팔달로2가 130-3,031-258-1108,127.01579147915335,37.27757126684506,http://place.map.kakao.com/2024188411,2026-10-09 20:37:53
카카오맵,수원시,음식점 > 일식 > 일식집,윤담,4.9,75,경기 수원시 영통구 봉영로 1587,경기 수원시 영통구 영통동 959-4,070-4833-3890,127.07220264982655,37.25326722548156,http://place.map.kakao.com/1951096389,2026-10-09 21:27:01
카카오맵,수원시,"음식점 > 일식 > 돈까스,우동",에가오카츠야,4.9,74,경기 수원시 장안구 파장로 4,경기 수원시 장안구 송죽동 444-15,031-246-7156,126.999828551401,37.3037817162937,http://place.map.kakao.com/934452219,2026-10-10 01:12:03
카카오맵,수원시,음식점 > 술집,2층술집,4.9,70,경기 수원시 팔달구 권광로187번길 38,경기 수원시 팔달구 인계동 1041-2,0502-5554-2875,127.030791961921,37.2650816889973,http://place.map.kakao.com/410812230,2026-10-09 20:20:41
카카오맵,수원시,음식점 > 양식,로렌스308 수원직영점,4.9,63,경기 수원시 팔달구 향교로 27-1,경기 수원시 팔달구 매산로2가 27-14,032-207-6610,127.003942614878,37.2686970027967,http://place.map.kakao.com/1179634085,2026-10-09 19:37:38
카카오맵,수원시,"음식점 > 한식 > 육류,고기 > 삼겹살",더바른식당 곡반정동점,4.9,55,경기 수원시 권선구 곡선로50번길 5-11,경기 수원시 권선구 곡반정동 563-4,0503-7152-9547,127.030436253091,37.2384054720895,http://place.map.kakao.com/312413520,2026-10-09 17:11:16
카카오맵,수원시,음식점 > 푸드코트,쭈반 스타필드수원점,4.9,49,경기 수원시 장안구 수성로 175,경기 수원시 장안구 정자동 111-14,010-4447-7859,126.9915748978535,37.2874456094506,http://place.map.kakao.com/1467681992,2026-10-09 23:37:15
카카오맵,수원시,"음식점 > 일식 > 초밥,롤",혼마초밥 화서역점,4.9,48,경기 수원시 팔달구 덕영대로697번길 7,경기 수원시 팔달구 화서동 644,031-242-0777,126.990590737106,37.284812699969,http://place.map.kakao.com/96291390,2026-10-09 23:35:55
카카오맵,수원시,"음식점 > 간식 > 제과,베이커리",라비도르,4.9,42,경기 수원시 권선구 금곡로212번길 25,경기 수원시 권선구 금곡동 1124,070-8691-2665,126.95432514308159,37.27326554618871,http://place.map.kakao.com/859543464,2026-10-09 16:40:26
카카오맵,수원시,"음식점 > 한식 > 육류,고기 > 닭요리 > 부막숯불닭갈비",부막숯불닭갈비 수원세류점,4.9,40,경기 수원시 권선구 세지로 70-2,경기 수원시 권선구 권선동 999-6,0507-1312-0238,127.017623754852,37.2581805936752,http://place.map.kakao.com/1853125331,2026-10-09 18:44:57
카카오맵,수원시,음식점 > 아시아음식 > 튀르키예음식,더케밥,4.9,39,경기 수원시 영통구 아주로 10-1,경기 수원시 영통구 원천동 27-3,031-548-1764,127.044203743287,37.275652960915,http://place.map.kakao.com/1492964266,2026-10-09 22:19:16
카카오맵,수원시,"음식점 > 한식 > 찌개,전골",호랑이굴 영통점,4.9,38,경기 수원시 영통구 청명남로28번길 20,경기 수원시 영통구 영통동 1009-2,070-7576-4376,127.07593185832303,37.25145830006074,http://place.map.kakao.com/1530550641,2026-10-09 21:31:31
카카오맵,수원시,음식점 > 양식 > 피자 > 피자스쿨,피자스쿨 수원연무점,4.9,35,경기 수원시 장안구 창훈로 3-2,경기 수원시 장안구 연무동 246-17,031-255-5082,127.0308540101748,37.2928111744135,http://place.map.kakao.com/11223043,2026-10-10 00:44:34
카카오맵,수원시,"음식점 > 일식 > 초밥,롤",다정초밥,4.9,33,경기 수원시 권선구 금호로 83-8,경기 수원시 권선구 금곡동 1141,010-9467-0441,126.95902735871334,37.27223557530411,http://place.map.kakao.com/575503176,2026-10-09 16:36:18
카카오맵,수원시,음식점 > 한식 > 국수 > 칼국수,석촌칼국수보리밥 수원권선점,4.9,32,경기 수원시 권선구 세권로304번길 62,경기 수원시 권선구 권선동 1296-7,031-222-9129,127.0355873421245,37.24970944988088,http://place.map.kakao.com/487191904,2026-10-09 17:33:19
카카오맵,수원시,"음식점 > 한식 > 육류,고기 > 삼겹살",아부지하면돼지,4.9,29,경기 수원시 영통구 영통로153번길 36-4,경기 수원시 영통구 망포동 296-12,070-4045-0683,127.053335332387,37.2416699708983,http://place.map.kakao.com/1013400467,2026-10-09 17:31:53
카카오맵,수원시,"음식점 > 간식 > 제과,베이커리",하품스베이크,4.9,28,경기 수원시 영통구 법조로149번길 75,경기 수원시 영통구 하동 958-3,,127.069572216207,37.2941850497868,http://place.map.kakao.com/1437086450,2026-10-10 02:25:29
카카오맵,수원시,"음식점 > 한식 > 육류,고기",간사이등심 3층,4.9,27,경기 수원시 영통구 효원로 393,경기 수원시 영통구 매탄동 1267-6,031-212-8680,127.044846760786,37.2590906737341,http://place.map.kakao.com/464836233,2026-10-09 21:04:52
카카오맵,수원시,음식점 > 한식,덴포,4.9,26,경기 수원시 영통구 매탄로100번길 17,경기 수원시 영통구 매탄동 1263-4,0503-7150-9072,127.044179665858,37.2595315344575,http://place.map.kakao.com/1690812365,2026-10-09 21:06:02
카카오맵,수원시,음식점 > 한식 > 국밥,늘이맛콩나물국밥국수 경기대광교점,4.9,25,경기 수원시 영통구 대학로 34,경기 수원시 영통구 이의동 1258,031-211-6500,127.043671670155,37.2992792894682,http://place.map.kakao.com/328019610,2026-10-10 02:30:14
카카오맵,수원시,"음식점 > 한식 > 육류,고기",권선화로,4.9,24,경기 수원시 권선구 세지로82번길 38,경기 수원시 권선구 권선동 995-9,010-6350-8845,127.0200203960714,37.25841898909841,http://place.map.kakao.com/2052578711,2026-10-09 18:48:00
카카오맵,수원시,음식점 > 치킨 > 쌀통닭,쌀통닭 매탄점,4.9,24,경기 수원시 영통구 매원로12번길 34,경기 수원시 영통구 매탄동 208-66,031-212-5235,127.04653802068049,37.265128807087045,http://place.map.kakao.com/817033753,2026-10-09 22:02:12
카카오맵,수원시,음식점 > 간식 > 초콜릿,그린게이블스,4.9,23,경기 수원시 영통구 센트럴파크로128번길 14,경기 수원시 영통구 이의동 1297,,127.056914672853,37.2954748902394,http://place.map.kakao.com/570532903,2026-10-10 02:33:57
카카오맵,수원시,음식점 > 아시아음식 > 동남아음식 > 베트남음식,반미업,4.9,23,경기 수원시 영통구 덕영대로 1689,경기 수원시 영통구 영통동 1024-1,031-273-2268,127.07609173976581,37.24791979708517,http://place.map.kakao.com/1339999066,2026-10-09 17:57:35
카카오맵,수원시,음식점 > 아시아음식 > 동남아음식 > 베트남음식,까몬 영통점,4.9,22,경기 수원시 영통구 청명남로28번길 2,경기 수원시 영통구 영통동 1009-1,070-8880-3198,127.07516587332528,37.251952560818175,http://place.map.kakao.com/1510206080,2026-10-09 21:35:36
카카오맵,수원시,음식점 > 중식 > 중국요리,제이포차이나,4.9,22,경기 수원시 장안구 장안로314번길 1,경기 수원시 장안구 파장동 568-11,031-271-7767,126.98865532922528,37.30953608743152,http://place.map.kakao.com/650478113,2026-10-09 23:29:45
카카오맵,수원시,"음식점 > 일식 > 돈까스,우동",복동 영화2호점,4.9,21,경기 수원시 장안구 장안로53번길 36,경기 수원시 장안구 영화동 400-10,031-251-5007,127.002332134942,37.2886118301488,http://place.map.kakao.com/2138107316,2026-10-09 23:54:19
카카오맵,수원시,음식점 > 치킨,코랜드치킨 원천점,4.9,21,경기 수원시 영통구 동수원로537번길 58,경기 수원시 영통구 원천동 72-82,031-212-7391,127.04590703465922,37.274980136548876,http://place.map.kakao.com/10823508,2026-10-09 22:18:10
카카오맵,수원시,음식점 > 한식,고흥계절쌈가,4.9,20,경기 수원시 권선구 장다리로 90-1,경기 수원시 권선구 권선동 987-14,,127.021427181286,37.2582304248773,http://place.map.kakao.com/450073587,2026-10-09 18:50:31
카카오맵,수원시,"음식점 > 한식 > 육류,고기",맛에반할소,4.9,19,경기 수원시 권선구 매송고색로 634-23,경기 수원시 권선구 고색동 914-18,031-227-2250,126.97340078617,37.2457174792147,http://place.map.kakao.com/1211554745,2026-10-09 16:04:01
카카오맵,수원시,음식점 > 일식 > 참치회,시장회초밥 수원참치,4.9,19,경기 수원시 장안구 월드컵로 433-1,경기 수원시 장안구 연무동 251-15,010-3201-0116,127.02494697107824,37.293755052239035,http://place.map.kakao.com/1360437659,2026-10-10 00:42:34
카카오맵,수원시,음식점 > 아시아음식,님토,4.9,18,경기 수원시 팔달구 매산로 21-7,경기 수원시 팔달구 매산로1가 42-2,,127.00354234375,37.2679653697431,http://place.map.kakao.com/1406974570,2026-10-09 19:39:15
카카오맵,수원시,"음식점 > 간식 > 제과,베이커리",라쿠키테리아,4.9,18,경기 수원시 팔달구 권광로348번길 24,경기 수원시 팔달구 우만동 111-4,,127.039306694576,37.277475690435,http://place.map.kakao.com/1861378860,2026-10-09 22:21:22
카카오맵,수원시,"음식점 > 한식 > 육류,고기",미방 수원인계점,4.9,18,경기 수원시 팔달구 인계로166번길 48-21,경기 수원시 팔달구 인계동 1119,0502-5551-8182,127.03355048862234,37.26472773094926,http://place.map.kakao.com/772091225,2026-10-09 19:18:27
카카오맵,수원시,"음식점 > 간식 > 제과,베이커리",빵마망,4.9,18,경기 수원시 팔달구 화서문로16번길 3,경기 수원시 팔달구 신풍동 116-1,,127.010120851039,37.2850333958054,http://place.map.kakao.com/2110430138,2026-10-09 23:42:25
카카오맵,수원시,"음식점 > 간식 > 제과,베이커리",써니빵집,4.9,18,경기 수원시 장안구 정조로1060번길 11-2,경기 수원시 장안구 송죽동 461-21,010-7282-0155,127.0057749007,37.301035216852,http://place.map.kakao.com/529088129,2026-10-10 00:59:26
카카오맵,수원시,음식점 > 술집 > 일본식주점,염원,4.9,18,경기 수원시 영통구 센트럴파크로127번길 80-14,경기 수원시 영통구 이의동 1305-1,070-4792-5319,127.05090383972,37.2945216273624,http://place.map.kakao.com/363990600,2026-10-10 02:04:37
카카오맵,수원시,음식점 > 간식 > 도넛,경성꽈배기 팔달문점,4.9,17,경기 수원시 팔달구 정조로 787-2,경기 수원시 팔달구 팔달로2가 84-3,031-244-5888,127.01655277613895,37.27845688518582,http://place.map.kakao.com/430022057,2026-10-09 20:40:47
카카오맵,수원시,"음식점 > 한식 > 육류,고기 > 삼겹살",왕돌판생삼겹,4.9,17,경기 수원시 영통구 대학1로58번길 10,경기 수원시 영통구 이의동 1262-3,031-215-8666,127.045528029906,37.2990515286793,http://place.map.kakao.com/1776192293,2026-10-10 02:31:34
카카오맵,수원시,음식점 > 한식 > 감자탕,종로감자탕 순대국 수원광교점,4.9,17,경기 수원시 영통구 대학1로54번길 16,경기 수원시 영통구 이의동 1261-5,031-304-0666,127.044912224394,37.2990805971363,http://place.map.kakao.com/1202338191,2026-10-10 02:31:37
카카오맵,수원시,"음식점 > 한식 > 육류,고기",짱구네 왕뚜껑삼겹살 호매실점,4.9,17,경기 수원시 권선구 금호로 73-9,경기 수원시 권선구 금곡동 1137-1,031-291-9992,126.958624406164,37.2709829882515,http://place.map.kakao.com/362640193,2026-10-09 16:35:15
카카오맵,수원시,"음식점 > 술집 > 호프,요리주점",하와이지 인계점,4.9,17,경기 수원시 팔달구 효원로249번길 46-8,경기 수원시 팔달구 인계동 1043-14,,127.030310217289,37.2641933858575,http://place.map.kakao.com/10951278,2026-10-09 19:12:05
카카오맵,수원시,음식점 > 치킨,농장통닭 파장본점,4.9,16,경기 수원시 장안구 파장로 116-4,경기 수원시 장안구 파장동 570-16,031-252-3174,126.98930179733686,37.308810814231826,http://place.map.kakao.com/1006700557,2026-10-09 23:29:58
카카오맵,수원시,음식점 > 치킨 > 맛닭꼬,맛닭꼬 영통점,4.9,16,경기 수원시 영통구 봉영로 1613,경기 수원시 영통구 영통동 958-3,031-206-3492,127.07383656583639,37.25504397665497,http://place.map.kakao.com/27233377,2026-10-09 21:47:37
카카오맵,수원시,"음식점 > 간식 > 제과,베이커리",모어 브레드,4.9,16,경기 수원시 영통구 법조로 25,경기 수원시 영통구 하동 1016,,127.060179002735,37.2874792677592,http://place.map.kakao.com/1965738674,2026-10-10 02:11:59
카카오맵,수원시,"음식점 > 한식 > 육류,고기 > 닭요리",무한리필닭갈비 경기대점,4.9,16,경기 수원시 장안구 창훈로 71,경기 수원시 장안구 연무동 212-9,031-241-8383,127.028038593456,37.2976513465993,http://place.map.kakao.com/1635742776,2026-10-10 01:37:17
카카오맵,수원시,음식점 > 아시아음식 > 동남아음식 > 베트남음식,벱비엣,4.9,16,경기 수원시 영통구 도청로89번길 31,경기 수원시 영통구 이의동 1347-2,031-895-5561,127.047572489724,37.2894808055911,http://place.map.kakao.com/1420015225,2026-10-10 01:51:31
카카오맵,수원시,음식점 > 아시아음식 > 동남아음식 > 베트남음식,슈퍼,4.9,16,경기 수원시 장안구 경수대로927번길 12-4,경기 수원시 장안구 송죽동 499-7,0502-5553-8112,127.00823378784672,37.301427022193394,http://place.map.kakao.com/353184417,2026-10-10 01:02:44
카카오맵,수원시,음식점 > 분식,아롤도그 아주대점,4.9,16,경기 수원시 팔달구 아주로 47,경기 수원시 팔달구 우만동 573-1,0503-7150-1308,127.04349198230587,37.279070869517824,http://place.map.kakao.com/1824463745,2026-10-09 22:30:30
카카오맵,수원시,음식점 > 양식,오무란,4.9,16,경기 수원시 영통구 덕영대로 1470,경기 수원시 영통구 망포동 41-51,,127.05120295859788,37.24493900314542,http://place.map.kakao.com/2023475089,2026-10-09 17:38:09
카카오맵,수원시,음식점 > 한식 > 국수,칠보국수,4.9,16,경기 수원시 권선구 호매실로104번길 18,경기 수원시 권선구 호매실동 1406,070-7500-7261,126.962478558572,37.2563648633159,http://place.map.kakao.com/2088133896,2026-10-09 16:17:32
카카오맵,수원시,"음식점 > 한식 > 육류,고기 > 곱창,막창",깨비막창,4.9,15,경기 수원시 팔달구 수성로157번길 57-21,경기 수원시 팔달구 화서동 683-1,031-546-0002,126.98791080323517,37.288528340225874,http://place.map.kakao.com/1447900201,2026-10-09 22:58:39
카카오맵,수원시,"음식점 > 술집 > 호프,요리주점",맥주호텔 성균관대역본점,4.9,15,경기 수원시 장안구 서부로2105번길 12,경기 수원시 장안구 율전동 433-95,031-278-2220,126.969712768054,37.296868692359,http://place.map.kakao.com/657698900,2026-10-09 23:02:33
카카오맵,수원시,"음식점 > 간식 > 제과,베이커리",비건비긴즈,4.9,15,경기 수원시 영통구 센트럴타운로 106,경기 수원시 영통구 이의동 1322-5,,127.05015265821,37.2927351905744,http://place.map.kakao.com/114136833,2026-10-10 02:03:11
카카오맵,수원시,"음식점 > 한식 > 육류,고기 > 곱창,막창",우랑돼랑곱창,4.9,15,경기 수원시 팔달구 팔달문로163번길 7,경기 수원시 팔달구 우만동 530-15,031-232-8038,127.033629861684,37.2834990869941,http://place.map.kakao.com/1788346920,2026-10-10 00:23:51
카카오맵,수원시,음식점 > 양식,웅파이 권선점,4.9,15,경기 수원시 권선구 덕영대로1201번길 8,경기 수원시 권선구 권선동 1193-1,031-233-2751,127.02257891190871,37.24953333708483,http://place.map.kakao.com/896523045,2026-10-09 17:20:58
카카오맵,수원시,음식점 > 술집 > 일본식주점,이자카야 배코 영통본점,4.9,15,경기 수원시 영통구 청명북로7번길 15,경기 수원시 영통구 영통동 1035-3,0503-7154-4458,127.07837119122,37.2526776249833,http://place.map.kakao.com/663573182,2026-10-09 21:43:53
카카오맵,수원시,"음식점 > 간식 > 제과,베이커리 > 파리바게뜨",파리바게뜨 수원정자1동점,4.9,15,경기 수원시 장안구 만석로 99,경기 수원시 장안구 정자동 333-5,031-269-8242,126.99218041660852,37.2989230694451,http://place.map.kakao.com/21243201,2026-10-10 00:53:19
카카오맵,수원시,음식점 > 샐러드,그린포유 인계점,4.9,14,경기 수원시 팔달구 권광로 184,경기 수원시 팔달구 인계동 1120,031-223-1110,127.0331025542305,37.263884481656476,http://place.map.kakao.com/1684066366,2026-10-09 19:15:37
카카오맵,수원시,음식점 > 한식 > 국수,너구리국수,4.9,14,경기 수원시 권선구 금호로 64-4,경기 수원시 권선구 호매실동 80-4,031-297-5592,126.958476152756,37.26994223384872,http://place.map.kakao.com/1909268653,2026-10-09 16:33:36
카카오맵,수원시,음식점 > 분식 > 떡볶이,레알떡볶이,4.9,14,경기 수원시 영통구 봉영로 1623,경기 수원시 영통구 영통동 958-1,,127.07463431005384,37.25585171231367,http://place.map.kakao.com/633738667,2026-10-09 21:51:04
카카오맵,수원시,"음식점 > 간식 > 제과,베이커리",마이오븐베이크샵 영통시골집,4.9,14,경기 수원시 영통구 청명남로4번길 5-14,경기 수원시 영통구 영통동 1001-2,031-308-4720,127.074293322294,37.2506871448171,http://place.map.kakao.com/1833990014,2026-10-09 21:24:40
카카오맵,수원시,음식점 > 양식,스모크하우스512,4.9,14,경기 수원시 영통구 센트럴타운로 106,경기 수원시 영통구 이의동 1322-5,031-214-8292,127.050157171148,37.2927378917651,http://place.map.kakao.com/1739030279,2026-10-10 02:02:48
카카오맵,수원시,음식점 > 양식,오노레,4.9,14,경기 수원시 팔달구 창룡대로7번길 22,경기 수원시 팔달구 북수동 295,0507-1441-5460,127.01779188656583,37.28285377877855,http://place.map.kakao.com/382136746,2026-10-10 00:11:17
카카오맵,수원시,"음식점 > 한식 > 육류,고기 > 갈비",왕소녀매운갈비찜 수원본점,4.9,14,경기 수원시 팔달구 동말로 46-3,경기 수원시 팔달구 화서동 175-23,031-302-9111,126.99908102634662,37.278572470972755,http://place.map.kakao.com/21228963,2026-10-09 19:56:24
카카오맵,수원시,"음식점 > 간식 > 제과,베이커리",유현당,4.9,14,경기 수원시 영통구 광교중앙로248번길 7-2,경기 수원시 영통구 하동 989,031-211-1984,127.06727128605768,37.291424699627946,http://place.map.kakao.com/1146140559,2026-10-10 02:19:11
카카오맵,수원시,음식점 > 분식,이음김밥 본점,4.9,14,경기 수원시 영통구 센트럴타운로 107,경기 수원시 영통구 이의동 1331,031-8031-5050,127.04903533726204,37.291483216188496,http://place.map.kakao.com/552279660,2026-10-10 01:57:53
카카오맵,수원시,"음식점 > 한식 > 육류,고기 > 갈비",진포숯불돼지갈비,4.9,14,경기 수원시 장안구 금당로9번길 74,경기 수원시 장안구 조원동 851-2,031-256-9202,127.01307525075,37.3040080552368,http://place.map.kakao.com/13013231,2026-10-10 01:41:46
카카오맵,수원시,"음식점 > 간식 > 제과,베이커리 > 코코호도",코코호도 영통역점,4.9,14,경기 수원시 영통구 매영로345번길 7,경기 수원시 영통구 영통동 961-6,031-205-1303,127.071184487521,37.2529452683476,http://place.map.kakao.com/26941054,2026-10-09 21:26:29
카카오맵,수원시,"음식점 > 술집 > 호프,요리주점",팔달수제맥주,4.9,14,경기 수원시 영통구 동수원로537번길 57,경기 수원시 영통구 원천동 28-25,0502-5553-7689,127.04582236790512,37.27481077373951,http://place.map.kakao.com/27463463,2026-10-09 22:18:07
카카오맵,수원시,음식점 > 양식,핑크페퍼,4.9,14,경기 수원시 팔달구 화서문로45번길 6-5,경기 수원시 팔달구 장안동 136,0503-7152-2187,127.013120558491,37.2856178755728,http://place.map.kakao.com/1805221944,2026-10-10 00:13:58
카카오맵,수원시,"음식점 > 한식 > 육류,고기 > 닭요리",황금진닭발,4.9,14,경기 수원시 영통구 광교중앙로37번길 13,경기 수원시 영통구 원천동 571-1,031-212-9255,127.050842464333,37.278732753941,http://place.map.kakao.com/250870048,2026-10-09 22:35:28
카카오맵,수원시,"음식점 > 한식 > 육류,고기 > 닭요리",개수리막국수&산골닭갈비 수원구운점,4.9,13,경기 수원시 권선구 금호로 155,경기 수원시 권선구 구운동 641,,126.966970700079,37.2742635975029,http://place.map.kakao.com/733237707,2026-10-09 16:48:33
카카오맵,수원시,음식점 > 샤브샤브 > 청록미나리식당,청록미나리식당 수원영통점,4.9,13,경기 수원시 영통구 매영로 416,경기 수원시 영통구 영통동 1022-1,070-8860-0516,127.07738856670814,37.24854698456465,http://place.map.kakao.com/1669123284,2026-10-09 18:00:46
카카오맵,수원시,"음식점 > 한식 > 육류,고기",가능골 생고기돼지천국,4.9,12,경기 수원시 권선구 세지로42번길 49,경기 수원시 권선구 세류동 1082-9,031-223-1620,127.019086195076,37.2551780907801,http://place.map.kakao.com/16174382,2026-10-09 18:25:11
카카오맵,수원시,"음식점 > 한식 > 해물,생선",금곡회관,4.9,12,경기 수원시 권선구 금곡로197번길 18-20,경기 수원시 권선구 금곡동 1113-1,031-546-3518,126.95254287160176,37.27458486957199,http://place.map.kakao.com/1585780150,2026-10-09 16:42:45
카카오맵,수원시,"음식점 > 한식 > 육류,고기",돈천년 수원역전점,4.9,12,경기 수원시 팔달구 매산로 2-10,경기 수원시 팔달구 매산로1가 57-3,031-256-4077,127.00202930425,37.2662480198804,http://place.map.kakao.com/7832788,2026-10-09 19:31:04
카카오맵,수원시,음식점 > 양식,셈프레베네,4.9,12,경기 수원시 팔달구 효원로235번길 53,경기 수원시 팔달구 인계동 1025-3,031-235-2580,127.02831973055642,37.26534721250102,http://place.map.kakao.com/743890057,2026-10-09 20:13:37
카카오맵,수원시,음식점 > 한식 > 순대,순창할매순대족발 호매실본점,4.9,12,경기 수원시 권선구 노림로15번길 3,경기 수원시 권선구 호매실동 404-12,031-297-5418,126.954249911547,37.2671618644115,http://place.map.kakao.com/844250866,2026-10-09 16:29:12
카카오맵,수원시,음식점 > 한식 > 국수 > 칼국수,엄마홍두깨칼국수,4.9,12,경기 수원시 권선구 세권로181번길 30-1,경기 수원시 권선구 권선동 1053-14,,127.024833389212,37.2569899241201,http://place.map.kakao.com/1443551013,2026-10-09 18:40:04
카카오맵,수원시,"음식점 > 한식 > 육류,고기 > 닭요리",첫골목,4.9,12,경기 수원시 장안구 조원로89번길 13,경기 수원시 장안구 조원동 742-23,0502-5551-5562,127.01552556549481,37.30045317083184,http://place.map.kakao.com/1719398782,2026-10-10 01:32:08
카카오맵,수원시,음식점 > 샐러드 > 포케올데이,포케올데이 아주대점,4.9,12,경기 수원시 팔달구 아주로 37,경기 수원시 팔달구 우만동 575-1,031-213-1222,127.0436312699238,37.27814815343205,http://place.map.kakao.com/1204292820,2026-10-09 22:28:27
카카오맵,수원시,음식점 > 치킨 > 가마치통닭,가마치통닭 권선점,4.9,11,경기 수원시 권선구 덕영대로 1205,경기 수원시 권선구 권선동 1193-2,031-224-3669,127.02253148769762,37.24925041818236,http://place.map.kakao.com/234404205,2026-10-09 17:21:07
카카오맵,수원시,"음식점 > 한식 > 육류,고기 > 삼겹살",금성냉삼,4.9,11,경기 수원시 팔달구 권광로180번길 46,경기 수원시 팔달구 인계동 1122,031-224-0392,127.035240684703,37.2628891139311,http://place.map.kakao.com/1335530351,2026-10-09 21:10:01
카카오맵,수원시,"음식점 > 한식 > 해물,생선 > 게,대게",대림수산,4.9,11,경기 수원시 장안구 장안로 86,경기 수원시 장안구 정자동 71-6,031-251-2253,127.00242809813352,37.29192854969854,http://place.map.kakao.com/16803903,2026-10-10 00:02:12
카카오맵,수원시,음식점 > 분식,모락만두,4.9,11,경기 수원시 권선구 금호로15번길 15,경기 수원시 권선구 금곡동 262-10,031-297-0425,126.95344838438233,37.26889966097262,http://place.map.kakao.com/1502464223,2026-10-09 16:31:28
카카오맵,수원시,"음식점 > 간식 > 제과,베이커리",바론빵집,4.9,11,경기 수원시 권선구 금곡로 116,경기 수원시 권선구 금곡동 1085-4,031-294-0906,126.943042939521,37.27390399869,http://place.map.kakao.com/412145337,2026-10-09 16:15:42
카카오맵,수원시,음식점 > 한식 > 국밥,정성할매순대국,4.9,11,경기 수원시 권선구 정조로 541-1,경기 수원시 권선구 세류동 466-3,031-232-6555,127.011441714687,37.2576118932377,http://place.map.kakao.com/2085232673,2026-10-09 18:10:59
카카오맵,수원시,"음식점 > 술집 > 호프,요리주점",제프네,4.9,11,경기 수원시 영통구 청명남로 52,경기 수원시 영통구 영통동 1038-2,0507-1385-9456,127.077001789688,37.2539156562807,http://place.map.kakao.com/2013244151,2026-10-09 21:49:06
카카오맵,수원시,음식점 > 중식 > 양꼬치,줘마양꼬치구이,4.9,11,경기 수원시 영통구 인계로270번길 3,경기 수원시 영통구 매탄동 871-14,031-213-2234,127.046983421951,37.2634562971346,http://place.map.kakao.com/1643216822,2026-10-09 21:18:18
카카오맵,수원시,음식점 > 아시아음식 > 동남아음식 > 베트남음식,하노이 푸드,4.9,11,경기 수원시 팔달구 화서문로 24-1,경기 수원시 팔달구 신풍동 116-3,0502-5550-5811,127.01056512787665,37.28484954503512,http://place.map.kakao.com/360384596,2026-10-09 23:43:18
카카오맵,수원시,음식점 > 한식 > 곰탕,호오정,4.9,11,경기 수원시 영통구 광교호수공원로 20,경기 수원시 영통구 원천동 605,,127.060224524804,37.2710154469831,http://place.map.kakao.com/208066463,2026-10-09 22:39:57
카카오맵,수원시,음식점 > 한식 > 국수 > 칼국수,고향칼국수,4.9,10,경기 수원시 팔달구 덕영대로735번길 55,경기 수원시 팔달구 화서동 245-1,031-242-2441,126.99470575324602,37.282598201276286,http://place.map.kakao.com/602205220,2026-10-09 23:33:36
카카오맵,수원시,"음식점 > 한식 > 육류,고기",꾸석지돌판한우 장안구청점,4.9,10,경기 수원시 장안구 송원로 84,경기 수원시 장안구 조원동 752-22,0507-1372-7285,127.00998889791579,37.301975618253934,http://place.map.kakao.com/1648825632,2026-10-10 01:06:07
카카오맵,수원시,음식점 > 분식,내포만두,4.9,10,경기 수원시 권선구 정조로 506,경기 수원시 권선구 세류동 1028-5,031-224-6652,127.011452492437,37.2543429067726,http://place.map.kakao.com/845897819,2026-10-09 18:03:13
카카오맵,수원시,음식점 > 한식,노랑냄비와석쇠구이집,4.9,10,경기 수원시 장안구 서부로2123번길 16,경기 수원시 장안구 율전동 292-8,031-293-3492,126.970267077668,37.29837176264778,http://place.map.kakao.com/2119673908,2026-10-09 23:07:34
카카오맵,수원시,"음식점 > 한식 > 육류,고기 > 족발,보쌈",육감만족 수원만석공원점,4.9,10,경기 수원시 장안구 정조로 1102,경기 수원시 장안구 송죽동 448-21,031-258-9212,127.001894943077,37.303178908065,http://place.map.kakao.com/2108028209,2026-10-10 01:21:47
카카오맵,수원시,음식점 > 한식 > 해장국,일등양평해장국,4.9,10,경기 수원시 권선구 매송고색로794번길 249,경기 수원시 권선구 고색동 327-1,031-298-0428,126.990490044056,37.2426123799014,http://place.map.kakao.com/1515795801,2026-10-09 17:07:54
카카오맵,수원시,"음식점 > 한식 > 육류,고기 > 닭요리",춘천에서왔어요닭갈비,4.9,10,경기 수원시 영통구 매탄로168번길 13,경기 수원시 영통구 매탄동 208-68,031-214-4340,127.046272039756,37.2652586613748,http://place.map.kakao.com/23521580,2026-10-09 22:02:21
카카오맵,수원시,음식점 > 치킨,후라이드킹,4.9,10,경기 수원시 영통구 에듀타운로106번길 46,경기 수원시 영통구 이의동 1349,031-8019-8843,127.04681094640569,37.29078401032091,http://place.map.kakao.com/1454074255,2026-10-10 01:51:27
카카오맵,수원시,"음식점 > 한식 > 육류,고기 > 닭요리",신림춘천집 수원역직영점,4.8,2000,경기 수원시 팔달구 향교로 48,경기 수원시 팔달구 매산로2가 43-1,031-248-1998,127.00610844253754,37.26917896802816,http://place.map.kakao.com/883960674,2026-10-09 19:48:12
카카오맵,수원시,"음식점 > 한식 > 육류,고기 > 닭요리",신림춘천집 나혜석거리점,4.8,1163,경기 수원시 팔달구 권광로 184,경기 수원시 팔달구 인계동 1120,031-222-1998,127.033730493835,37.2638897106761,http://place.map.kakao.com/1707397684,2026-10-09 19:16:18
카카오맵,수원시,음식점 > 술집 > 일본식주점 > 야키토리잔잔,야키토리잔잔 광교점,4.8,389,경기 수원시 영통구 법조로 38,경기 수원시 영통구 하동 1019,070-4248-3470,127.06317132843118,37.286748768470865,http://place.map.kakao.com/1701611733,2026-10-10 02:13:42
카카오맵,수원시,음식점 > 술집 > 일본식주점 > 야키토리잔잔,야키토리잔잔 나혜석본점,4.8,386,경기 수원시 팔달구 권광로188번길 18,경기 수원시 팔달구 인계동 1120-3,031-223-0876,127.033919863763,37.2638319898759,http://place.map.kakao.com/1013683930,2026-10-09 19:16:21
카카오맵,수원시,음식점 > 한식 > 한정식,이교수한정식,4.8,360,경기 수원시 팔달구 권광로285번길 9,경기 수원시 팔달구 인계동 370-25,031-215-5556,127.03550667949088,37.27237069491733,http://place.map.kakao.com/331242061,2026-10-09 21:58:55
카카오맵,수원시,"음식점 > 술집 > 호프,요리주점",손에손잡고 광교직영점,4.8,268,경기 수원시 영통구 센트럴파크로 6,경기 수원시 영통구 하동 1021,0507-1374-9447,127.063849788231,37.2862591404927,http://place.map.kakao.com/363789112,2026-10-10 02:13:35
카카오맵,수원시,"음식점 > 한식 > 육류,고기",이층고깃집 수원영통점,4.8,181,경기 수원시 영통구 삼성로168번길 17-1,경기 수원시 영통구 매탄동 436-45,031-212-4615,127.057513455949,37.2583012911093,http://place.map.kakao.com/659644104,2026-10-09 21:51:56
카카오맵,수원시,"음식점 > 양식 > 스테이크,립",마초 스테이크 수원직영점,4.8,170,경기 수원시 팔달구 권광로180번길 50,경기 수원시 팔달구 인계동 1122-14,070-4156-1111,127.035415376986,37.2627917492258,http://place.map.kakao.com/530094020,2026-10-09 21:09:44
카카오맵,수원시,음식점 > 양식,블루오즈,4.8,121,경기 수원시 영통구 센트럴파크로127번길 114,경기 수원시 영통구 이의동 1321-9,070-8711-4746,127.0535648378721,37.29361851450722,http://place.map.kakao.com/626044233,2026-10-10 02:05:17
카카오맵,수원시,"음식점 > 술집 > 호프,요리주점",작은바와 서양면집 성대역본점,4.8,116,경기 수원시 장안구 화산로213번길 11,경기 수원시 장안구 율전동 288-2,0502-5552-9234,126.97285643009548,37.299034646883165,http://place.map.kakao.com/770517610,2026-10-09 23:17:16
카카오맵,수원시,음식점 > 일식,좋은소식,4.8,112,경기 수원시 영통구 매영로269번길 43,경기 수원시 영통구 영통동 48,0507-1307-1228,127.06708472482539,37.25911800605465,http://place.map.kakao.com/234300210,2026-10-09 21:54:10
카카오맵,수원시,음식점 > 일식,나츠비 율전동본점,4.8,107,경기 수원시 장안구 서부로2106번길 22,경기 수원시 장안구 율전동 433-61,0502-5550-3314,126.971578133614,37.2971214453979,http://place.map.kakao.com/1460865891,2026-10-09 23:09:20
카카오맵,수원시,"음식점 > 한식 > 육류,고기 > 족발,보쌈 > 더맛있는족발보쌈",더맛있는족발보쌈 수원인계점,4.8,107,경기 수원시 팔달구 권광로124번길 27,경기 수원시 팔달구 인계동 1132-21,031-224-3392,127.03240693488182,37.2585270750345,http://place.map.kakao.com/1898892297,2026-10-09 19:02:57
카카오맵,수원시,음식점 > 한식,휘얼 아주대점,4.8,97,경기 수원시 영통구 아주로 6-3,경기 수원시 영통구 원천동 27-7,031-211-1202,127.044358141038,37.2755267575262,http://place.map.kakao.com/1802054697,2026-10-09 22:19:06
카카오맵,수원시,음식점 > 한식,달달한부엌,4.8,83,경기 수원시 팔달구 화서문로48번길 38,경기 수원시 팔달구 신풍동 134-2,010-4248-5369,127.014039277991,37.2837886610022,http://place.map.kakao.com/2010714657,2026-10-10 00:13:20
카카오맵,수원시,음식점 > 아시아음식 > 동남아음식 > 태국음식,연하포차나,4.8,73,경기 수원시 팔달구 화서문로32번길 25-6,경기 수원시 팔달구 신풍동 103-1,,127.01253957597906,37.28424835930711,http://place.map.kakao.com/851207761,2026-10-10 00:12:53
카카오맵,수원시,음식점 > 한식 > 승도리네 곱도리탕,승도리네곱도리탕 영통점,4.8,65,경기 수원시 영통구 청명남로34번길 21,경기 수원시 영통구 영통동 1011-5,031-204-6248,127.07683989344649,37.252110971064184,http://place.map.kakao.com/130601727,2026-10-09 21:38:40
카카오맵,수원시,음식점 > 한식 > 국밥,천년수육국밥,4.8,65,경기 수원시 팔달구 경수대로466번길 52,경기 수원시 팔달구 인계동 1034-3,,127.029833191765,37.2666659660405,http://place.map.kakao.com/143123330,2026-10-09 20:22:20
카카오맵,수원시,음식점 > 술집 > 칵테일바,디테일바,4.8,63,경기 수원시 팔달구 화서문로 26-2,경기 수원시 팔달구 신풍동 112-19,0507-1359-0737,127.01069027399,37.2846720291264,http://place.map.kakao.com/925639902,2026-10-09 23:42:22
카카오맵,수원시,음식점 > 일식 > 일식집,카츠부리,4.8,63,경기 수원시 영통구 동수원로537번길 36-9,경기 수원시 영통구 원천동 72,0502-5550-0522,127.04721949508,37.2750210681795,http://place.map.kakao.com/61270481,2026-10-09 22:33:15
카카오맵,수원시,"음식점 > 한식 > 육류,고기 > 닭요리",번라이스영계 북수원점,4.8,62,경기 수원시 장안구 이목로74번길 1,경기 수원시 장안구 파장동 555-11,031-268-3063,126.989382656677,37.3113607509563,http://place.map.kakao.com/27474541,2026-10-09 23:31:17
카카오맵,수원시,"음식점 > 한식 > 육류,고기 > 닭요리",숯닭무 호매실점,4.8,60,경기 수원시 권선구 금곡로102번길 49-24,경기 수원시 권선구 금곡동 1089,031-233-5592,126.94223081474541,37.27284848659872,http://place.map.kakao.com/1270175964,2026-10-09 16:14:29
카카오맵,수원시,"음식점 > 한식 > 해물,생선 > 회",바다로간코끼리꼬창,4.8,59,경기 수원시 장안구 장안로 24,경기 수원시 장안구 영화동 425-4,070-7808-4333,127.00608960353561,37.28724031585088,http://place.map.kakao.com/1559330117,2026-10-09 23:40:13
카카오맵,수원시,"음식점 > 일식 > 돈까스,우동",솜솜카츠 수원역점,4.8,56,경기 수원시 팔달구 향교로 3-2,경기 수원시 팔달구 매산로1가 16-10,,127.001627983806,37.2676806824029,http://place.map.kakao.com/440746040,2026-10-09 19:34:13
카카오맵,수원시,"음식점 > 한식 > 육류,고기 > 닭요리",송죽닭갈비,4.8,52,경기 수원시 장안구 정조로1088번길 24,경기 수원시 장안구 송죽동 459-1,031-255-2593,127.00391733713491,37.303053614362376,http://place.map.kakao.com/149733486,2026-10-10 01:21:13
카카오맵,수원시,"음식점 > 한식 > 찌개,전골",홍고집부대찌개 호매실점,4.8,50,경기 수원시 권선구 호매실로104번길 23-21,경기 수원시 권선구 호매실동 1410-3,031-293-7737,126.961755018889,37.2560663864854,http://place.map.kakao.com/213044670,2026-10-09 16:17:29
카카오맵,수원시,"음식점 > 한식 > 찌개,전골",미원식당,4.8,47,경기 수원시 팔달구 경수대로616번길 33,경기 수원시 팔달구 우만동 554-10,031-217-2139,127.032308410595,37.2812189244935,http://place.map.kakao.com/9770696,2026-10-10 00:23:08
카카오맵,수원시,음식점 > 양식,라프란스,4.8,46,경기 수원시 장안구 팔달로316번길 15,경기 수원시 장안구 영화동 118-8,010-6393-3845,127.01923971372,37.2914719867623,http://place.map.kakao.com/843611556,2026-10-10 00:39:51
카카오맵,수원시,"음식점 > 술집 > 호프,요리주점",백사104 성균관대역본점,4.8,46,경기 수원시 장안구 화산로233번길 61,경기 수원시 장안구 율전동 433-80,070-4007-1912,126.97016383106484,37.297061628865684,http://place.map.kakao.com/86582844,2026-10-09 23:04:46
카카오맵,수원시,음식점 > 양식 > 햄버거,포런버거,4.8,45,경기 수원시 장안구 만석로19번길 11-7,경기 수원시 장안구 천천동 528-3,070-8285-7371,126.98323482572232,37.295573886538456,http://place.map.kakao.com/1691779700,2026-10-09 23:21:05
카카오맵,수원시,"음식점 > 간식 > 제과,베이커리",르페르베이커리,4.8,39,경기 수원시 영통구 광교중앙로248번길 7-1,경기 수원시 영통구 하동 986,070-7585-6689,127.06757618179611,37.29187053965371,http://place.map.kakao.com/1918214162,2026-10-10 02:20:11
카카오맵,수원시,"음식점 > 한식 > 육류,고기 > 족발,보쌈",야들야들한보약족발 수원금곡점,4.8,37,경기 수원시 권선구 금곡로197번길 18-23,경기 수원시 권선구 금곡동 1110-2,031-291-9192,126.952649800442,37.27488045366765,http://place.map.kakao.com/984073812,2026-10-09 16:42:34
카카오맵,수원시,"음식점 > 한식 > 해물,생선 > 회 > 육회바른연어",육회바른연어 아주대점,4.8,37,경기 수원시 팔달구 아주로 41-1,경기 수원시 팔달구 우만동 573-8,070-4477-3001,127.043504118126,37.2786059284917,http://place.map.kakao.com/138335282,2026-10-09 22:28:04
카카오맵,수원시,음식점 > 양식 > 이탈리안,폼탄,4.8,37,경기 수원시 영통구 매여울로40번길 29-2,경기 수원시 영통구 매탄동 196-3,070-7576-2327,127.046695840848,37.2724118622886,http://place.map.kakao.com/235395839,2026-10-09 22:08:02
카카오맵,수원시,음식점 > 분식,성대왕김말이,4.8,36,경기 수원시 장안구 화산로233번길 12,경기 수원시 장안구 율전동 295,,126.97065588491684,37.29916477209834,http://place.map.kakao.com/1464213920,2026-10-09 23:16:11
카카오맵,수원시,"음식점 > 한식 > 육류,고기 > 닭요리",신현리숯불닭갈비,4.8,36,경기 수원시 영통구 센트럴파크로127번길 51,경기 수원시 영통구 이의동 1311,031-8067-5122,127.05370973679362,37.29437892449438,http://place.map.kakao.com/2096169529,2026-10-10 02:05:38
카카오맵,수원시,음식점 > 아시아음식 > 튀르키예음식,YD케밥하우스,4.8,33,경기 수원시 팔달구 매산로 51,경기 수원시 팔달구 매산로2가 40-1,031-257-9292,127.00686607922565,37.269183431719554,http://place.map.kakao.com/987353432,2026-10-09 19:49:01
카카오맵,수원시,음식점 > 아시아음식 > 동남아음식 > 베트남음식,까몬 호매실점,4.8,33,경기 수원시 권선구 금곡로 225,경기 수원시 권선구 금곡동 1115-4,,126.95460589005498,37.27514252161589,http://place.map.kakao.com/721500235,2026-10-09 16:44:34
카카오맵,수원시,"음식점 > 한식 > 육류,고기",육회천지 망포점,4.8,31,경기 수원시 영통구 영통로218번길 56,경기 수원시 영통구 영통동 974-4,031-202-7009,127.060295450596,37.2468422343537,http://place.map.kakao.com/515162110,2026-10-09 17:54:27
카카오맵,수원시,음식점 > 일식,카레주쿠,4.8,31,경기 수원시 장안구 일월로90번길 26-1,경기 수원시 장안구 천천동 325-10,0503-7151-3564,126.97727901940138,37.290968590484155,http://place.map.kakao.com/1220541090,2026-10-09 22:56:59
카카오맵,수원시,음식점 > 한식 > 국밥,미랑,4.8,30,경기 수원시 장안구 만석로 181,경기 수원시 장안구 송죽동 272-22,031-255-7200,126.999282630121,37.3030284480148,http://place.map.kakao.com/354542198,2026-10-10 01:11:53
카카오맵,수원시,음식점 > 양식 > 햄버거,사우스코리아버거,4.8,30,경기 수원시 영통구 매탄로 151,경기 수원시 영통구 매탄동 883,070-7585-5171,127.044106915786,37.2642962738894,http://place.map.kakao.com/89680508,2026-10-09 21:14:53
카카오맵,수원시,음식점 > 일식 > 참치회,오늘도참치 정육점 수원화서본점,4.8,30,경기 수원시 팔달구 동말로 72,경기 수원시 팔달구 화서동 97-1,0502-5554-1124,127.00245022370414,37.27866976150609,http://place.map.kakao.com/1652559942,2026-10-09 20:02:34
카카오맵,수원시,음식점 > 분식 > 떡볶이 > 동대문엽기떡볶이,동대문엽기떡볶이 수원정자점,4.8,28,경기 수원시 장안구 정자천로173번길 11-10,경기 수원시 장안구 정자동 876-5,031-268-8592,126.9939469258459,37.2957893660057,http://place.map.kakao.com/21251694,2026-10-10 00:45:58
카카오맵,수원시,음식점 > 아시아음식 > 동남아음식 > 베트남음식,사랑이네베트남쌀국수,4.8,28,경기 수원시 장안구 조원로89번길 44-2,경기 수원시 장안구 조원동 759-5,010-3122-7457,127.014023064775,37.2997217166351,http://place.map.kakao.com/1377845337,2026-10-10 01:30:38
카카오맵,수원시,음식점 > 양식 > 햄버거 > 왓더버거,왓더버거 신영통점,4.8,28,경기 수원시 영통구 영통로 136,경기 수원시 영통구 망포동 386,031-206-0706,127.056099626212,37.2397467633406,http://place.map.kakao.com/631750259,2026-10-09 17:31:43
카카오맵,수원시,"음식점 > 한식 > 해물,생선 > 조개",조개랑해물,4.8,28,경기 수원시 팔달구 수성로157번길 5-5,경기 수원시 팔달구 화서동 680-2,031-242-9252,126.98992973880851,37.28619934442808,http://place.map.kakao.com/1102202303,2026-10-09 22:55:21
카카오맵,수원시,음식점 > 한식 > 국수 > 칼국수,행운만두칼국수,4.8,28,경기 수원시 영통구 센트럴타운로 107,경기 수원시 영통구 이의동 1331,031-212-0257,127.04776445460844,37.29165943824853,http://place.map.kakao.com/726443583,2026-10-10 01:57:46
카카오맵,수원시,음식점 > 분식,김밥생각,4.8,27,경기 수원시 영통구 도청로18번길 26,경기 수원시 영통구 이의동 1336,031-307-7440,127.05718015482601,37.28711853692227,http://place.map.kakao.com/220335069,2026-10-10 01:47:53
카카오맵,수원시,"음식점 > 간식 > 제과,베이커리",바바플 성균관대점,4.8,27,경기 수원시 장안구 서부로2126번길 30,경기 수원시 장안구 율전동 290-7,031-291-4917,126.97305536225457,37.297842620543165,http://place.map.kakao.com/438967509,2026-10-09 23:13:16
카카오맵,수원시,음식점 > 양식,노킹헤븐 수원행궁점,4.8,26,경기 수원시 팔달구 화서문로45번길 29-7,경기 수원시 팔달구 장안동 91-7,0507-1482-4490,127.01205503444805,37.28645595497101,http://place.map.kakao.com/153727547,2026-10-09 23:44:27
카카오맵,수원시,음식점 > 한식 > 국수,평동국수,4.8,26,경기 수원시 권선구 매송고색로 873,경기 수원시 권선구 평동 23-28,031-291-2403,126.99714235508243,37.25852246508094,http://place.map.kakao.com/25450825,2026-10-09 18:05:36
카카오맵,수원시,"음식점 > 간식 > 제과,베이커리",밀크로프,4.8,25,경기 수원시 영통구 봉영로 1612,경기 수원시 영통구 영통동 996-4,010-8175-4500,127.07500913966201,37.25417012858868,http://place.map.kakao.com/1928946315,2026-10-09 21:49:03
카카오맵,수원시,"음식점 > 한식 > 해물,생선",속초그바람에 광교점,4.8,25,경기 수원시 영통구 광교중앙로248번길 40,경기 수원시 영통구 하동 988-1,031-212-9293,127.065977437049,37.2910803303977,http://place.map.kakao.com/1748800284,2026-10-10 02:17:30
카카오맵,수원시,"음식점 > 한식 > 육류,고기 > 곱창,막창",왕곱창마을,4.8,25,경기 수원시 장안구 정조로921번길 13,경기 수원시 장안구 영화동 332-1,031-242-0017,127.012687073304,37.289618534055016,http://place.map.kakao.com/1589993368,2026-10-10 00:31:39
카카오맵,수원시,"음식점 > 한식 > 육류,고기 > 곱창,막창",요미곱창 머피본점,4.8,25,경기 수원시 팔달구 경수대로466번길 59,경기 수원시 팔달구 인계동 1035-7,010-8383-6469,127.03079500404307,37.26701532395087,http://place.map.kakao.com/602753340,2026-10-09 20:27:58
카카오맵,수원시,"음식점 > 술집 > 호프,요리주점",우세,4.8,25,경기 수원시 영통구 청명남로34번길 3,경기 수원시 영통구 영통동 1011-6,0503-7152-8654,127.07590281039082,37.252839618778964,http://place.map.kakao.com/839705970,2026-10-09 21:41:56
카카오맵,수원시,음식점 > 한식,운로,4.8,25,경기 수원시 팔달구 아주로 45-3,경기 수원시 팔달구 우만동 573-5,0507-1407-6003,127.0434569329812,37.278906893143336,http://place.map.kakao.com/810636715,2026-10-09 22:28:14
카카오맵,수원시,음식점 > 중식,찐미우육면,4.8,25,경기 수원시 장안구 장안로103번길 37,경기 수원시 장안구 정자동 45-2,0507-1492-8928,126.99958046751362,37.29200696415763,http://place.map.kakao.com/1391195315,2026-10-09 23:51:20
카카오맵,수원시,"음식점 > 간식 > 제과,베이커리",느긋한제빵소,4.8,24,경기 수원시 권선구 세권로 1,경기 수원시 권선구 세류동 1280,031-221-0704,127.006336557455,37.2601757437027,http://place.map.kakao.com/2003262853,2026-10-09 18:10:40
카카오맵,수원시,음식점 > 양식,다 피노쉐프,4.8,24,경기 수원시 영통구 광교호수공원로 20,경기 수원시 영통구 원천동 605,,127.06018158444212,37.27089382828752,http://place.map.kakao.com/1278942688,2026-10-09 22:39:50
카카오맵,수원시,"음식점 > 한식 > 육류,고기",무대리식당,4.8,24,경기 수원시 팔달구 수성로157번길 49-16,경기 수원시 팔달구 화서동 676-8,031-271-7707,126.988485996618,37.2881715863578,http://place.map.kakao.com/1223271220,2026-10-09 22:59:01
카카오맵,수원시,"음식점 > 한식 > 해물,생선 > 회",엉클식당,4.8,24,경기 수원시 권선구 곡반정로 8,경기 수원시 권선구 곡반정동 401-2,031-224-4589,127.023752244026,37.2315022813685,http://place.map.kakao.com/1271493375,2026-10-09 17:06:51
카카오맵,수원시,"음식점 > 한식 > 육류,고기 > 삼겹살",닥치고삼겹살 수원점,4.8,23,경기 수원시 장안구 덕영대로445번길 12-8,경기 수원시 장안구 율전동 235-1,031-269-7757,126.97219924398883,37.30109876929243,http://place.map.kakao.com/17155692,2026-10-09 23:19:00
카카오맵,수원시,음식점 > 술집,밤을담다,4.8,23,경기 수원시 영통구 법조로149번길 264,경기 수원시 영통구 하동 970-3,031-546-8231,127.06998283586597,37.293072927474746,http://place.map.kakao.com/298078983,2026-10-10 02:23:18
카카오맵,수원시,"음식점 > 한식 > 육류,고기",십년한우실비집 수원점,4.8,23,경기 수원시 팔달구 팔달문로150번길 26,경기 수원시 팔달구 우만동 553-12,031-212-9392,127.032721294534,37.2816278829953,http://place.map.kakao.com/1236634548,2026-10-10 00:23:12
카카오맵,수원시,"음식점 > 한식 > 해물,생선 > 게,대게",그대에게 화서점,4.8,22,경기 수원시 팔달구 화양로 56,경기 수원시 팔달구 화서동 273-5,0507-1376-6683,126.9963295355216,37.28285055377059,http://place.map.kakao.com/882682582,2026-10-09 23:34:11
카카오맵,수원시,"음식점 > 한식 > 육류,고기",돼지새마을본부 본점,4.8,22,경기 수원시 장안구 만석로 165,경기 수원시 장안구 송죽동 277-19,031-241-9112,126.99803966828685,37.30194538832235,http://place.map.kakao.com/27440486,2026-10-10 00:54:36
카카오맵,수원시,"음식점 > 한식 > 육류,고기",양화돼교,4.8,22,경기 수원시 영통구 매탄로100번길 29,경기 수원시 영통구 매탄동 1265-4,031-890-2929,127.044901106829,37.259488914051,http://place.map.kakao.com/879510902,2026-10-09 21:08:55
카카오맵,수원시,"음식점 > 술집 > 호프,요리주점 > 느린마을양조장",느린마을양조장 수원인계점,4.8,21,경기 수원시 팔달구 인계로124번길 27-10,경기 수원시 팔달구 인계동 1040,031-221-2030,127.031026785387,37.2658853570646,http://place.map.kakao.com/584376679,2026-10-09 20:20:48
카카오맵,수원시,음식점 > 중식 > 중국요리 > 탕화쿵푸마라탕,탕화쿵푸마라탕 원천점,4.8,21,경기 수원시 영통구 월드컵로179번길 6,경기 수원시 영통구 원천동 37-7,070-7576-1705,127.045666772494,37.2785474474196,http://place.map.kakao.com/1295125057,2026-10-09 22:30:00
카카오맵,수원시,"음식점 > 간식 > 제과,베이커리",푸애뺄,4.8,21,경기 수원시 영통구 센트럴파크로127번길 74,경기 수원시 영통구 이의동 1306-1,,127.052364330149,37.2944822456333,http://place.map.kakao.com/1518567067,2026-10-10 02:06:06
카카오맵,수원시,"음식점 > 한식 > 찌개,전골",미화식당 수원매탄점,4.8,20,경기 수원시 영통구 삼성로168번길 81,경기 수원시 영통구 매탄동 398-3,031-211-0247,127.05930098774927,37.260765662203546,http://place.map.kakao.com/1691251178,2026-10-09 21:52:03
카카오맵,수원시,"음식점 > 한식 > 육류,고기 > 닭요리 > 봉추찜닭",봉추찜닭 수원영통점,4.8,20,경기 수원시 영통구 청명남로 21,경기 수원시 영통구 영통동 998-6,031-205-0555,127.07438470317,37.2519161113328,http://place.map.kakao.com/24167812,2026-10-09 21:35:43
카카오맵,수원시,"음식점 > 술집 > 호프,요리주점",시각,4.8,20,경기 수원시 영통구 매탄로37번길 16-1,경기 수원시 영통구 매탄동 1167-8,0503-7150-7305,127.03949824722054,37.25563707839365,http://place.map.kakao.com/554769889,2026-10-09 20:58:27
카카오맵,수원시,"음식점 > 한식 > 해물,생선 > 회",오로라회센타,4.8,20,경기 수원시 영통구 매탄로108번길 28,경기 수원시 영통구 매탄동 1264-2,010-8860-3215,127.0450309232809,37.259788010956996,http://place.map.kakao.com/1723957422,2026-10-09 21:08:30
카카오맵,수원시,"음식점 > 간식 > 제과,베이커리",짤츠파파,4.8,20,경기 수원시 팔달구 고등로 28,경기 수원시 팔달구 고등동 327,070-8633-2608,126.99958846778,37.2725715447278,http://place.map.kakao.com/1990162826,2026-10-09 19:53:11
카카오맵,수원시,음식점 > 한식 > 국수 > 칼국수,남문칼국수,4.8,19,경기 수원시 팔달구 정조로 802,경기 수원시 팔달구 팔달로1가 11-5,010-3761-1208,127.01707510308498,37.279610142027444,http://place.map.kakao.com/18461655,2026-10-09 20:43:21
카카오맵,수원시,음식점 > 뷔페 > 한식뷔페,대복식당,4.8,19,경기 수원시 팔달구 매산로 84-1,경기 수원시 팔달구 매산로3가 53-7,031-238-2080,127.0103161237454,37.26986797275806,http://place.map.kakao.com/14874084,2026-10-09 19:51:40
카카오맵,수원시,음식점 > 술집 > 와인바,모닉,4.8,19,경기 수원시 영통구 센트럴파크로127번길 5-10,경기 수원시 영통구 이의동 1314-9,0507-1468-3428,127.055096083216,37.2947450094994,http://place.map.kakao.com/1189338529,2026-10-10 02:07:12
카카오맵,수원시,"음식점 > 술집 > 호프,요리주점",미테,4.8,19,경기 수원시 영통구 월드컵로193번길 74,경기 수원시 영통구 원천동 28-1,010-8456-8965,127.044722548869,37.2758915417467,http://place.map.kakao.com/746659853,2026-10-09 22:19:19
카카오맵,수원시,"음식점 > 한식 > 육류,고기",복개천그릴,4.8,19,경기 수원시 권선구 장다리로 131,경기 수원시 권선구 권선동 957,0507-1442-8294,127.02259050837151,37.26194700996732,http://place.map.kakao.com/1013705853,2026-10-09 18:55:28
카카오맵,수원시,음식점 > 패스트푸드 > 슈퍼크리스피,슈퍼크리스피 수원매탄점,4.8,19,경기 수원시 영통구 인계로 260,경기 수원시 영통구 매탄동 1235-1,031-242-9293,127.045856304865,37.2638396819505,http://place.map.kakao.com/1814321536,2026-10-09 21:15:03
카카오맵,수원시,음식점 > 양식 > 이탈리안,에스쿱,4.8,19,경기 수원시 장안구 덕영대로445번길 37,경기 수원시 장안구 율전동 99-63,010-8548-3234,126.972044212234,37.3024710111774,http://place.map.kakao.com/641918700,2026-10-09 23:19:04
카카오맵,수원시,"음식점 > 간식 > 제과,베이커리",꿈빵,4.8,18,경기 수원시 팔달구 덕영대로 935,경기 수원시 팔달구 매산로1가 57-42,010-5067-9091,127.0018319845447,37.2651649707099,http://place.map.kakao.com/516963092,2026-10-09 19:28:44
카카오맵,수원시,"음식점 > 술집 > 호프,요리주점",먹거리고을,4.8,18,경기 수원시 장안구 서부로2126번길 10,경기 수원시 장안구 율전동 290-43,,126.97227145383349,37.29796227739276,http://place.map.kakao.com/14707742,2026-10-09 23:13:06
카카오맵,수원시,음식점 > 한식 > 국수 > 칼국수,바담칼국수,4.8,18,경기 수원시 권선구 금곡로197번길 59-6,경기 수원시 권선구 금곡동 1106-8,070-7585-7531,126.95318255084474,37.2757952215124,http://place.map.kakao.com/323647864,2026-10-09 16:42:37
카카오맵,수원시,"음식점 > 한식 > 육류,고기 > 갈비 > 백년수갈비",백년갈비 광교법조타운점,4.8,18,경기 수원시 영통구 법조로149번길 277,경기 수원시 영통구 하동 964-3,031-213-0076,127.07064498709804,37.293220304275586,http://place.map.kakao.com/2050251728,2026-10-10 02:25:26
카카오맵,수원시,음식점 > 한식 > 감자탕,수원청기와감자탕뼈해장국,4.8,18,경기 수원시 장안구 수성로 302,경기 수원시 장안구 영화동 390-5,031-254-8253,127.00527793079812,37.291168881923106,http://place.map.kakao.com/1540451902,2026-10-09 23:57:47
카카오맵,수원시,음식점 > 한식 > 국수 > 칼국수,시골풍경칼국수&만두,4.8,18,경기 수원시 장안구 천천로210번길 21-13,경기 수원시 장안구 이목동 374-2,031-269-5666,126.9813902498509,37.311643590002035,http://place.map.kakao.com/16488460,2026-10-09 23:31:48
카카오맵,수원시,음식점 > 분식 > 신떡,신떡 수원영통점,4.8,18,경기 수원시 영통구 덕영대로1555번길 16,경기 수원시 영통구 영통동 971-1,,127.06152394502789,37.246784836630546,http://place.map.kakao.com/24944252,2026-10-09 17:55:54
카카오맵,수원시,음식점 > 양식 > 햄버거,원스타올드패션드햄버거 갤러리아백화점광교점,4.8,18,경기 수원시 영통구 광교중앙로 124,경기 수원시 영통구 하동 1017-2,,127.057251952975,37.2851353160833,http://place.map.kakao.com/2094637670,2026-10-10 01:45:53
카카오맵,수원시,음식점 > 한식,할매농원,4.8,18,경기 수원시 장안구 광교산로 570,경기 수원시 장안구 상광교동 76-12,031-255-9544,127.01554907376,37.3324515938302,http://place.map.kakao.com/11473052,2026-10-10 02:38:32
카카오맵,수원시,"음식점 > 술집 > 호프,요리주점",라온 아시안다이닝바,4.8,17,경기 수원시 팔달구 권광로188번길 44,경기 수원시 팔달구 인계동 1121-2,0503-7150-2633,127.03524437575372,37.263552279914194,http://place.map.kakao.com/589029045,2026-10-09 21:11:08
카카오맵,수원시,음식점 > 분식 > 떡볶이 > 죠스떡볶이,죠스떡볶이 수원천천점,4.8,17,경기 수원시 장안구 만석로19번길 25-5,경기 수원시 장안구 천천동 527-7,031-247-6500,126.98310495413551,37.29633974976383,http://place.map.kakao.com/17023790,2026-10-09 23:22:50
카카오맵,수원시,음식점 > 양식,토미바베큐하우스,4.8,17,경기 수원시 장안구 팔달로 201,경기 수원시 장안구 영화동 443-8,,127.008108056074,37.2859517094277,http://place.map.kakao.com/1186032512,2026-10-09 23:43:52
카카오맵,수원시,음식점 > 술집 > 와인바,포도포포도도,4.8,17,경기 수원시 팔달구 화서문로46번길 24,경기 수원시 팔달구 신풍동 86-5,0507-1425-2561,127.013047024392,37.2842573148544,http://place.map.kakao.com/619629809,2026-10-10 00:13:13
카카오맵,수원시,음식점 > 간식 > 아이스크림,프놈젤라또,4.8,17,경기 수원시 영통구 청명남로 40,경기 수원시 영통구 영통동 1011-1,,127.076304186506,37.2529348714423,http://place.map.kakao.com/1986076268,2026-10-09 21:42:58
카카오맵,수원시,"음식점 > 한식 > 육류,고기",고기굽는혀누네 구운점,4.8,16,경기 수원시 권선구 금호로 141,경기 수원시 권선구 구운동 628,031-227-9295,126.96534611842468,37.273911727273806,http://place.map.kakao.com/1088930954,2026-10-09 16:47:42
카카오맵,수원시,음식점 > 양식,마렝고,4.8,16,경기 수원시 팔달구 고등로 28,경기 수원시 팔달구 고등동,010-4679-0574,126.99967415637789,37.27264182618164,http://place.map.kakao.com/1393524604,2026-10-09 19:53:15
카카오맵,수원시,음식점 > 샐러드 > 샐러디,샐러디 수원망포역점,4.8,16,경기 수원시 영통구 영통로217번길 6,경기 수원시 영통구 영통동 977-4,031-203-3388,127.05682632752821,37.246970997267,http://place.map.kakao.com/236958489,2026-10-09 17:43:28
카카오맵,수원시,음식점 > 술집 > 일본식주점,소로시 망포점,4.8,16,경기 수원시 영통구 영통로 136,경기 수원시 영통구 망포동 386,0503-7151-7198,127.05659193682159,37.239496939407836,http://place.map.kakao.com/492084990,2026-10-09 17:30:17
카카오맵,수원시,음식점 > 한식,장안식당,4.8,16,경기 수원시 팔달구 정조로850번길 7,경기 수원시 팔달구 북수동 333-1,031-256-6818,127.01665550399674,37.28411269587239,http://place.map.kakao.com/9922704,2026-10-10 00:15:39
카카오맵,수원시,음식점 > 일식,정정구루,4.8,16,경기 수원시 영통구 센트럴파크로127번길 12,경기 수원시 영통구 이의동 1315,,127.055637845584,37.2953024981756,http://place.map.kakao.com/205142537,2026-10-10 02:33:43
카카오맵,수원시,음식점 > 중식 > 양꼬치,지성이네양꼬치,4.8,16,경기 수원시 영통구 매탄로108번길 48,경기 수원시 영통구 매탄동 1266-2,070-7840-8088,127.04535662876,37.259650027093,http://place.map.kakao.com/1664591571,2026-10-09 21:09:06
카카오맵,수원시,"음식점 > 한식 > 해물,생선 > 회",착한광어,4.8,16,경기 수원시 팔달구 세지로 211,경기 수원시 팔달구 인계동 865-10,031-223-3770,127.02224786210161,37.26981947763641,http://place.map.kakao.com/542565004,2026-10-09 20:11:27
카카오맵,수원시,"음식점 > 한식 > 육류,고기 > 닭요리",춘천닭갈비vs양푼이김치찌개,4.8,16,경기 수원시 권선구 탑동로 63,경기 수원시 권선구 탑동 749-4,031-295-4003,126.973566554393,37.2745022276955,http://place.map.kakao.com/26066347,2026-10-09 17:00:17
카카오맵,수원시,음식점 > 간식 > 호시타코야끼,호시타코야끼 성대점,4.8,16,경기 수원시 장안구 서부로2106번길 26-3,경기 수원시 장안구 율전동 433-128,031-292-6496,126.97162314613895,37.2973917673087,http://place.map.kakao.com/361083715,2026-10-09 23:10:02
카카오맵,수원시,음식점 > 한식 > 두부전문점,순이손두부,4.8,15,경기 수원시 영통구 산남로4번길 23,경기 수원시 영통구 매탄동 862-2,010-4033-6155,127.048466159309,37.2638818923687,http://place.map.kakao.com/116855174,2026-10-09 21:19:31
카카오맵,수원시,"음식점 > 간식 > 제과,베이커리",장미빵집,4.8,15,경기 수원시 영통구 매탄로65번길 10-5,경기 수원시 영통구 매탄동 1163-12,010-2154-3287,127.040857451837,37.2572828232264,http://place.map.kakao.com/1221428930,2026-10-09 20:59:58
카카오맵,수원시,"음식점 > 일식 > 초밥,롤",하루,4.8,15,경기 수원시 영통구 대학1로 20-1,경기 수원시 영통구 이의동 1274-4,031-548-0932,127.043123975742,37.2981045382936,http://place.map.kakao.com/482587246,2026-10-10 02:27:26
카카오맵,수원시,음식점 > 치킨 > BBQ,BBQ 수원신동점,4.8,14,경기 수원시 영통구 권선로908번길 22,경기 수원시 영통구 신동 932-4,031-205-3692,127.04507231091425,37.24789421907281,http://place.map.kakao.com/1545196815,2026-10-09 17:35:47
카카오맵,수원시,음식점 > 분식,경아네,4.8,14,경기 수원시 팔달구 팔달문로 19,경기 수원시 팔달구 지동 402-2,,127.019560998177,37.2779022867405,http://place.map.kakao.com/15938531,2026-10-09 20:46:32
카카오맵,수원시,음식점 > 치킨,남문통닭 동수원점,4.8,14,경기 수원시 팔달구 팔달문로130번길 69,경기 수원시 팔달구 우만동 561-8,031-211-1001,127.031914145023,37.2794944415757,http://place.map.kakao.com/928571579,2026-10-09 20:53:42
카카오맵,수원시,"음식점 > 한식 > 육류,고기",도래샘정육식당,4.8,14,경기 수원시 장안구 송원로41번길 17,경기 수원시 장안구 송죽동 503-11,031-256-8788,127.00637257227798,37.29960253794092,http://place.map.kakao.com/22399442,2026-10-10 00:58:41
카카오맵,수원시,음식점 > 한식 > 국수,이씨네국수 천천점,4.8,14,경기 수원시 장안구 정자로32번길 24,경기 수원시 장안구 천천동 508-6,031-271-3012,126.980735697119,37.2994479654551,http://place.map.kakao.com/667426679,2026-10-09 23:25:07
카카오맵,수원시,음식점 > 양식 > 햄버거,텐버거 천천점,4.8,14,경기 수원시 장안구 만석로5번길 6,경기 수원시 장안구 천천동 528-1,031-269-1129,126.98285147584491,37.29508096417015,http://place.map.kakao.com/1712122535,2026-10-09 23:20:37
카카오맵,수원시,"음식점 > 한식 > 육류,고기 > 삼겹살 > 할매솥뚜껑삼겹살",할매솥뚜껑삼겹살 수원호매실점,4.8,14,경기 수원시 권선구 금곡로102번길 37,경기 수원시 권선구 금곡동 1086-1,010-7196-9543,126.941798114188,37.2725166916741,http://place.map.kakao.com/1875342187,2026-10-09 16:12:40
카카오맵,수원시,"음식점 > 한식 > 육류,고기 > 삼겹살",60판 왕뚜껑삼겹살 푸르지오점,4.8,13,경기 수원시 장안구 일월로76번길 13,경기 수원시 장안구 천천동 385-12,031-268-1365,126.97757142429153,37.28990722334759,http://place.map.kakao.com/763957758,2026-10-09 22:57:37
카카오맵,수원시,"음식점 > 한식 > 육류,고기",골목길참숯화로구이,4.8,13,경기 수원시 장안구 장안로 17,경기 수원시 장안구 영화동 424-36,031-258-1999,127.00603317321341,37.286675367495874,http://place.map.kakao.com/345347003,2026-10-09 23:40:24
카카오맵,수원시,음식점 > 치킨,광교치킨,4.8,13,경기 수원시 장안구 광교산로 136,경기 수원시 장안구 연무동 8-2,031-256-9690,127.030001866534,37.2996583753238,http://place.map.kakao.com/11506534,2026-10-10 01:40:27
카카오맵,수원시,"음식점 > 한식 > 육류,고기",깡돈 수원파장점,4.8,13,경기 수원시 장안구 경수대로1081번길 8,경기 수원시 장안구 파장동 575-15,031-271-3332,126.99379357166445,37.30913821086657,http://place.map.kakao.com/27338031,2026-10-10 01:18:43
카카오맵,수원시,음식점 > 술집,대식가,4.8,13,경기 수원시 권선구 권광로123번길 46,경기 수원시 권선구 권선동 1016-14,0503-7150-1073,127.028240932772,37.2596265132944,http://place.map.kakao.com/2069998193,2026-10-09 18:59:55
카카오맵,수원시,"음식점 > 한식 > 육류,고기",돼지이야기,4.8,13,경기 수원시 팔달구 팔달문로3번길 35,경기 수원시 팔달구 팔달로1가 67-2,031-241-3421,127.0176297779798,37.2791829678597,http://place.map.kakao.com/495738963,2026-10-09 20:43:27
카카오맵,수원시,"음식점 > 한식 > 육류,고기",아주돈,4.8,13,경기 수원시 영통구 월드컵로193번길 47,경기 수원시 영통구 원천동 29-32,031-202-9933,127.044872127931,37.277145733085,http://place.map.kakao.com/1629520238,2026-10-09 22:24:00
카카오맵,수원시,음식점 > 술집 > 칵테일바,아쿠아라운지,4.8,13,경기 수원시 영통구 청명남로 50,경기 수원시 영통구 영통동 1038-1,031-203-0250,127.076916022153,37.2538174982845,http://place.map.kakao.com/17649496,2026-10-09 21:49:34
카카오맵,수원시,음식점 > 패스트푸드 > 샌드위치,애플민트키친,4.8,13,경기 수원시 영통구 매영로345번길 95,경기 수원시 영통구 영통동 961-4,031-273-9274,127.07352916401211,37.25538386127826,http://place.map.kakao.com/511054201,2026-10-09 21:48:29
카카오맵,수원시,"음식점 > 한식 > 육류,고기",양마담 방촌양고기 인계점,4.8,13,경기 수원시 팔달구 권광로175번길 31-5,경기 수원시 팔달구 인계동 1044-10,031-8067-5900,127.030603019647,37.2634238205249,http://place.map.kakao.com/244850312,2026-10-09 19:10:04
카카오맵,수원시,음식점 > 간식,오사카타코야끼 매탄아대점,4.8,13,경기 수원시 영통구 중부대로246번길 27,경기 수원시 영통구 매탄동 153-97,031-217-0302,127.04225205281877,37.27375428028087,http://place.map.kakao.com/2118266877,2026-10-09 22:12:19
카카오맵,수원시,음식점 > 분식,오토김밥 광교점,4.8,13,경기 수원시 영통구 도청로17번길 23,경기 수원시 영통구 이의동 1339,031-215-0110,127.05432605563932,37.28571065678798,http://place.map.kakao.com/1613818685,2026-10-10 01:47:32
카카오맵,수원시,음식점 > 양식,이프리,4.8,13,경기 수원시 팔달구 정조로 847,경기 수원시 팔달구 신풍동 213,,127.016001363362,37.2836442457581,http://place.map.kakao.com/1964381929,2026-10-10 00:11:06
카카오맵,수원시,음식점 > 술집 > 일본식주점,주후,4.8,13,경기 수원시 영통구 법조로 25,경기 수원시 영통구 하동 1016-1,010-8632-8629,127.060247751932,37.2874278735946,http://place.map.kakao.com/532806044,2026-10-10 02:11:41
카카오맵,수원시,음식점 > 일식,쥬탄,4.8,13,경기 수원시 영통구 센트럴타운로 107,경기 수원시 영통구 이의동 1331,,127.04775481780668,37.29247127719982,http://place.map.kakao.com/2008429972,2026-10-10 01:59:19
카카오맵,수원시,"음식점 > 한식 > 해물,생선 > 회",청정수산,4.8,13,경기 수원시 팔달구 중부대로 215,경기 수원시 팔달구 우만동 98,031-212-5881,127.039906064772,37.2765456164911,http://place.map.kakao.com/1664964382,2026-10-09 22:21:15
카카오맵,수원시,음식점 > 중식 > 중국요리,춘리마라탕,4.8,13,경기 수원시 영통구 아주로 22,경기 수원시 영통구 원천동 25-12,031-212-8891,127.04409165916,37.2768000269434,http://place.map.kakao.com/1603526546,2026-10-09 22:23:49
카카오맵,수원시,음식점 > 치킨 > 치킨마루,치킨마루 영통동보신명점,4.8,13,경기 수원시 영통구 매영로310번길 87,경기 수원시 영통구 영통동 968,031-273-3392,127.064252443702,37.2505164143515,http://place.map.kakao.com/17040869,2026-10-09 21:22:15
카카오맵,수원시,"음식점 > 술집 > 호프,요리주점",코주부,4.8,13,경기 수원시 영통구 매영로415번길 11,경기 수원시 영통구 영통동 1015-8,,127.07679415442,37.2492474829504,http://place.map.kakao.com/2045374718,2026-10-09 17:59:31
카카오맵,수원시,"음식점 > 한식 > 해물,생선 > 장어",통영숯불장어,4.8,13,경기 수원시 영통구 청명남로50번길 13-16,경기 수원시 영통구 영통동 1040-1,031-205-5022,127.07804219842508,37.25391227198273,http://place.map.kakao.com/13043715,2026-10-09 21:50:26
카카오맵,수원시,"음식점 > 간식 > 제과,베이커리",트로 행궁점,4.8,13,경기 수원시 팔달구 정조로886번길 8,경기 수원시 팔달구 북수동 107,010-2312-3014,127.015715632618,37.2869745238546,http://place.map.kakao.com/1902799488,2026-10-10 00:19:32
카카오맵,수원시,음식점 > 치킨 > BBQ,BBQ 수원곡선점,4.8,12,경기 수원시 권선구 권중로76번길 16,경기 수원시 권선구 권선동 1259-9,031-224-1189,127.029230205587,37.2525233484746,http://place.map.kakao.com/7985585,2026-10-09 18:29:29
카카오맵,수원시,음식점 > 분식,김밥중독,4.8,12,경기 수원시 장안구 경수대로927번길 12-26,경기 수원시 장안구 송죽동 499-1,031-244-2886,127.00723902497309,37.3020442971705,http://place.map.kakao.com/1553979885,2026-10-10 01:04:21
카카오맵,수원시,"음식점 > 한식 > 육류,고기 > 오리",대성농장생오리 수원점,4.8,12,경기 수원시 팔달구 중부대로239번길 35,경기 수원시 팔달구 우만동 68-7,031-212-5275,127.0422124004518,37.277107213962836,http://place.map.kakao.com/16173795,2026-10-09 22:22:26
카카오맵,수원시,음식점 > 일식 > 일본식라면,멘야연 라멘하우스,4.8,12,경기 수원시 영통구 광교중앙로 240,경기 수원시 영통구 하동 987-3,0502-5552-8462,127.06641234809328,37.291902734699974,http://place.map.kakao.com/726497550,2026-10-10 02:19:08
카카오맵,수원시,음식점 > 한식 > 감자탕,명동감자탕 정자점,4.8,12,경기 수원시 장안구 정자로 146,경기 수원시 장안구 정자동 454,031-271-1490,126.9923727659678,37.30405178145793,http://place.map.kakao.com/1267169044,2026-10-10 01:07:34
카카오맵,수원시,음식점 > 한식,밥상연가,4.8,12,경기 수원시 장안구 장안로314번길 12-19,경기 수원시 장안구 파장동 569-12,031-257-3181,126.98946414639,37.3094325431514,http://place.map.kakao.com/64449737,2026-10-09 23:29:42
카카오맵,수원시,음식점 > 패스트푸드 > 샌드위치 > 써브웨이,써브웨이 수원성균관대점,4.8,12,경기 수원시 장안구 서부로 2066,경기 수원시 장안구 천천동 585,031-290-5448,126.97357549647447,37.2940764020148,http://place.map.kakao.com/26944682,2026-10-09 22:57:30
카카오맵,수원시,"음식점 > 간식 > 제과,베이커리",아가페과자점,4.8,12,경기 수원시 장안구 수성로261번길 6,경기 수원시 장안구 정자동 76-1,031-243-5425,127.00113338529172,37.2900679255988,http://place.map.kakao.com/8421492,2026-10-09 23:48:35
카카오맵,수원시,"음식점 > 한식 > 육류,고기 > 삼겹살",역북집 경기대점,4.8,12,경기 수원시 영통구 대학1로58번길 14,경기 수원시 영통구 이의동 1262-4,031-211-0160,127.045383606547,37.2989605794346,http://place.map.kakao.com/430127949,2026-10-10 02:31:31
카카오맵,수원시,음식점 > 아시아음식 > 튀르키예음식,이스탄불케밥804,4.8,12,경기 수원시 팔달구 매산로 7,경기 수원시 팔달구 매산로1가 54-7,010-7381-1129,127.002264957923,37.2672130313161,http://place.map.kakao.com/339148601,2026-10-09 19:34:54
카카오맵,수원시,"음식점 > 간식 > 제과,베이커리",쥬르드뱅베이커리,4.8,12,경기 수원시 영통구 에듀타운로 24,경기 수원시 영통구 이의동 1341-4,,127.05228793200249,37.28512770149291,http://place.map.kakao.com/1895577893,2026-10-10 01:45:05
카카오맵,수원시,"음식점 > 한식 > 육류,고기 > 닭요리",지랄닭발 수원권선점,4.8,12,경기 수원시 권선구 권광로56번길 32,경기 수원시 권선구 권선동 1258-1,031-221-1149,127.030145449484,37.2524438271373,http://place.map.kakao.com/2083393096,2026-10-09 18:31:46
카카오맵,수원시,"음식점 > 한식 > 해물,생선 > 회",카야마구로,4.8,12,경기 수원시 팔달구 효원로235번길 52,경기 수원시 팔달구 인계동 1031-1,,127.028686049012,37.265138082578,http://place.map.kakao.com/1443953518,2026-10-09 20:13:29
카카오맵,수원시,"음식점 > 간식 > 제과,베이커리",크로네,4.8,12,경기 수원시 팔달구 일월로18번길 4-21,경기 수원시 팔달구 화서동 726-6,0507-1340-8933,126.98135387127294,37.28536484325806,http://place.map.kakao.com/218613703,2026-10-09 22:53:59
카카오맵,수원시,음식점 > 일식 > 타코비,타코비 수원정자점,4.8,12,경기 수원시 장안구 대평로 80,경기 수원시 장안구 정자동 877-4,,126.99336835738504,37.29568301258795,http://place.map.kakao.com/130924316,2026-10-10 00:46:45
카카오맵,수원시,"음식점 > 술집 > 호프,요리주점",한잔한식,4.8,12,경기 수원시 팔달구 아주로27번길 10-21,경기 수원시 팔달구 우만동 64-4,070-4333-1622,127.043010067923,37.2783033596288,http://place.map.kakao.com/734162758,2026-10-09 22:26:26
카카오맵,수원시,음식점 > 중식 > 중국요리,행복한중식당박사,4.8,12,경기 수원시 장안구 연무로 29,경기 수원시 장안구 연무동 238-1,031-257-5883,127.027902009597,37.2942923119438,http://place.map.kakao.com/627112583,2026-10-10 00:42:48
카카오맵,수원시,"음식점 > 간식 > 제과,베이커리",권경일베이커리,4.8,11,경기 수원시 영통구 법조로149번길 22,경기 수원시 영통구 하동 961-2,031-212-8868,127.071941057752,37.2934682099639,http://place.map.kakao.com/734915691,2026-10-10 02:26:43
카카오맵,수원시,음식점 > 중식 > 중국요리,금곡원,4.8,11,경기 수원시 권선구 금곡로118번길 54-11,경기 수원시 권선구 금곡동 1090-2,031-278-8885,126.942498436024,37.2723142997406,http://place.map.kakao.com/142399201,2026-10-09 16:09:56
카카오맵,수원시,음식점 > 분식,김밥바라기 천천점,4.8,11,경기 수원시 장안구 만석로19번길 11-7,경기 수원시 장안구 천천동 528-3,031-268-7980,126.98322917857772,37.295609927221996,http://place.map.kakao.com/1753721309,2026-10-09 23:21:08
카카오맵,수원시,"음식점 > 한식 > 육류,고기 > 갈비",나씨화로명가,4.8,11,경기 수원시 권선구 곡선로50번길 5-6,경기 수원시 권선구 곡반정동 567-2,031-234-6692,127.03003725664132,37.23828753693096,http://place.map.kakao.com/1966593475,2026-10-09 17:11:12
카카오맵,수원시,음식점 > 간식 > 닭강정,떡&닭,4.8,11,경기 수원시 장안구 율전로 105,경기 수원시 장안구 율전동 305-22,010-7979-1740,126.96859775649584,37.29854703369727,http://place.map.kakao.com/571270919,2026-10-09 23:07:03
카카오맵,수원시,음식점 > 양식 > 피자,미뜨레피자 광교점,4.8,11,경기 수원시 영통구 에듀타운로 101,경기 수원시 영통구 이의동 1352,031-216-5533,127.04509841180086,37.289780017729214,http://place.map.kakao.com/1313277811,2026-10-10 01:49:07
카카오맵,수원시,음식점 > 술집 > 칵테일바,술합니다,4.8,11,경기 수원시 영통구 월드컵로193번길 80,경기 수원시 영통구 원천동 28-13,,127.0447517239578,37.27565365608152,http://place.map.kakao.com/603179525,2026-10-09 22:19:36
카카오맵,수원시,음식점 > 술집 > 실내포장마차,전뱅이,4.8,11,경기 수원시 영통구 영통로130번길 30,경기 수원시 영통구 망포동 538,031-205-0952,127.057874443554,37.239482803902,http://place.map.kakao.com/1536591785,2026-10-09 17:46:51
카카오맵,수원시,음식점 > 술집,행궁동턴바,4.8,11,경기 수원시 팔달구 신풍로63번길 12-8,경기 수원시 팔달구 장안동 27-15,0502-5550-9709,127.0128896046042,37.286910891590544,http://place.map.kakao.com/1605770774,2026-10-10 00:18:32
카카오맵,수원시,음식점 > 샐러드,그리트그린,4.8,10,경기 수원시 팔달구 팔달로99번길 62,경기 수원시 팔달구 화서동 113-36,0507-2085-2039,126.99966849722708,37.27759484565039,http://place.map.kakao.com/1233403760,2026-10-09 19:55:19
카카오맵,수원시,음식점 > 분식,김밥나라,4.8,10,경기 수원시 권선구 덕영대로1201번길 28,경기 수원시 권선구 권선동 1191-2,031-224-5415,127.022930832538,37.2503658343865,http://place.map.kakao.com/8818024,2026-10-09 18:19:29
카카오맵,수원시,음식점 > 치킨,닭장맥주 수원인계점,4.8,10,경기 수원시 팔달구 권광로180번길 53-12,경기 수원시 팔달구 인계동 1121-3,070-8780-8150,127.035441612329,37.263445898056,http://place.map.kakao.com/2079168136,2026-10-09 21:11:47
카카오맵,수원시,음식점 > 한식 > 곰탕,도연관 영통점,4.8,10,경기 수원시 영통구 봉영로 1613,경기 수원시 영통구 영통동 958-3,,127.07374319688348,37.25523956123261,http://place.map.kakao.com/2045825424,2026-10-09 21:48:08
카카오맵,수원시,음식점 > 중식,라돌이마라탕 율현점,4.8,10,경기 수원시 팔달구 일월로22번길 11,경기 수원시 팔달구 화서동 724-3,031-291-8988,126.9804065360373,37.285700777729396,http://place.map.kakao.com/2120316525,2026-10-09 22:53:35
카카오맵,수원시,"음식점 > 간식 > 제과,베이커리",라피셀,4.8,10,경기 수원시 영통구 광교중앙로 180,경기 수원시 영통구 하동 1015,0503-7154-7866,127.06142714278,37.2885805965413,http://place.map.kakao.com/185578149,2026-10-10 02:16:35
카카오맵,수원시,음식점 > 한식,막걸리계보,4.8,10,경기 수원시 팔달구 정조로 781-13,경기 수원시 팔달구 남창동 133-2,070-4259-0005,127.015770161905,37.278081258357,http://place.map.kakao.com/1441980780,2026-10-09 20:38:47
카카오맵,수원시,"음식점 > 한식 > 찌개,전골",본만두 수원권선점,4.8,10,경기 수원시 권선구 권중로56번길 39,경기 수원시 권선구 권선동 1255,031-8002-3525,127.02911543574,37.2530513884479,http://place.map.kakao.com/733827297,2026-10-09 18:29:26
카카오맵,수원시,음식점 > 분식,옥마리꼬마김밥 화서점,4.8,10,경기 수원시 팔달구 수성로 256,경기 수원시 팔달구 화서동 638,031-256-6760,127.0007736283367,37.28950117544537,http://place.map.kakao.com/1460209769,2026-10-09 23:48:50
카카오맵,수원시,음식점 > 치킨,용해통닭,4.8,10,경기 수원시 팔달구 세지로 409,경기 수원시 팔달구 우만동 492-19,031-242-1005,127.02960393326097,37.28580772315081,http://place.map.kakao.com/22548345,2026-10-10 00:27:23
카카오맵,수원시,음식점 > 간식,타코랜드타코야끼 경기대점,4.8,10,경기 수원시 장안구 창훈로 63,경기 수원시 장안구 연무동 213-2,031-895-5523,127.028873111768,37.2973952514459,http://place.map.kakao.com/1672506030,2026-10-10 01:37:45
카카오맵,수원시,"음식점 > 간식 > 제과,베이커리",험프티덤프티 광교점,4.8,10,경기 수원시 영통구 법조로149번길 37,경기 수원시 영통구 하동 960-3,031-216-9629,127.071597440187,37.2938486561253,http://place.map.kakao.com/1766668881,2026-10-10 02:26:39
카카오맵,수원시,음식점 > 간식 > 호시타코야끼,호시타코야끼 수원영통점,4.8,10,경기 수원시 영통구 영통로 521,경기 수원시 영통구 영통동 949-3,031-204-5554,127.077401138078,37.2652424027412,http://place.map.kakao.com/702394735,2026-10-09 22:41:15
카카오맵,수원시,음식점 > 양식,화양가옥 수원역점,4.7,266,경기 수원시 팔달구 향교로 58,경기 수원시 팔달구 매산로3가 27-7,031-247-0877,127.00718292312634,37.26954833465682,http://place.map.kakao.com/1348776376,2026-10-09 19:51:30
카카오맵,수원시,음식점 > 한식,손에손잡고 수원역직영점,4.7,207,경기 수원시 팔달구 향교로 52,경기 수원시 팔달구 매산로2가 40-3,031-242-0878,127.00658423302738,37.26932761433848,http://place.map.kakao.com/1302888241,2026-10-09 19:48:22
카카오맵,수원시,"음식점 > 한식 > 육류,고기 > 갈비",북수원화로,4.7,202,경기 수원시 장안구 천천로 233,경기 수원시 장안구 이목동 403-11,1661-3563,126.97868301450347,37.31118450653581,http://place.map.kakao.com/307715511,2026-10-09 23:31:13
카카오맵,수원시,음식점 > 한식,제일회관 인계동직영점,4.7,180,경기 수원시 팔달구 권광로187번길 31,경기 수원시 팔달구 인계동 1042-3,0507-1378-0870,127.03083354911298,37.264773521811534,http://place.map.kakao.com/1844997322,2026-10-09 19:12:44
카카오맵,수원시,"음식점 > 한식 > 육류,고기",양심소 스타필드수원점,4.7,125,경기 수원시 팔달구 수성로157번길 5-22,경기 수원시 팔달구 화서동 679-13,031-268-5007,126.98945601899221,37.286848051054974,http://place.map.kakao.com/1084155260,2026-10-09 22:55:24
카카오맵,수원시,음식점 > 한식,해정남옥,4.7,119,경기 수원시 영통구 인계로 284,경기 수원시 영통구 매탄동 817,0507-1354-5595,127.04847474849,37.2632115134895,http://place.map.kakao.com/796145159,2026-10-09 21:19:11
카카오맵,수원시,음식점 > 일식 > 일식집,이치하치 수원역점,4.7,82,경기 수원시 팔달구 고화로13번길 2,경기 수원시 팔달구 고등동 74-33,070-7537-2918,127.00759907587621,37.270814271610604,http://place.map.kakao.com/1672251942,2026-10-09 19:51:37
카카오맵,수원시,"음식점 > 간식 > 제과,베이커리",찐스뉴욕베이글 수원본점,4.7,80,경기 수원시 장안구 경수대로894번길 14,경기 수원시 장안구 조원동 762-21,010-9238-7147,127.0123324334834,37.300192246008706,http://place.map.kakao.com/1421195911,2026-10-10 01:01:39
카카오맵,수원시,"음식점 > 한식 > 해물,생선",통영돌문어보쌈 본점,4.7,77,경기 수원시 팔달구 권선로741번길 26,경기 수원시 팔달구 인계동 1133,031-224-1245,127.03298880694,37.2589801389492,http://place.map.kakao.com/197353927,2026-10-09 19:02:50
카카오맵,수원시,"음식점 > 일식 > 돈까스,우동",돈부리인생,4.7,76,경기 수원시 영통구 덕영대로1681번길 9,경기 수원시 영통구 영통동 992-8,,127.075043708444,37.2481096852426,http://place.map.kakao.com/37658192,2026-10-09 17:57:27
카카오맵,수원시,음식점 > 한식 > 국수,면미정,4.7,74,경기 수원시 영통구 센트럴파크로 6,경기 수원시 영통구 하동 1021,0507-1408-9126,127.06386666168336,37.286209574265214,http://place.map.kakao.com/1081244739,2026-10-10 02:13:39
카카오맵,수원시,음식점 > 한식 > 국수 > 칼국수,행궁칼국수,4.7,74,경기 수원시 팔달구 정조로 848,경기 수원시 팔달구 북수동 340-1,031-258-5080,127.01637575040743,37.28367663197735,http://place.map.kakao.com/27088551,2026-10-10 00:10:56
카카오맵,수원시,음식점 > 중식 > 중국요리,중화반점 수원정자점,4.7,70,경기 수원시 장안구 정자천로 171,경기 수원시 장안구 정자동 878-2,031-271-2007,126.99447253674386,37.29522624335715,http://place.map.kakao.com/652418322,2026-10-10 00:47:33
카카오맵,수원시,음식점 > 한식 > 국수,돌돌말이국수,4.7,66,경기 수원시 영통구 중부대로 283-5,경기 수원시 영통구 원천동 75-3,031-212-8088,127.046868333663,37.2742111723436,http://place.map.kakao.com/15730143,2026-10-09 22:31:05
카카오맵,수원시,음식점 > 한식 > 곰탕,해를 담다,4.7,66,경기 수원시 권선구 정조로388번길 3,경기 수원시 권선구 세류동 1146-12,0503-7151-9551,127.01477016151732,37.2442220085849,http://place.map.kakao.com/183865701,2026-10-09 17:18:06
카카오맵,수원시,음식점 > 아시아음식 > 인도음식,수엠부 수원점,4.7,65,경기 수원시 팔달구 매산로20번길 9,경기 수원시 팔달구 매산로2가 97-5,031-258-3305,127.003607685525,37.2669507948894,http://place.map.kakao.com/7966850,2026-10-09 19:35:47
카카오맵,수원시,음식점 > 한식 > 국수 > 칼국수,물총칼국수 만석공원점,4.7,63,경기 수원시 장안구 정조로 1094-4,경기 수원시 장안구 송죽동 456-8,031-245-7888,127.0027307346103,37.3027995554822,http://place.map.kakao.com/40221182,2026-10-10 01:21:17
카카오맵,수원시,"음식점 > 한식 > 해물,생선 > 장어",장어대가,4.7,59,경기 수원시 영통구 매영로 219-21,경기 수원시 영통구 원천동 362-32,031-213-6678,127.0649202250814,37.26161329849259,http://place.map.kakao.com/27588250,2026-10-09 21:55:49
카카오맵,수원시,음식점 > 한식 > 해장국 > 제주은희네해장국,제주은희네해장국 수원광교점,4.7,59,경기 수원시 영통구 법조로 25,경기 수원시 영통구 하동 1016-1,070-7537-2068,127.06017787646219,37.287481070398485,http://place.map.kakao.com/1028440945,2026-10-10 02:11:11
카카오맵,수원시,음식점 > 아시아음식 > 인도음식,시타라 광교점,4.7,55,경기 수원시 영통구 센트럴파크로127번길 42,경기 수원시 영통구 이의동 1306-12,031-214-4725,127.054135253186,37.2948418638487,http://place.map.kakao.com/368534217,2026-10-10 02:05:34
카카오맵,수원시,음식점 > 한식 > 해장국 > 양평해장국,양평해장국 서수원점,4.7,54,경기 수원시 권선구 금호로 149,경기 수원시 권선구 구운동 634,031-295-1007,126.96642285519358,37.27398141769201,http://place.map.kakao.com/1589343983,2026-10-09 16:47:56
카카오맵,수원시,음식점 > 한식,찜생찜사 영통점,4.7,53,경기 수원시 영통구 매영로 416,경기 수원시 영통구 영통동 1022-1,031-205-8032,127.07707272810907,37.24830841382404,http://place.map.kakao.com/684107783,2026-10-09 17:59:37
카카오맵,수원시,음식점 > 술집 > 일본식주점,쿠시카츠 와가마마,4.7,53,경기 수원시 영통구 매탄로51번길 6,경기 수원시 영통구 매탄동 1169-7,,127.04026269617965,37.25598462365278,http://place.map.kakao.com/418418322,2026-10-09 20:58:05
카카오맵,수원시,"음식점 > 일식 > 돈까스,우동",복동 본점,4.7,51,경기 수원시 장안구 정조로945번길 17,경기 수원시 장안구 영화동 342-8,031-251-5050,127.011065627023,37.2912820131349,http://place.map.kakao.com/20648048,2026-10-10 00:05:34
카카오맵,수원시,음식점 > 아시아음식 > 동남아음식,오리엔탈가든,4.7,46,경기 수원시 장안구 만석로19번길 11-7,경기 수원시 장안구 천천동 528-3,,126.98321790228688,37.29560091526036,http://place.map.kakao.com/1366801741,2026-10-09 23:21:02
카카오맵,수원시,음식점 > 양식 > 햄버거,원천동수제버거,4.7,44,경기 수원시 영통구 중부대로448번길 71,경기 수원시 영통구 원천동 227,0507-1349-7382,127.06078185878701,37.26726502846256,http://place.map.kakao.com/2037193088,2026-10-09 22:37:55
카카오맵,수원시,"음식점 > 한식 > 육류,고기",돼지새마을본부 영통점,4.7,43,경기 수원시 영통구 영일로21번길 8-17,경기 수원시 영통구 영통동 1006-2,031-305-9112,127.075898005399,37.2502968761102,http://place.map.kakao.com/789304599,2026-10-09 21:29:37
카카오맵,수원시,"음식점 > 한식 > 육류,고기 > 갈비",명원숯불돼지갈비,4.7,42,경기 수원시 장안구 파장천로 91,경기 수원시 장안구 파장동 318-3,031-268-8277,126.998727517874,37.3128641464932,http://place.map.kakao.com/2080113584,2026-10-10 02:36:21
카카오맵,수원시,음식점 > 양식,아블라,4.7,42,경기 수원시 영통구 광교호수공원로 277,경기 수원시 영통구 원천동 589,010-6527-2114,127.05726304927954,37.28340892007238,http://place.map.kakao.com/1731145272,2026-10-10 01:44:30
카카오맵,수원시,음식점 > 양식 > 햄버거,카우보이버거,4.7,38,경기 수원시 영통구 월드컵로179번길 64-2,경기 수원시 영통구 원천동 30-110,031-212-2589,127.04551860084098,37.27591196226162,http://place.map.kakao.com/1006421903,2026-10-09 22:20:27
카카오맵,수원시,음식점 > 한식,뽕가네,4.7,37,경기 수원시 장안구 율전로 73,경기 수원시 장안구 율전동 375-2,031-297-5844,126.96806829153064,37.29704396235657,http://place.map.kakao.com/778857059,2026-10-09 23:04:00
카카오맵,수원시,음식점 > 양식,디아노체,4.7,36,경기 수원시 영통구 법조로 25,경기 수원시 영통구 하동 1016-1,031-215-3313,127.06031059427438,37.28704039504027,http://place.map.kakao.com/1532895684,2026-10-10 02:10:57
카카오맵,수원시,"음식점 > 술집 > 호프,요리주점",엘리펀트캐슬,4.7,34,경기 수원시 영통구 청명남로 48-1,경기 수원시 영통구 영통동 1037-1,010-3400-5308,127.07675352821913,37.25364370232844,http://place.map.kakao.com/1611743604,2026-10-09 21:41:46
카카오맵,수원시,음식점 > 한식 > 해장국,미향해장국,4.7,33,경기 수원시 권선구 매송고색로 735,경기 수원시 권선구 고색동 38-4,031-306-9006,126.98468274204404,37.25211689167805,http://place.map.kakao.com/1415298717,2026-10-09 16:26:23
카카오맵,수원시,음식점 > 한식 > 국수 > 칼국수,언양닭칼국수 수원영통점,4.7,32,경기 수원시 영통구 덕영대로1555번길 16,경기 수원시 영통구 영통동 971-1,070-4814-3003,127.06144373726373,37.24655871605211,http://place.map.kakao.com/618928105,2026-10-09 17:55:22
카카오맵,수원시,음식점 > 한식 > 국밥,정담순대국,4.7,31,경기 수원시 장안구 창훈로60번길 24,경기 수원시 장안구 연무동 59-1,031-255-9277,127.030063338861,37.2982473360881,http://place.map.kakao.com/678863754,2026-10-10 01:38:51
카카오맵,수원시,"음식점 > 간식 > 제과,베이커리",조선꽈배기 영통본점,4.7,29,경기 수원시 영통구 법조로149번길 118,경기 수원시 영통구 하동 969-1,031-204-5255,127.06888327454702,37.29311141607175,http://place.map.kakao.com/1925054777,2026-10-10 02:23:27
카카오맵,수원시,"음식점 > 한식 > 해물,생선 > 장어",참숯풍천장어직판장,4.7,29,경기 수원시 장안구 일월로 86,경기 수원시 장안구 천천동 388-7,031-227-1813,126.97642213302984,37.29029174330256,http://place.map.kakao.com/13036289,2026-10-09 22:56:49
카카오맵,수원시,음식점 > 양식,덴트로키친앤하우스,4.7,27,경기 수원시 영통구 센트럴파크로128번길 60,경기 수원시 영통구 이의동 1296-4,0507-1304-8497,127.05732784990933,37.29599188618446,http://place.map.kakao.com/1333446725,2026-10-10 02:33:39
카카오맵,수원시,음식점 > 간식 > 닭강정 > 가마로강정,가마로강정 신영통점,4.7,26,경기 수원시 영통구 태장로 73,경기 수원시 영통구 망포동 378,031-204-7292,127.0544910728948,37.239288882116846,http://place.map.kakao.com/1893955193,2026-10-09 17:28:18
카카오맵,수원시,음식점 > 한식 > 순대,한양순대,4.7,26,경기 수원시 권선구 매곡로 36-14,경기 수원시 권선구 금곡동 262-25,031-295-5292,126.95282821615824,37.26903006648667,http://place.map.kakao.com/1008005615,2026-10-09 16:31:17
카카오맵,수원시,"음식점 > 한식 > 육류,고기",훈돈가,4.7,26,경기 수원시 영통구 대학1로50번길 9,경기 수원시 영통구 이의동 1261-14,031-215-9295,127.044971076973,37.2994211666685,http://place.map.kakao.com/1529824865,2026-10-10 02:31:40
카카오맵,수원시,음식점 > 한식,안동밥집,4.7,25,경기 수원시 장안구 수성로261번길 46-3,경기 수원시 장안구 정자동 45-50,031-241-8082,126.99986579491863,37.29189253301082,http://place.map.kakao.com/852969111,2026-10-09 23:52:29
카카오맵,수원시,"음식점 > 한식 > 육류,고기",일일양,4.7,25,경기 수원시 영통구 영통로213번길 24,경기 수원시 영통구 영통동 978-1,031-202-3282,127.055592936774,37.2465093468254,http://place.map.kakao.com/1028592098,2026-10-09 17:42:17
카카오맵,수원시,음식점 > 분식 > 떡볶이,대장떡볶이 본점,4.7,24,경기 수원시 팔달구 세지로 425-3,경기 수원시 팔달구 우만동 495-22,031-252-3007,127.030808676137,37.2867336835426,http://place.map.kakao.com/433181478,2026-10-10 00:27:07
카카오맵,수원시,음식점 > 샤브샤브,샤브20 수원권선구점,4.7,24,경기 수원시 권선구 매송고색로 543,경기 수원시 권선구 오목천동 321-20,031-292-4920,126.964033123249,37.2466791224346,http://place.map.kakao.com/1024258138,2026-10-09 15:59:28
카카오맵,수원시,음식점 > 샐러드,그리너프,4.7,23,경기 수원시 권선구 효원로266번길 25,경기 수원시 권선구 권선동 1014-5,031-895-4119,127.03054097088929,37.26052157882573,http://place.map.kakao.com/263850340,2026-10-09 19:04:45
카카오맵,수원시,"음식점 > 한식 > 해물,생선 > 매운탕,해물탕",입큰메기,4.7,23,경기 수원시 권선구 호매실로 22-54,경기 수원시 권선구 탑동 622,031-293-6788,126.972679031247,37.259368129859,http://place.map.kakao.com/27272809,2026-10-09 16:27:31
카카오맵,수원시,음식점 > 한식 > 순대,이박사순대국,4.7,22,경기 수원시 장안구 파장천로 34,경기 수원시 장안구 파장동 585-1,031-253-1995,126.99552175695287,37.30844178855605,http://place.map.kakao.com/8527296,2026-10-10 01:18:40
카카오맵,수원시,음식점 > 간식 > 초콜릿,초코나비,4.7,22,경기 수원시 팔달구 행궁로 37,경기 수원시 팔달구 남창동 100-1,0502-5550-3359,127.01515135860772,37.27923557132159,http://place.map.kakao.com/922912905,2026-10-09 20:40:16
카카오맵,수원시,음식점 > 한식 > 한정식,남도본가 본점,4.7,21,경기 수원시 팔달구 권광로196번길 12,경기 수원시 팔달구 인계동 1119-2,031-224-1577,127.033888662802,37.2646465408524,http://place.map.kakao.com/52890518,2026-10-09 19:18:59
카카오맵,수원시,"음식점 > 한식 > 해물,생선 > 회",물고기자리 영통점,4.7,21,경기 수원시 영통구 청명남로34번길 21,경기 수원시 영통구 영통동 1011-5,031-203-6571,127.076725138589,37.2523254938904,http://place.map.kakao.com/2063112732,2026-10-09 21:38:09
카카오맵,수원시,음식점 > 한식,엄가네도토리,4.7,21,경기 수원시 권선구 세권로304번길 30-8,경기 수원시 권선구 권선동 1293,031-234-3001,127.03587998223,37.25120599598,http://place.map.kakao.com/1503862460,2026-10-09 20:56:26
카카오맵,수원시,"음식점 > 한식 > 육류,고기 > 곱창,막창",율전원곱창,4.7,21,경기 수원시 장안구 서부로2105번길 9,경기 수원시 장안구 율전동 433-145,031-295-1116,126.96971735674316,37.296675871585656,http://place.map.kakao.com/1445316158,2026-10-09 23:01:47
카카오맵,수원시,음식점 > 양식,이산이산,4.7,21,경기 수원시 팔달구 정조로 775-5,경기 수원시 팔달구 팔달로3가 94-2,031-223-8233,127.01607889389349,37.277039614477786,http://place.map.kakao.com/837572262,2026-10-09 20:38:16
카카오맵,수원시,"음식점 > 한식 > 육류,고기",찬이네주먹고기 본점,4.7,21,경기 수원시 장안구 대평로90번길 19,경기 수원시 장안구 정자동 872-2,031-271-9292,126.99402240346122,37.29689043734404,http://place.map.kakao.com/468502993,2026-10-10 00:51:40
카카오맵,수원시,음식점 > 한식 > 순대,남문순대국,4.7,20,경기 수원시 팔달구 정조로791번길 5,경기 수원시 팔달구 팔달로2가 87-1,010-5400-1601,127.01619197334598,37.27855334637158,http://place.map.kakao.com/21352108,2026-10-09 20:40:51
카카오맵,수원시,음식점 > 치킨 > 보드람치킨,보드람치킨 영통점,4.7,20,경기 수원시 영통구 영통로214번길 9,경기 수원시 영통구 영통동 975-13,031-206-9253,127.05764314809467,37.246538101015894,http://place.map.kakao.com/11070602,2026-10-09 17:53:42
카카오맵,수원시,"음식점 > 간식 > 제과,베이커리",브레드몽드,4.7,20,경기 수원시 권선구 권광로56번길 1,경기 수원시 권선구 권선동 1254-2,031-225-5812,127.028657805036,37.2530785314056,http://place.map.kakao.com/22809824,2026-10-09 18:29:19
카카오맵,수원시,"음식점 > 일식 > 초밥,롤",스시윤슬,4.7,20,경기 수원시 권선구 경수대로277번길 8,경기 수원시 권선구 세류동 1102-5,031-222-1833,127.018956912848,37.2520713127173,http://place.map.kakao.com/696463718,2026-10-09 18:20:30
카카오맵,수원시,"음식점 > 양식 > 멕시칸,브라질",트로이케밥 수원점,4.7,20,경기 수원시 영통구 덕영대로 1689,경기 수원시 영통구 영통동 1024-1,010-3714-9508,127.07602416885938,37.24797570523985,http://place.map.kakao.com/251958364,2026-10-09 17:57:24
카카오맵,수원시,"음식점 > 간식 > 제과,베이커리",133베이글,4.7,19,경기 수원시 장안구 대평로 86,경기 수원시 장안구 정자동 877-1,,126.99325556324688,37.29580734937548,http://place.map.kakao.com/2101661967,2026-10-10 00:46:08
카카오맵,수원시,음식점 > 한식 > 죽 > 본죽,본죽 수원인계점,4.7,19,경기 수원시 팔달구 인계로166번길 48-21,경기 수원시 팔달구 인계동 1119,031-234-7680,127.03323247571191,37.26451157056225,http://place.map.kakao.com/7900483,2026-10-09 19:18:16
카카오맵,수원시,음식점 > 한식 > 국수 > 칼국수,세류명가손칼국수,4.7,19,경기 수원시 권선구 세지로 55,경기 수원시 권선구 세류동 874-9,031-236-9992,127.016683358902,37.2570382072293,http://place.map.kakao.com/976796332,2026-10-09 18:23:59
카카오맵,수원시,음식점 > 분식 > 떡볶이 > 청년다방,청년다방 수원호매실점,4.7,19,경기 수원시 권선구 금곡로 206,경기 수원시 권선구 금곡동 1117,031-293-1022,126.95407660286175,37.27407413399194,http://place.map.kakao.com/1563363453,2026-10-09 16:40:33
카카오맵,수원시,음식점 > 양식 > 햄버거,그레이스버거,4.7,18,경기 수원시 영통구 센트럴타운로 107,경기 수원시 영통구 이의동 1331,031-217-0514,127.04814512455552,37.29261888927057,http://place.map.kakao.com/1523440658,2026-10-10 01:59:04
카카오맵,수원시,음식점 > 술집 > 칵테일바,부즈,4.7,18,경기 수원시 팔달구 효원로235번길 46-2,경기 수원시 팔달구 인계동 1030,070-4106-7666,127.02850101425,37.2647524812911,http://place.map.kakao.com/1655828234,2026-10-09 19:07:12
카카오맵,수원시,음식점 > 퓨전요리 > 퓨전한식,비범 광교아브뉴프랑점,4.7,18,경기 수원시 영통구 센트럴타운로 85,경기 수원시 영통구 이의동 1332,0507-1346-3211,127.04965188015638,37.29095675301405,http://place.map.kakao.com/1789214258,2026-10-10 01:53:35
카카오맵,수원시,음식점 > 중식,사천양양훠궈 본점,4.7,18,경기 수원시 팔달구 권광로196번길 27,경기 수원시 팔달구 인계동 1115-18,031-232-1888,127.034790610423,37.2647634147098,http://place.map.kakao.com/973754421,2026-10-09 19:19:05
카카오맵,수원시,음식점 > 양식 > 피자,솔트타운피자,4.7,18,경기 수원시 장안구 화산로213번길 9-4,경기 수원시 장안구 율전동 288-12,0507-1398-0432,126.97305493799148,37.29903198913197,http://place.map.kakao.com/1830157990,2026-10-09 23:17:44
카카오맵,수원시,"음식점 > 한식 > 찌개,전골",영일집,4.7,18,경기 수원시 팔달구 수원천로 314,경기 수원시 팔달구 남수동 72-1,031-244-9288,127.01857185507774,37.28139848036708,http://place.map.kakao.com/1859497080,2026-10-10 00:12:17
카카오맵,수원시,음식점 > 양식,웰컴투두바이,4.7,17,경기 수원시 팔달구 매산로 13-4,경기 수원시 팔달구 매산로1가 47-3,010-4424-0504,127.00290872185924,37.267611277659725,http://place.map.kakao.com/2023124784,2026-10-09 19:36:10
카카오맵,수원시,음식점 > 한식 > 순대,장궁순대국 정자점,4.7,17,경기 수원시 장안구 파장로 77,경기 수원시 장안구 정자동 435-8,031-304-5655,126.99203640515104,37.30623406824169,http://place.map.kakao.com/1672604487,2026-10-10 01:08:33
카카오맵,수원시,"음식점 > 한식 > 육류,고기",채돈이 영통점,4.7,17,경기 수원시 영통구 청명남로34번길 21,경기 수원시 영통구 영통동 1011-5,031-205-4410,127.07688269880282,37.252083911965286,http://place.map.kakao.com/1124658069,2026-10-09 21:38:13
카카오맵,수원시,음식점 > 아시아음식 > 동남아음식 > 베트남음식,씬자우쌀국수,4.7,16,경기 수원시 장안구 창훈로8번길 2,경기 수원시 장안구 연무동 245-49,,127.03104018133999,37.293021067537005,http://place.map.kakao.com/398935855,2026-10-10 00:44:44
카카오맵,수원시,음식점 > 중식 > 중국요리,1080마라탕,4.7,15,경기 수원시 팔달구 향교로 55-1,경기 수원시 팔달구 매산로2가 8-2,,127.00695631986484,37.26968170230292,http://place.map.kakao.com/1318471322,2026-10-09 19:52:08
카카오맵,수원시,음식점 > 치킨 > BHC치킨,BHC치킨 수원화서점,4.7,15,경기 수원시 팔달구 화양로35번길 12,경기 수원시 팔달구 화서동 202-8,031-242-3711,126.99621122504259,37.28102324205907,http://place.map.kakao.com/2015492697,2026-10-09 23:34:21
카카오맵,수원시,"음식점 > 한식 > 육류,고기 > 족발,보쌈 > 가장맛있는족발",가장맛있는족발 광교카페거리점,4.7,15,경기 수원시 영통구 센트럴파크로127번길 171,경기 수원시 영통구 이의동 1317-1,031-212-5849,127.05577616993902,37.29476334244221,http://place.map.kakao.com/26632615,2026-10-10 02:07:29
카카오맵,수원시,음식점 > 치킨,당초고추치킨 본점,4.7,15,경기 수원시 권선구 당진로 18,경기 수원시 권선구 당수동 232-15,031-419-7664,126.94061240486,37.2906585302974,http://place.map.kakao.com/8840313,2026-10-09 22:43:33
카카오맵,수원시,음식점 > 아시아음식 > 튀르키예음식,도다케밥,4.7,15,경기 수원시 장안구 서부로2123번길 28,경기 수원시 장안구 율전동 297,,126.96974483687728,37.29846353605299,http://place.map.kakao.com/140844412,2026-10-09 23:08:02
카카오맵,수원시,"음식점 > 한식 > 육류,고기",돈내고돈먹기,4.7,15,경기 수원시 영통구 중부대로256번길 18,경기 수원시 영통구 매탄동 153-55,031-214-9291,127.043350311378,37.2738773257734,http://place.map.kakao.com/28784738,2026-10-09 22:11:51
카카오맵,수원시,"음식점 > 간식 > 제과,베이커리",못난이,4.7,15,경기 수원시 팔달구 화서문로17번길 14,경기 수원시 팔달구 장안동 109-26,,127.010303637614,37.2857947579069,http://place.map.kakao.com/362365598,2026-10-09 23:44:54
카카오맵,수원시,"음식점 > 간식 > 제과,베이커리",몽소 베이커리앤카페 광교점,4.7,15,경기 수원시 영통구 대학4로 9,경기 수원시 영통구 이의동 1250,031-212-5310,127.04584912018106,37.300323668477674,http://place.map.kakao.com/726046907,2026-10-10 02:32:55
카카오맵,수원시,음식점 > 한식,우리집밥,4.7,15,경기 수원시 장안구 서부로2106번길 26-2,경기 수원시 장안구 율전동 433-118,,126.97166831443937,37.297247612210185,http://place.map.kakao.com/363053524,2026-10-09 23:10:29
카카오맵,수원시,음식점 > 술집 > 와인바,웨스트썬셋,4.7,15,경기 수원시 팔달구 행궁로 61-1,경기 수원시 팔달구 팔달로3가 102-9,,127.015716959589,37.2770874182232,http://place.map.kakao.com/1219601134,2026-10-09 20:38:43
카카오맵,수원시,음식점 > 분식,유정김밥,4.7,15,경기 수원시 장안구 경수대로 1123,경기 수원시 장안구 파장동 555-2,031-253-8733,126.98985644038177,37.311386021483116,http://place.map.kakao.com/1540195383,2026-10-09 23:31:56
카카오맵,수원시,"음식점 > 간식 > 제과,베이커리 > 코코호도",코코호도 망포역점,4.7,15,경기 수원시 영통구 덕영대로 1505,경기 수원시 영통구 영통동 979-2,031-205-2007,127.05557459422577,37.24608856752257,http://place.map.kakao.com/2082826728,2026-10-09 17:39:59
카카오맵,수원시,"음식점 > 간식 > 제과,베이커리",플랫 수원영통점,4.7,15,경기 수원시 영통구 봉영로 1569,경기 수원시 영통구 영통동 960-3,031-206-5626,127.0707079013479,37.25197062456872,http://place.map.kakao.com/1376063224,2026-10-09 21:26:26
카카오맵,수원시,"음식점 > 한식 > 육류,고기",홍대장소고기집 본점,4.7,15,경기 수원시 권선구 덕영대로1207번길 46-9,경기 수원시 권선구 권선동 1194-9,031-235-7727,127.02396352177,37.2510468192966,http://place.map.kakao.com/1282915292,2026-10-09 18:29:09
카카오맵,수원시,"음식점 > 한식 > 육류,고기 > 갈비",화서정숯불갈비,4.7,15,경기 수원시 팔달구 동말로 105,경기 수원시 팔달구 화서동 62-9,031-207-9026,127.00584086289578,37.27888589234775,http://place.map.kakao.com/161226171,2026-10-09 20:05:19
카카오맵,수원시,음식점 > 한식 > 국밥,황가네소고기국밥,4.7,15,경기 수원시 영통구 동수원로 512,경기 수원시 영통구 매탄동 196,031-216-9545,127.04656633349384,37.27266060055846,http://place.map.kakao.com/1739185998,2026-10-09 22:31:19
카카오맵,수원시,"음식점 > 한식 > 육류,고기",가장맛있는뒷고기 천천점,4.7,14,경기 수원시 장안구 덕영대로511번길 29-16,경기 수원시 장안구 천천동 507-13,031-268-7771,126.979999128764,37.2996685972732,http://place.map.kakao.com/1554019024,2026-10-09 23:24:35
카카오맵,수원시,음식점 > 패스트푸드 > 노브랜드버거,노브랜드버거 수원영통구청점,4.7,14,경기 수원시 영통구 효원로 381,경기 수원시 영통구 매탄동 1267-1,070-8811-0157,127.04326876385589,37.25944266761015,http://place.map.kakao.com/773773547,2026-10-09 21:05:28
카카오맵,수원시,음식점 > 중식 > 중국요리,라화플러스 본점,4.7,14,경기 수원시 팔달구 권광로124번길 13,경기 수원시 팔달구 인계동 1132-18,031-234-0913,127.031411628749,37.2587165623023,http://place.map.kakao.com/1061707815,2026-10-09 19:01:59
카카오맵,수원시,"음식점 > 한식 > 육류,고기 > 곱창,막창 > 양철북곱창",양철북 수원탑동점,4.7,14,경기 수원시 권선구 탑동로 14,경기 수원시 권선구 탑동 843-9,031-298-2227,126.975236688757,37.2701875040677,http://place.map.kakao.com/1259418925,2026-10-09 16:52:49
카카오맵,수원시,음식점 > 술집,위스키무드,4.7,14,경기 수원시 영통구 덕영대로1556번길 16,경기 수원시 영통구 영통동 980-3,,127.06067040579113,37.244975078020104,http://place.map.kakao.com/646928001,2026-10-09 17:51:26
카카오맵,수원시,"음식점 > 한식 > 육류,고기",은하식당,4.7,14,경기 수원시 영통구 청명남로50번길 20,경기 수원시 영통구 영통동 1036-6,031-8067-8487,127.077562350569,37.2531467002658,http://place.map.kakao.com/593620906,2026-10-09 21:45:23
카카오맵,수원시,음식점 > 한식 > 해장국 > 일품양평해장국,일품양평해장국 수원고등점,4.7,14,경기 수원시 팔달구 고등로 28,경기 수원시 팔달구 고등동 327,031-258-2250,126.9995433684133,37.27256253414337,http://place.map.kakao.com/1495356791,2026-10-09 19:53:18
카카오맵,수원시,"음식점 > 한식 > 육류,고기 > 삼겹살",태장식당,4.7,14,경기 수원시 영통구 영통로 124,경기 수원시 영통구 망포동 542-11,070-5222-9945,127.056579087342,37.2388914427558,http://place.map.kakao.com/1880351088,2026-10-09 17:30:10
카카오맵,수원시,음식점 > 한식 > 순대,고향순대국,4.7,13,경기 수원시 장안구 월드컵로 447,경기 수원시 장안구 영화동 380-11,031-254-7774,127.02354083283701,37.29449419106264,http://place.map.kakao.com/801039135,2026-10-10 00:40:05
카카오맵,수원시,음식점 > 한식 > 국수,남해멸치국수,4.7,13,경기 수원시 권선구 경수대로277번길 8,경기 수원시 권선구 세류동 1102-5,,127.019049347045,37.2520929229488,http://place.map.kakao.com/12967285,2026-10-09 18:20:49
카카오맵,수원시,음식점 > 간식 > 아이스크림 > 배스킨라빈스,배스킨라빈스 수원연무점,4.7,13,경기 수원시 장안구 창룡대로 175,경기 수원시 장안구 연무동 247-9,031-255-3498,127.02916209195386,37.29219709558624,http://place.map.kakao.com/844107794,2026-10-10 00:43:03
카카오맵,수원시,음식점 > 분식,불어부로뎅 본점,4.7,13,경기 수원시 권선구 곡선로50번길 5-6,경기 수원시 권선구 곡반정동 567-2,,127.029929078127,37.2383154967479,http://place.map.kakao.com/2083153332,2026-10-09 17:11:09
카카오맵,수원시,음식점 > 분식,소풍,4.7,13,경기 수원시 팔달구 팔달로 53,경기 수원시 팔달구 고등동 316-5,010-6643-3472,127.00181528065455,37.27377712406841,http://place.map.kakao.com/1802617900,2026-10-09 20:00:13
카카오맵,수원시,음식점 > 술집,키노,4.7,13,경기 수원시 영통구 월드컵로193번길 43,경기 수원시 영통구 원천동 29-34,0507-1376-6371,127.044881228601,37.2772808856369,http://place.map.kakao.com/1070634540,2026-10-09 22:24:35
카카오맵,수원시,"음식점 > 한식 > 육류,고기 > 오리",낭낭오리집 수원월드컵점,4.7,12,경기 수원시 팔달구 세지로 425,경기 수원시 팔달구 우만동 495-27,031-8019-5292,127.03110186910311,37.28671378401767,http://place.map.kakao.com/474169923,2026-10-10 00:27:10
카카오맵,수원시,음식점 > 양식 > 햄버거 > 뉴욕버거,뉴욕버거 수원이마트점,4.7,12,경기 수원시 권선구 경수대로 270,경기 수원시 권선구 권선동 1189,031-221-2811,127.021695328609,37.2498686907646,http://place.map.kakao.com/1629195665,2026-10-09 17:21:04
카카오맵,수원시,음식점 > 치킨 > 맥시칸치킨,맥시칸치킨 권선2점,4.7,12,경기 수원시 권선구 세권로 310,경기 수원시 권선구 권선동 1286-5,031-222-9959,127.037611665247,37.2519190854511,http://place.map.kakao.com/188874583,2026-10-09 20:57:48
카카오맵,수원시,음식점 > 한식,명동빈대떡,4.7,12,경기 수원시 장안구 창훈로60번길 28-15,경기 수원시 장안구 연무동 7-16,,127.030443662236,37.2988221003942,http://place.map.kakao.com/9031432,2026-10-10 01:40:34
카카오맵,수원시,"음식점 > 술집 > 호프,요리주점",삐딱 수원인계점,4.7,12,경기 수원시 팔달구 권광로188번길 51,경기 수원시 팔달구 인계동 1118-8,031-236-0508,127.035870172992,37.2637998785792,http://place.map.kakao.com/794884668,2026-10-09 21:11:30
카카오맵,수원시,"음식점 > 한식 > 해물,생선 > 추어 > 송담추어탕",송담추어탕 광교점,4.7,12,경기 수원시 영통구 광교중앙로248번길 40,경기 수원시 영통구 하동 988-1,0507-1444-7103,127.06591793142101,37.2913849143574,http://place.map.kakao.com/637402755,2026-10-10 02:18:44
카카오맵,수원시,"음식점 > 술집 > 호프,요리주점",앳더블루,4.7,12,경기 수원시 영통구 영통로218번길 56,경기 수원시 영통구 영통동 974-4,070-4085-7668,127.0603675836518,37.246840395502126,http://place.map.kakao.com/2080350467,2026-10-09 17:55:47
카카오맵,수원시,음식점 > 술집,우락이네술찝,4.7,12,경기 수원시 팔달구 화산로 24,경기 수원시 팔달구 화서동 684-2,031-292-4697,126.9861519321338,37.286467472287804,http://place.map.kakao.com/16468438,2026-10-09 22:55:35
카카오맵,수원시,"음식점 > 한식 > 육류,고기 > 육회본가",육회본가 곡반정점,4.7,12,경기 수원시 권선구 동수원로146번길 281-25,경기 수원시 권선구 곡반정동 548,031-225-7778,127.03020689499715,37.23977151645758,http://place.map.kakao.com/842996453,2026-10-09 17:13:48
카카오맵,수원시,음식점 > 한식 > 순대,장안문순대국,4.7,12,경기 수원시 장안구 파장로21번길 26,경기 수원시 장안구 파장동 495-47,031-252-9700,126.99728954377012,37.30348164035108,http://place.map.kakao.com/12058000,2026-10-10 01:10:21
카카오맵,수원시,음식점 > 치킨 > 처갓집양념치킨,처갓집양념치킨 권선점,4.7,12,경기 수원시 권선구 권선로 708-8,경기 수원시 권선구 권선동 1028-6,031-222-8202,127.028222367966,37.2582109792972,http://place.map.kakao.com/11235712,2026-10-09 18:58:36
카카오맵,수원시,음식점 > 아시아음식 > 동남아음식 > 베트남음식,포유티베트남쌀국수,4.7,12,경기 수원시 장안구 연무로42번길 44-2,경기 수원시 장안구 연무동 215-11,,127.02817696964253,37.2967115320633,http://place.map.kakao.com/1745126264,2026-10-10 01:36:22
카카오맵,수원시,음식점 > 양식 > 피자 > 피자마루,피자마루 화서역점,4.7,12,경기 수원시 팔달구 덕영대로697번길 17,경기 수원시 팔달구 화서동 644-5,031-257-1082,126.99100571211096,37.28487039872292,http://place.map.kakao.com/19201121,2026-10-09 23:36:31
카카오맵,수원시,"음식점 > 한식 > 해물,생선",항아리쭈꾸미,4.7,12,경기 수원시 영통구 덕영대로1556번길 16,경기 수원시 영통구 영통동 980-3,031-202-1208,127.06028153667174,37.244939234820045,http://place.map.kakao.com/108167482,2026-10-09 17:49:50
카카오맵,수원시,음식점 > 한식 > 순대,고향집,4.7,11,경기 수원시 팔달구 팔달문로 19,경기 수원시 팔달구 지동 402-2,031-247-9802,127.01965343789013,37.2778229799059,http://place.map.kakao.com/12132121,2026-10-09 20:45:44
카카오맵,수원시,"음식점 > 간식 > 제과,베이커리",더브레드105,4.7,11,경기 수원시 영통구 인계로220번길 6-63,경기 수원시 영통구 매탄동 923,,127.040607451545,37.2640497393042,http://place.map.kakao.com/802800694,2026-10-09 21:13:43
카카오맵,수원시,"음식점 > 한식 > 육류,고기 > 삼겹살",머내삼겹살 인계점,4.7,11,경기 수원시 팔달구 경수대로466번길 43,경기 수원시 팔달구 인계동 1035-12,031-238-9793,127.02965076890143,37.26721564729952,http://place.map.kakao.com/23488058,2026-10-09 20:27:48
카카오맵,수원시,음식점 > 양식,모모스테이크 아주대점,4.7,11,경기 수원시 팔달구 아주로 51,경기 수원시 팔달구 우만동 571-1,031-216-9966,127.04352498725855,37.27960066876743,http://place.map.kakao.com/26541387,2026-10-09 22:30:33
카카오맵,수원시,음식점 > 중식 > 중국요리,서울간짬뽕,4.7,11,경기 수원시 영통구 영일로 3,경기 수원시 영통구 영통동 991-12,,127.075503548228,37.2480841636745,http://place.map.kakao.com/333609499,2026-10-09 17:57:38
카카오맵,수원시,"음식점 > 일식 > 초밥,롤",스시선율,4.7,11,경기 수원시 영통구 산남로 8,경기 수원시 영통구 매탄동 834-16,,127.04732668642,37.2643355775124,http://place.map.kakao.com/849596269,2026-10-09 21:20:38
카카오맵,수원시,"음식점 > 한식 > 해물,생선",엄마동태섞어탕,4.7,11,경기 수원시 영통구 동수원로513번길 16,경기 수원시 영통구 매탄동 131-3,031-215-3682,127.046313231881,37.2736121988224,http://place.map.kakao.com/1403548369,2026-10-09 22:31:26
카카오맵,수원시,"음식점 > 술집 > 호프,요리주점",초밥본연,4.7,11,경기 수원시 권선구 금곡로197번길 18-39,경기 수원시 권선구 금곡동 1109-1,031-291-9181,126.9535909352584,37.27544127348008,http://place.map.kakao.com/2086722440,2026-10-09 16:46:24
카카오맵,수원시,"음식점 > 한식 > 육류,고기 > 곱창,막창",태영생막창 온수골점,4.7,11,경기 수원시 권선구 세권로304번길 21-9,경기 수원시 권선구 권선동 1290-9,031-233-9033,127.03704435706568,37.251229064576556,http://place.map.kakao.com/960909692,2026-10-09 20:57:05
카카오맵,수원시,"음식점 > 한식 > 해물,생선 > 장어",통영아나고,4.7,11,경기 수원시 권선구 세지로 81,경기 수원시 권선구 세류동 854-12,031-232-2049,127.017815637075,37.2592257748125,http://place.map.kakao.com/16889950,2026-10-09 18:45:00
카카오맵,수원시,"음식점 > 간식 > 제과,베이커리",파란풍차,4.7,11,경기 수원시 권선구 하탑로 47,경기 수원시 권선구 탑동 356-9,031-296-9036,126.976792849185,37.2692768666223,http://place.map.kakao.com/21574181,2026-10-09 16:53:49
카카오맵,수원시,음식점 > 술집 > 와인바,12인치,4.7,10,경기 수원시 팔달구 정조로 868,경기 수원시 팔달구 북수동 171,0507-1362-1479,127.015805558048,37.2855851101184,http://place.map.kakao.com/1206537134,2026-10-10 00:16:06
카카오맵,수원시,"음식점 > 술집 > 호프,요리주점",두더지깡,4.7,10,경기 수원시 팔달구 인계로124번길 49,경기 수원시 팔달구 인계동 1041-1,,127.03036925793056,37.265234074271405,http://place.map.kakao.com/21723778,2026-10-09 20:19:28
카카오맵,수원시,음식점 > 분식,맛도리김밥,4.7,10,경기 수원시 장안구 경수대로994번길 31,경기 수원시 장안구 송죽동 195,0503-7150-8004,127.00390851310542,37.30690824632101,http://place.map.kakao.com/1780604829,2026-10-10 01:28:09
카카오맵,수원시,음식점 > 중식 > 중국요리,맛향소룡포,4.7,10,경기 수원시 팔달구 중부대로 54,경기 수원시 팔달구 인계동 749-7,,127.02282114134125,37.27533554057449,http://place.map.kakao.com/1616152440,2026-10-09 20:37:12
카카오맵,수원시,음식점 > 중식 > 중국요리,미미왕양꼬치마라탕,4.7,10,경기 수원시 장안구 장안로 49,경기 수원시 장안구 영화동 403-18,031-255-8858,127.004363188631,37.28898029740714,http://place.map.kakao.com/652999707,2026-10-09 23:55:19
카카오맵,수원시,"음식점 > 한식 > 찌개,전골",본가부대찌개 인계직영점,4.7,10,경기 수원시 팔달구 경수대로466번길 46,경기 수원시 팔달구 인계동 1034-15,031-223-5505,127.029686696964,37.2668362997601,http://place.map.kakao.com/770017503,2026-10-09 20:22:44
카카오맵,수원시,"음식점 > 한식 > 육류,고기 > 불고기,두루치기",석쇠불고깃집,4.7,10,경기 수원시 권선구 금호로 195,경기 수원시 권선구 구운동 541-4,031-227-5211,126.97136666943885,37.274778335478004,http://place.map.kakao.com/23404942,2026-10-09 16:58:58
카카오맵,수원시,"음식점 > 한식 > 육류,고기 > 삼겹살",솥뚜껑삼겹살 1165-2,4.7,10,경기 수원시 영통구 매탄로65번길 3,경기 수원시 영통구 매탄동 1165-2,031-225-2110,127.04130246661116,37.25682133472533,http://place.map.kakao.com/1973274726,2026-10-09 21:00:01
카카오맵,수원시,"음식점 > 한식 > 해물,생선",옛집민물새우,4.7,10,경기 수원시 권선구 칠보로14번길 134-6,경기 수원시 권선구 호매실동 829-6,031-295-8999,126.942629700541,37.262769630699,http://place.map.kakao.com/1327483435,2026-10-09 16:08:09
카카오맵,수원시,"음식점 > 한식 > 육류,고기 > 닭요리",오투닭갈비&부대찌개 영통구청점,4.7,10,경기 수원시 영통구 매탄로100번길 29,경기 수원시 영통구 매탄동 1265-4,031-214-3221,127.0449676506938,37.259545654502524,http://place.map.kakao.com/119991100,2026-10-09 21:08:58
카카오맵,수원시,"음식점 > 일식 > 돈까스,우동",윤돈 광교점,4.7,10,경기 수원시 영통구 센트럴파크로127번길 74,경기 수원시 영통구 이의동 1306-1,010-2402-9601,127.05236994734777,37.29445070682821,http://place.map.kakao.com/834500684,2026-10-10 02:05:52
카카오맵,수원시,음식점 > 술집 > 일본식주점,이자카야춘 나혜석거리점,4.7,10,경기 수원시 팔달구 인계로166번길 37,경기 수원시 팔달구 인계동 1115-6,031-235-0522,127.035173873946,37.2646731972747,http://place.map.kakao.com/180904269,2026-10-09 21:13:22
카카오맵,수원시,"음식점 > 간식 > 제과,베이커리",초초이,4.7,10,경기 수원시 장안구 정자로20번길 24-13,경기 수원시 장안구 천천동 509-2,,126.97896507587429,37.29887100045565,http://place.map.kakao.com/112266398,2026-10-09 23:24:45
카카오맵,수원시,"음식점 > 한식 > 해물,생선 > 추어",춘풍령 남원추어탕,4.7,10,경기 수원시 영통구 대학1로50번길 15,경기 수원시 영통구 이의동 1261-12,031-212-5057,127.044743100991,37.2991797752337,http://place.map.kakao.com/550219657,2026-10-10 02:30:21
카카오맵,수원시,음식점 > 양식,헝그리스패로,4.7,10,경기 수원시 영통구 매탄로65번길 7,경기 수원시 영통구 매탄동 1165,,127.040981249528,37.2569124516919,http://place.map.kakao.com/1426236667,2026-10-09 21:00:05
카카오맵,수원시,"음식점 > 일식 > 초밥,롤",오사이초밥 수원역점,4.6,312,경기 수원시 팔달구 매산로 6,경기 수원시 팔달구 매산로1가 58-9,031-258-5425,127.002218722713,37.2668183759323,http://place.map.kakao.com/1098840421,2026-10-09 19:30:10
카카오맵,수원시,음식점 > 아시아음식 > 인도음식,그레이트히말라야,4.6,183,경기 수원시 팔달구 매산로 7-1,경기 수원시 팔달구 매산로1가 54-6,031-243-1187,127.00226609010775,37.267372515680414,http://place.map.kakao.com/1247915886,2026-10-09 19:33:37
카카오맵,수원시,음식점 > 한식,정초손만두,4.6,127,경기 수원시 팔달구 권광로207번길 13,경기 수원시 팔달구 인계동 1038,031-225-2260,127.032500359384,37.2660732794733,http://place.map.kakao.com/962717312,2026-10-09 20:25:49
카카오맵,수원시,음식점 > 일식,톤톤톤,4.6,111,경기 수원시 팔달구 향교로1번길 34,경기 수원시 팔달구 매산로1가 12-1,031-777-7777,127.00037317990089,37.268962875080454,http://place.map.kakao.com/1618085200,2026-10-09 19:26:31
카카오맵,수원시,"음식점 > 한식 > 육류,고기 > 닭요리 > 삼계탕",백세삼계탕 수원고색점,4.6,109,경기 수원시 권선구 서부로 1533,경기 수원시 권선구 고색동 431-1,031-271-5888,126.97757088248,37.2461202085298,http://place.map.kakao.com/481731182,2026-10-09 16:03:34
카카오맵,수원시,"음식점 > 한식 > 육류,고기",국보회관 수원인계점,4.6,100,경기 수원시 팔달구 효원로291번길 29,경기 수원시 팔달구 인계동 1123-15,010-4373-2919,127.033978002091,37.2627543266895,http://place.map.kakao.com/1711605058,2026-10-09 19:09:04
카카오맵,수원시,"음식점 > 한식 > 육류,고기 > 닭요리",김래하닭갈비,4.6,88,경기 수원시 영통구 청명남로50번길 21-1,경기 수원시 영통구 영통동 1040-8,031-206-0906,127.077677487266,37.2533052084621,http://place.map.kakao.com/718131884,2026-10-09 21:45:16
카카오맵,수원시,음식점 > 일식,하루인 인계직영점,4.6,74,경기 수원시 팔달구 권광로180번길 53-12,경기 수원시 팔달구 인계동 1121-3,031-224-6588,127.035443858583,37.2634278765499,http://place.map.kakao.com/1412296170,2026-10-09 21:10:57
카카오맵,수원시,음식점 > 중식,갱스덕,4.6,71,경기 수원시 팔달구 효원로249번길 46-9,경기 수원시 팔달구 인계동 1042-14,0503-7151-6850,127.0306395281,37.2644933481071,http://place.map.kakao.com/1678519016,2026-10-09 19:11:10
카카오맵,수원시,"음식점 > 한식 > 육류,고기 > 삼겹살",뭉텅 광교점,4.6,70,경기 수원시 영통구 센트럴타운로 106,경기 수원시 영통구 이의동 1322-5,031-213-7452,127.04984019017691,37.29262719802653,http://place.map.kakao.com/818207467,2026-10-10 02:02:34
카카오맵,수원시,음식점 > 양식,딥,4.6,66,경기 수원시 팔달구 화서문로72번길 19,경기 수원시 팔달구 북수동 239,070-8648-2118,127.016504622197,37.2851399014931,http://place.map.kakao.com/860717535,2026-10-10 00:15:35
카카오맵,수원시,음식점 > 퓨전요리,벨라튀니지,4.6,65,경기 수원시 장안구 서부로2106번길 21,경기 수원시 장안구 율전동 433-63,031-296-8327,126.97135703778,37.2972187041031,http://place.map.kakao.com/1194567292,2026-10-09 23:09:17
카카오맵,수원시,음식점 > 양식 > 햄버거,온더덱,4.6,57,경기 수원시 팔달구 아주로39번길 10-3,경기 수원시 팔달구 우만동 63-2,,127.043032742444,37.2785196009655,http://place.map.kakao.com/1698329772,2026-10-09 22:26:33
카카오맵,수원시,음식점 > 양식 > 햄버거,프레클치킨버거,4.6,57,경기 수원시 팔달구 정조로906번길 22,경기 수원시 팔달구 북수동 19-4,070-7633-1992,127.015773462813,37.2884954692304,http://place.map.kakao.com/1686067322,2026-10-10 00:31:02
카카오맵,수원시,음식점 > 퓨전요리,노체부엌 퓨전 펍,4.6,56,경기 수원시 팔달구 화서문로45번길 21,경기 수원시 팔달구 장안동 99-7,031-242-6050,127.012499304807,37.2862108263596,http://place.map.kakao.com/1151567766,2026-10-09 23:44:24
카카오맵,수원시,음식점 > 한식 > 한정식,시래기담다,4.6,56,경기 수원시 영통구 영통로200번길 55,경기 수원시 영통구 영통동 1112,031-206-0323,127.059746935547,37.244472764458,http://place.map.kakao.com/777739412,2026-10-09 17:49:02
카카오맵,수원시,음식점 > 아시아음식 > 인도음식,난,4.6,53,경기 수원시 팔달구 인계로166번길 45,경기 수원시 팔달구 인계동 1118,031-237-1090,127.035070004879,37.2643470508661,http://place.map.kakao.com/1210036773,2026-10-09 21:13:01
카카오맵,수원시,음식점 > 한식,장터밥상,4.6,49,경기 수원시 영통구 반달로 46,경기 수원시 영통구 영통동 1005-7,031-203-4846,127.076686877031,37.2501630133161,http://place.map.kakao.com/401445865,2026-10-09 21:29:44
카카오맵,수원시,"음식점 > 한식 > 해물,생선 > 장어",99장어88 수원호매실본점,4.6,48,경기 수원시 권선구 호매실로104번길 24-70,경기 수원시 권선구 호매실동 1399-1,031-227-8892,126.96315578176262,37.25919345017622,http://place.map.kakao.com/328700663,2026-10-09 16:20:03
카카오맵,수원시,"음식점 > 한식 > 육류,고기",영포화로 망포점,4.6,43,경기 수원시 영통구 덕영대로1556번길 16,경기 수원시 영통구 영통동 980-3,031-203-9233,127.05994034108264,37.24532775837794,http://place.map.kakao.com/735481597,2026-10-09 17:48:55
카카오맵,수원시,"음식점 > 한식 > 육류,고기",건방진육곳간 수원매탄점,4.6,41,경기 수원시 영통구 매여울로57번길 24,경기 수원시 영통구 매탄동 153-84,031-216-5333,127.04314258212084,37.27340705844836,http://place.map.kakao.com/570281433,2026-10-09 22:11:42
카카오맵,수원시,"음식점 > 일식 > 초밥,롤",초밥집,4.6,39,경기 수원시 장안구 송원로86번길 9,경기 수원시 장안구 조원동 750-26,031-256-5632,127.01057994931787,37.302111623394225,http://place.map.kakao.com/1056234931,2026-10-10 01:05:47
카카오맵,수원시,"음식점 > 한식 > 육류,고기 > 갈비",경성89,4.6,38,경기 수원시 영통구 법조로 25,경기 수원시 영통구 하동 1016-1,031-212-7878,127.05994878460784,37.2872703436534,http://place.map.kakao.com/1386473432,2026-10-10 02:11:01
카카오맵,수원시,음식점 > 한식 > 국밥,왕의국밥 수원 영통본점,4.6,38,경기 수원시 영통구 신원로250번길 13,경기 수원시 영통구 원천동 627,031-888-9740,127.061241010976,37.2578867440997,http://place.map.kakao.com/1454286440,2026-10-09 21:52:09
카카오맵,수원시,"음식점 > 술집 > 호프,요리주점",펀더멘탈브루잉,4.6,38,경기 수원시 영통구 매영로269번길 61,경기 수원시 영통구 원천동 421,,127.067669834892,37.2604331953552,http://place.map.kakao.com/948803110,2026-10-09 21:54:14
카카오맵,수원시,"음식점 > 일식 > 초밥,롤",스시바라기,4.6,37,경기 수원시 권선구 구운로63번길 38,경기 수원시 권선구 구운동 935-6,031-278-6810,126.97072784329418,37.27937078087341,http://place.map.kakao.com/983883783,2026-10-09 17:01:56
카카오맵,수원시,음식점 > 한식 > 국수 > 칼국수,옛날손칼국수,4.6,37,경기 수원시 팔달구 중부대로 36-1,경기 수원시 팔달구 인계동 757-29,031-232-9298,127.02085919271909,37.27514668403909,http://place.map.kakao.com/21611086,2026-10-09 20:35:59
카카오맵,수원시,음식점 > 아시아음식 > 동남아음식 > 태국음식,타이소울 영통구청본점,4.6,37,경기 수원시 영통구 효원로 397,경기 수원시 영통구 매탄동 1267-7,031-221-4660,127.04516688959741,37.259057213449616,http://place.map.kakao.com/865941754,2026-10-09 21:04:46
카카오맵,수원시,음식점 > 아시아음식 > 동남아음식 > 베트남음식,아주쌀국수,4.6,36,경기 수원시 팔달구 아주로47번길 7,경기 수원시 팔달구 우만동 58-15,,127.04330818796487,37.279073640020464,http://place.map.kakao.com/1192962041,2026-10-09 22:25:58
카카오맵,수원시,음식점 > 양식 > 이탈리안,케이쿠치나,4.6,35,경기 수원시 권선구 금곡로118번길 54-3,경기 수원시 권선구 금곡동 1090-5,,126.942706135623,37.2719936299139,http://place.map.kakao.com/513526856,2026-10-09 16:09:24
카카오맵,수원시,"음식점 > 한식 > 육류,고기 > 삼겹살",소문난솥뚜껑삼겹살 원천점,4.6,34,경기 수원시 영통구 매영로 249,경기 수원시 영통구 원천동 417-6,031-212-1066,127.0650702322465,37.259077682344774,http://place.map.kakao.com/533614577,2026-10-09 21:54:21
카카오맵,수원시,"음식점 > 한식 > 육류,고기 > 닭요리",오투닭갈비&부대찌개 광교이의점,4.6,34,경기 수원시 영통구 센트럴파크로127번길 52,경기 수원시 영통구 이의동 1306-9,031-213-0201,127.0536422690594,37.294661880827,http://place.map.kakao.com/27416945,2026-10-10 02:05:25
카카오맵,수원시,"음식점 > 한식 > 육류,고기",일로집 광교호수공원점,4.6,34,경기 수원시 영통구 법조로 25,경기 수원시 영통구 하동 1016-1,031-215-1592,127.0603720084107,37.28768911142308,http://place.map.kakao.com/340840381,2026-10-10 02:16:31
카카오맵,수원시,음식점 > 중식 > 중국요리,경성중화주점,4.6,33,경기 수원시 장안구 연무로 35,경기 수원시 장안구 연무동 237-12,031-7500-1618,127.027405893709,37.2946240096657,http://place.map.kakao.com/1236119041,2026-10-10 00:42:23
카카오맵,수원시,"음식점 > 일식 > 돈까스,우동",경양식 이화 광교본점,4.6,32,경기 수원시 영통구 광교중앙로248번길 7-2,경기 수원시 영통구 하동 989,,127.066670968665,37.2910330878252,http://place.map.kakao.com/214229315,2026-10-10 02:17:33
카카오맵,수원시,"음식점 > 한식 > 육류,고기",대지안집 행궁본점,4.6,31,경기 수원시 팔달구 수원천로 315,경기 수원시 팔달구 남수동 130-2,0507-1356-0561,127.01794041985104,37.28152652534669,http://place.map.kakao.com/1038016835,2026-10-10 00:09:17
카카오맵,수원시,"음식점 > 한식 > 육류,고기 > 갈비",더맛구이구이쪽갈비 일월본점,4.6,31,경기 수원시 권선구 일월천로16번길 20,경기 수원시 권선구 구운동 911-1,031-293-8591,126.97418816864693,37.28337220132622,http://place.map.kakao.com/631096951,2026-10-09 22:50:54
카카오맵,수원시,"음식점 > 한식 > 해물,생선 > 추어",우만골남원추어탕,4.6,31,경기 수원시 팔달구 중부대로223번길 9,경기 수원시 팔달구 우만동 96-14,031-263-5279,127.0405396442893,37.27635798485259,http://place.map.kakao.com/630080206,2026-10-09 22:21:05
카카오맵,수원시,"음식점 > 한식 > 육류,고기",정가네 망포직영점,4.6,31,경기 수원시 영통구 영통로213번길 12,경기 수원시 영통구 영통동 978-10,031-202-8428,127.05621960047256,37.24650634781841,http://place.map.kakao.com/1663019743,2026-10-09 17:42:34
카카오맵,수원시,음식점 > 양식 > 이탈리안,도레미파스타,4.6,29,경기 수원시 장안구 서부로2106번길 26-15,경기 수원시 장안구 율전동 438-11,,126.97230893924956,37.29723695137035,http://place.map.kakao.com/554066548,2026-10-09 23:10:54
카카오맵,수원시,음식점 > 한식 > 국수 > 칼국수,오늘손칼국수&찜 수원점,4.6,29,경기 수원시 팔달구 경수대로 555-1,경기 수원시 팔달구 인계동 953-13,031-223-5989,127.029636028114,37.2756295719254,http://place.map.kakao.com/1338615237,2026-10-09 20:50:31
카카오맵,수원시,음식점 > 아시아음식,파파시아,4.6,29,경기 수원시 영통구 효원로 393,경기 수원시 영통구 매탄동 1267-5,031-214-8874,127.04468104894008,37.25908893429937,http://place.map.kakao.com/500868174,2026-10-09 21:03:06
카카오맵,수원시,음식점 > 한식,고씨네,4.6,28,경기 수원시 팔달구 신풍로 67,경기 수원시 팔달구 장안동 28-9,0502-5554-2312,127.013481680232,37.2870982416668,http://place.map.kakao.com/1481032630,2026-10-10 00:18:07
카카오맵,수원시,"음식점 > 한식 > 육류,고기 > 갈비 > 명륜진사갈비",명륜진사갈비 수원남문점,4.6,28,경기 수원시 팔달구 정조로 794,경기 수원시 팔달구 팔달로2가 16-1,031-258-1689,127.01692611547,37.2789596126673,http://place.map.kakao.com/212917546,2026-10-09 20:41:34
카카오맵,수원시,음식점 > 한식 > 국밥,지장수본가전주콩나물국밥 2호점,4.6,28,경기 수원시 장안구 서부로2123번길 29,경기 수원시 장안구 율전동 297-1,031-298-8878,126.96947983798835,37.29833732286078,http://place.map.kakao.com/1849169051,2026-10-09 23:07:17
카카오맵,수원시,음식점 > 한식,차츰,4.6,28,경기 수원시 영통구 청명북로7번길 13,경기 수원시 영통구 영통동 1035-4,070-4177-9290,127.078465770352,37.2525766454539,http://place.map.kakao.com/7556373,2026-10-09 21:43:46
카카오맵,수원시,음식점 > 양식,플랑문,4.6,28,경기 수원시 팔달구 화서문로51번길 7,경기 수원시 팔달구 장안동 138-3,,127.013117194375,37.2857269016578,http://place.map.kakao.com/1694471651,2026-10-10 00:17:08
카카오맵,수원시,음식점 > 중식 > 양꼬치,미각양꼬치 수원세류점,4.6,27,경기 수원시 권선구 세지로 5,경기 수원시 권선구 세류동 1005-14,031-221-8858,127.014428046118,37.2528180155506,http://place.map.kakao.com/186348817,2026-10-09 18:15:18
카카오맵,수원시,음식점 > 분식,원조기사님분식,4.6,27,경기 수원시 장안구 정조로 957,경기 수원시 장안구 영화동 305-2,031-255-9574,127.0112101712704,37.292565077512606,http://place.map.kakao.com/15755571,2026-10-10 00:05:38
카카오맵,수원시,음식점 > 한식 > 쌈밥,장안먹거리,4.6,27,경기 수원시 장안구 송원로86번길 10-4,경기 수원시 장안구 조원동 752-2,031-8013-3838,127.01036561672399,37.301917919531235,http://place.map.kakao.com/817878250,2026-10-10 01:05:50
카카오맵,수원시,음식점 > 간식 > 아이스크림,조에 젤라떼리아,4.6,27,경기 수원시 장안구 화산로233번길 38,경기 수원시 장안구 율전동 402-5,0502-5552-5412,126.97042170352,37.2980969851218,http://place.map.kakao.com/966653262,2026-10-09 23:12:05
카카오맵,수원시,"음식점 > 한식 > 육류,고기",1119,4.6,26,경기 수원시 영통구 대학1로8번길 54-1,경기 수원시 영통구 이의동 1270-7,0502-5551-0271,127.044251741122,37.2979320239523,http://place.map.kakao.com/1711827491,2026-10-10 02:27:30
카카오맵,수원시,"음식점 > 한식 > 육류,고기 > 족발,보쌈",성대족발보쌈,4.6,26,경기 수원시 장안구 서부로2105번길 16-1,경기 수원시 장안구 율전동 433-103,031-294-1089,126.96918940178415,37.29697848381276,http://place.map.kakao.com/1650333127,2026-10-09 23:05:26
카카오맵,수원시,"음식점 > 한식 > 해물,생선 > 장어",한양수산,4.6,26,경기 수원시 영통구 매여울로57번길 17,경기 수원시 영통구 매탄동 153-100,031-217-6676,127.04324167514224,37.2731853662862,http://place.map.kakao.com/557900117,2026-10-09 22:11:45
카카오맵,수원시,음식점 > 중식 > 중국요리,만빈원,4.6,25,경기 수원시 권선구 효원로94번길 9,경기 수원시 권선구 세류동 97-5,031-232-2836,127.01194464371451,37.26582664816583,http://place.map.kakao.com/489133702,2026-10-09 19:42:32
카카오맵,수원시,음식점 > 중식,진향원 마라탕,4.6,25,경기 수원시 영통구 반달로7번길 30,경기 수원시 영통구 영통동 998-2,010-2345-2006,127.07472531906438,37.25326836346898,http://place.map.kakao.com/1250652460,2026-10-09 21:40:53
카카오맵,수원시,음식점 > 양식,철쿡,4.6,25,경기 수원시 영통구 월드컵로179번길 14-12,경기 수원시 영통구 원천동 29-35,0502-5554-5579,127.04489996202,37.2784468242805,http://place.map.kakao.com/115187794,2026-10-09 22:30:03
카카오맵,수원시,음식점 > 중식 > 양꼬치,칠공강호 양꼬치 수원점,4.6,25,경기 수원시 팔달구 갓매산로 69-1,경기 수원시 팔달구 매산로2가 26-13,031-252-2732,127.00313429473943,37.26979629743931,http://place.map.kakao.com/15579013,2026-10-09 19:44:44
카카오맵,수원시,"음식점 > 한식 > 육류,고기",두껍집 수원영통점,4.6,24,경기 수원시 영통구 매탄로108번길 16,경기 수원시 영통구 매탄동 1262-2,031-216-6692,127.04412588073146,37.26008839892743,http://place.map.kakao.com/419450668,2026-10-09 21:06:08
카카오맵,수원시,"음식점 > 일식 > 초밥,롤",국대초밥 수원점,4.6,23,경기 수원시 장안구 경수대로973번길 13-5,경기 수원시 장안구 송죽동 495-5,031-256-1206,127.00467309123415,37.30360321899808,http://place.map.kakao.com/1454682243,2026-10-10 01:23:24
카카오맵,수원시,"음식점 > 일식 > 돈까스,우동",레인보우돈까스,4.6,23,경기 수원시 장안구 창훈로60번길 36-2,경기 수원시 장안구 연무동 8-6,031-255-1233,127.02995636215866,37.29867805884138,http://place.map.kakao.com/767335029,2026-10-10 01:38:54
카카오맵,수원시,"음식점 > 간식 > 제과,베이커리",버터랏츠,4.6,23,경기 수원시 장안구 경수대로743번길 94,경기 수원시 장안구 연무동 193-398,,127.0193742237788,37.288266070856785,http://place.map.kakao.com/1591753205,2026-10-10 00:37:05
카카오맵,수원시,"음식점 > 일식 > 돈까스,우동",카츠후유,4.6,23,경기 수원시 팔달구 월드컵로211번길 3,경기 수원시 팔달구 우만동 58-27,031-546-1550,127.04287687086662,37.28003790953221,http://place.map.kakao.com/964867646,2026-10-10 01:43:36
카카오맵,수원시,음식점 > 한식 > 국수 > 칼국수,칼국수마당,4.6,23,경기 수원시 장안구 파장천로12번길 35,경기 수원시 장안구 파장동 592-46,031-246-1002,126.9961084502806,37.30606577851169,http://place.map.kakao.com/276493612,2026-10-10 01:12:28
카카오맵,수원시,음식점 > 일식 > 참치회,동진참치,4.6,22,경기 수원시 영통구 대학1로58번길 17,경기 수원시 영통구 이의동 1263-9,031-212-3423,127.045584204242,37.2986874882003,http://place.map.kakao.com/27512705,2026-10-10 02:27:09
카카오맵,수원시,"음식점 > 한식 > 육류,고기 > 족발,보쌈 > 싸움의고수",싸움의고수 수원성대점,4.6,22,경기 수원시 장안구 서부로2106번길 21,경기 수원시 장안구 율전동 433-63,010-8443-5586,126.97135588806,37.2972763701872,http://place.map.kakao.com/1559272307,2026-10-09 23:10:12
카카오맵,수원시,음식점 > 분식,엄마손김밥,4.6,22,경기 수원시 영통구 봉영로1482번길 17-1,경기 수원시 영통구 영통동 984-7,031-202-3370,127.0665505989604,37.2452566495063,http://place.map.kakao.com/10568702,2026-10-09 17:52:10
카카오맵,수원시,음식점 > 분식 > 떡볶이,못난이떡볶이,4.6,21,경기 수원시 권선구 세권로 185,경기 수원시 권선구 권선동 1051,010-3111-4067,127.02460547453283,37.25634572576588,http://place.map.kakao.com/611227910,2026-10-09 18:37:11
카카오맵,수원시,음식점 > 중식 > 양꼬치,하오츠양꼬치,4.6,21,경기 수원시 팔달구 아주로 49,경기 수원시 팔달구 우만동 571-3,031-213-8884,127.043488711532,37.2792654953137,http://place.map.kakao.com/822595932,2026-10-09 22:30:27
카카오맵,수원시,"음식점 > 한식 > 육류,고기 > 고반식당",고반식당 호매실능실점,4.6,20,경기 수원시 권선구 서수원로 361,경기 수원시 권선구 호매실동 1397-1,,126.96450745841017,37.259064112917294,http://place.map.kakao.com/1606902545,2026-10-09 16:20:49
카카오맵,수원시,음식점 > 중식 > 중국요리,뽕박사 신동점,4.6,20,경기 수원시 영통구 영통로 277-18,경기 수원시 영통구 신동 365-1,031-202-6222,127.059475585919,37.251991215917,http://place.map.kakao.com/1006869298,2026-10-09 21:21:37
카카오맵,수원시,"음식점 > 한식 > 해물,생선",조리고 수원오목천점,4.6,20,경기 수원시 권선구 서수원로 134,경기 수원시 권선구 오목천동 672-1,031-548-0940,126.9711636626853,37.23943126277773,http://place.map.kakao.com/1775712410,2026-10-09 16:00:14
카카오맵,수원시,"음식점 > 술집 > 호프,요리주점",팔달맥주,4.6,20,경기 수원시 팔달구 정조로 898,경기 수원시 팔달구 북수동 136-1,010-7355-0717,127.01499524700878,37.288057665674586,http://place.map.kakao.com/664290304,2026-10-10 00:29:48
카카오맵,수원시,"음식점 > 일식 > 돈까스,우동 > 무공돈까스",무공돈까스 수원천천점,4.6,19,경기 수원시 장안구 덕영대로535번길 34,경기 수원시 장안구 천천동 524-2,031-271-9909,126.98223071547214,37.29703071725389,http://place.map.kakao.com/1863652224,2026-10-09 23:23:54
카카오맵,수원시,음식점 > 일식,무릉,4.6,19,경기 수원시 영통구 반달로 30,경기 수원시 영통구 영통동 1008-10,0502-5552-5197,127.075312528179,37.2509423974339,http://place.map.kakao.com/1790425021,2026-10-09 21:30:09
카카오맵,수원시,음식점 > 양식 > 피자,미뜨레화덕피자 수원본점,4.6,19,경기 수원시 영통구 매탄로140번길 68-22,경기 수원시 영통구 매탄동 1252-4,031-213-2821,127.04739846857002,37.261947786913915,http://place.map.kakao.com/1817423164,2026-10-09 21:16:54
카카오맵,수원시,음식점 > 술집 > 와인바,엘리펀트인더룸,4.6,19,경기 수원시 팔달구 정조로905번길 27-16,경기 수원시 팔달구 장안동 27-13,010-7764-5006,127.013007998928,37.2868288841195,http://place.map.kakao.com/700581683,2026-10-10 00:18:36
카카오맵,수원시,음식점 > 술집 > 실내포장마차,오적어,4.6,19,경기 수원시 장안구 연무로42번길 30-1,경기 수원시 장안구 연무동 218-22,031-252-4007,127.027830532162,37.2961989238693,http://place.map.kakao.com/15414048,2026-10-10 01:36:05
카카오맵,수원시,"음식점 > 한식 > 육류,고기 > 곱창,막창",태영생막창 수원시청점,4.6,19,경기 수원시 팔달구 효원로235번길 53,경기 수원시 팔달구 인계동 1025-3,031-225-9282,127.0283016625034,37.2652670240886,http://place.map.kakao.com/1804982162,2026-10-09 20:13:22
카카오맵,수원시,"음식점 > 일식 > 초밥,롤",회전초밥진,4.6,19,경기 수원시 장안구 만석로210번길 56,경기 수원시 장안구 송죽동 459,,127.00397035886161,37.30321579911147,http://place.map.kakao.com/1123893398,2026-10-10 01:21:32
카카오맵,수원시,음식점 > 양식 > 햄버거,달빛 본점,4.6,18,경기 수원시 권선구 효원로256번길 7,경기 수원시 권선구 권선동 1013,070-4242-1617,127.029775974023,37.261648977947,http://place.map.kakao.com/1289843932,2026-10-09 19:08:39
카카오맵,수원시,음식점 > 중식 > 중국요리,라돌이마라탕,4.6,18,경기 수원시 영통구 봉영로 1569,경기 수원시 영통구 영통동 960-3,031-203-9888,127.07131665369266,37.25205135342938,http://place.map.kakao.com/407325723,2026-10-09 21:26:10
카카오맵,수원시,음식점 > 한식 > 해장국,못골해장국,4.6,18,경기 수원시 권선구 금호로246번길 15-4,경기 수원시 권선구 탑동 5-6,031-278-3493,126.97720154505348,37.27488502471683,http://place.map.kakao.com/410553909,2026-10-09 17:01:05
카카오맵,수원시,"음식점 > 한식 > 육류,고기 > 갈비",브라더매운갈비찜 수원점,4.6,18,경기 수원시 팔달구 권광로180번길 46,경기 수원시 팔달구 인계동 1122,031-221-1129,127.03521026117758,37.26292065945248,http://place.map.kakao.com/762771133,2026-10-09 21:09:47
카카오맵,수원시,음식점 > 중식 > 중국요리 > 탕화쿵푸마라탕,탕화쿵푸마라탕 중동점,4.6,18,경기 수원시 팔달구 중부대로 6,경기 수원시 팔달구 중동 33,010-2617-5180,127.01732776480017,37.27504633707816,http://place.map.kakao.com/448947189,2026-10-09 20:33:54
카카오맵,수원시,"음식점 > 한식 > 육류,고기",훈이네구이,4.6,18,경기 수원시 영통구 영통로130번길 29,경기 수원시 영통구 망포동 387-3,0503-7150-6225,127.05774157672235,37.23963784862353,http://place.map.kakao.com/1855041852,2026-10-09 17:46:44
카카오맵,수원시,음식점 > 한식,수구레엄마손백반,4.6,17,경기 수원시 팔달구 팔달문로75번길 84,경기 수원시 팔달구 지동 476-27,031-241-6443,127.02740622027716,37.28308711453402,http://place.map.kakao.com/607212893,2026-10-10 00:20:58
카카오맵,수원시,"음식점 > 한식 > 육류,고기",숯더그릴,4.6,17,경기 수원시 팔달구 세지로 196,경기 수원시 팔달구 인계동 986,0507-1437-1746,127.02297133843182,37.268690334655645,http://place.map.kakao.com/669879010,2026-10-09 20:07:49
카카오맵,수원시,음식점 > 분식 > 떡볶이 > 신전떡볶이,신전떡볶이 수원망포점,4.6,17,경기 수원시 영통구 태장로 83,경기 수원시 영통구 망포동 380-1,031-273-7771,127.05545240647506,37.239304654692276,http://place.map.kakao.com/27232144,2026-10-09 17:29:02
카카오맵,수원시,"음식점 > 한식 > 육류,고기",우돈,4.6,17,경기 수원시 장안구 팔달로247번길 41,경기 수원시 장안구 영화동 358-1,031-253-9293,127.01101807091241,37.28997911646258,http://place.map.kakao.com/372346441,2026-10-10 00:00:11
카카오맵,수원시,음식점 > 양식,우트볼하우스 신동본점,4.6,17,경기 수원시 영통구 권선로882번길 31-51,경기 수원시 영통구 신동 933-8,070-7711-1086,127.043789281102,37.2472549588074,http://place.map.kakao.com/76843883,2026-10-09 17:35:26
카카오맵,수원시,"음식점 > 한식 > 해물,생선 > 회",유쾌한회세꼬시 영통직영점,4.6,17,경기 수원시 영통구 청명남로50번길 5-8,경기 수원시 영통구 영통동 1039-5,031-308-3772,127.077303788028,37.2538244541075,http://place.map.kakao.com/2071161989,2026-10-09 21:50:29
카카오맵,수원시,음식점 > 중식 > 양꼬치,일품양갈비양다리,4.6,17,경기 수원시 영통구 영통로218번길 48,경기 수원시 영통구 영통동 974-2,031-215-5955,127.05991671453866,37.24680458272098,http://place.map.kakao.com/1553492707,2026-10-09 17:54:40
카카오맵,수원시,음식점 > 중식 > 양꼬치,청하양꼬치 영화점,4.6,17,경기 수원시 장안구 팔달로247번길 21,경기 수원시 장안구 영화동 362-3,031-257-4711,127.011628044906,37.2890942385399,http://place.map.kakao.com/1071706587,2026-10-09 23:59:19
카카오맵,수원시,"음식점 > 한식 > 육류,고기 > 닭요리",춘천광판리숯불닭갈비 본점,4.6,17,경기 수원시 장안구 송원로 11,경기 수원시 장안구 송죽동 393-18,031-252-0997,127.00516555086706,37.296966162690545,http://place.map.kakao.com/954678205,2026-10-10 00:56:54
카카오맵,수원시,음식점 > 양식 > 피자,한명숙피자 북수원점,4.6,17,경기 수원시 장안구 송원로23번길 1,경기 수원시 장안구 송죽동 385-4,031-258-9595,127.00590999260427,37.29774642596133,http://place.map.kakao.com/924853996,2026-10-10 00:57:02
카카오맵,수원시,음식점 > 간식 > 호시타코야끼,호시타코야끼 수원권선점,4.6,17,경기 수원시 권선구 동수원로 218-39,경기 수원시 권선구 권선동 1311-8,031-237-7779,127.035981328596,37.2486280775633,http://place.map.kakao.com/1799122140,2026-10-09 17:33:36
카카오맵,수원시,"음식점 > 한식 > 육류,고기",고기에꼬치다,4.6,16,경기 수원시 팔달구 인계로166번길 48-7,경기 수원시 팔달구 인계동 1119-8,031-8004-2622,127.03433937647675,37.264132817004814,http://place.map.kakao.com/1277918796,2026-10-09 19:19:40
카카오맵,수원시,"음식점 > 한식 > 찌개,전골",김치찌개맛있는집,4.6,16,경기 수원시 영통구 태장로 81,경기 수원시 영통구 망포동 382-3,031-309-6003,127.05497277164277,37.23994191767895,http://place.map.kakao.com/1079996894,2026-10-09 17:31:34
카카오맵,수원시,음식점 > 패스트푸드 > 롯데리아,롯데리아 수원파장점,4.6,16,경기 수원시 장안구 파장로 91,경기 수원시 장안구 정자동 534-2,031-268-7087,126.99114519642909,37.30707196808085,http://place.map.kakao.com/34526526,2026-10-10 01:13:54
카카오맵,수원시,"음식점 > 한식 > 육류,고기 > 족발,보쌈",모두의만족 매탄권선점,4.6,16,경기 수원시 영통구 매탄로 49,경기 수원시 영통구 매탄동 1170,,127.04038656152531,37.25573949767613,http://place.map.kakao.com/4272105,2026-10-09 20:58:20
카카오맵,수원시,"음식점 > 한식 > 육류,고기",봉가네,4.6,16,경기 수원시 권선구 서부로 1377,경기 수원시 권선구 오목천동 762-2,031-291-9272,126.9835282024517,37.232810035907654,http://place.map.kakao.com/691711222,2026-10-09 15:55:51
카카오맵,수원시,음식점 > 술집 > 실내포장마차,포차중문 수원역점,4.6,16,경기 수원시 팔달구 향교로 25-1,경기 수원시 팔달구 매산로2가 28-2,010-3341-2855,127.0038388796313,37.26846273542296,http://place.map.kakao.com/1837853811,2026-10-09 19:38:31
카카오맵,수원시,음식점 > 술집 > 일본식주점,한센 수원역점,4.6,16,경기 수원시 팔달구 향교로 49-1,경기 수원시 팔달구 매산로2가 7-11,,127.006355376613,37.269486210122,http://place.map.kakao.com/1066105561,2026-10-09 19:48:33
카카오맵,수원시,"음식점 > 한식 > 육류,고기 > 곱창,막창",황소곱창,4.6,16,경기 수원시 권선구 덕영대로1207번길 26-21,경기 수원시 권선구 권선동 1195-2,031-893-0065,127.023670376662,37.2507837733688,http://place.map.kakao.com/27549048,2026-10-09 18:18:56
카카오맵,수원시,"음식점 > 간식 > 제과,베이커리",르뱅베이커리,4.6,15,경기 수원시 장안구 서부로2135번길 13,경기 수원시 장안구 율전동 295-1,031-308-4050,126.97109237119689,37.299175691953835,http://place.map.kakao.com/630976179,2026-10-09 23:16:35
카카오맵,수원시,"음식점 > 한식 > 육류,고기 > 닭요리",만덕숯닭92 매탄본점,4.6,15,경기 수원시 영통구 매탄로100번길 25,경기 수원시 영통구 매탄동 1265-3,031-216-9289,127.04470266648723,37.25942591615484,http://place.map.kakao.com/1454265068,2026-10-09 21:06:12
카카오맵,수원시,"음식점 > 한식 > 해물,생선 > 회",맛나라횟집,4.6,15,경기 수원시 팔달구 매산로 2-10,경기 수원시 팔달구 매산로1가 57-3,,127.002502795095,37.2658407398865,http://place.map.kakao.com/1880283661,2026-10-09 19:28:30
카카오맵,수원시,음식점 > 한식 > 쌈밥,무영쌈밥정식 인계점,4.6,15,경기 수원시 팔달구 인계로 62,경기 수원시 팔달구 인계동 975-4,031-236-8250,127.024302885695,37.2688621677274,http://place.map.kakao.com/2007131340,2026-10-09 20:28:44
카카오맵,수원시,음식점 > 한식 > 국수 > 칼국수,생각나는손칼국수,4.6,15,경기 수원시 장안구 팔달로271번길 16-16,경기 수원시 장안구 영화동 281-10,031-247-6615,127.01487267208707,37.28981650802604,http://place.map.kakao.com/1073189574,2026-10-10 00:33:20
카카오맵,수원시,"음식점 > 한식 > 육류,고기 > 곱창,막창",서울곱창,4.6,15,경기 수원시 팔달구 아주로 17-24,경기 수원시 팔달구 우만동 73-12,031-213-6953,127.04317178096917,37.27715267267272,http://place.map.kakao.com/16560843,2026-10-09 22:22:29
카카오맵,수원시,"음식점 > 술집 > 호프,요리주점 > 수작",수작 수원영통점,4.6,15,경기 수원시 영통구 청명남로50번길 6-7,경기 수원시 영통구 영통동 1036-18,0507-1476-3054,127.07685923718937,37.25339945094536,http://place.map.kakao.com/1648618337,2026-10-09 21:42:07
카카오맵,수원시,"음식점 > 술집 > 호프,요리주점",신미,4.6,15,경기 수원시 영통구 청명남로50번길 28,경기 수원시 영통구 영통동 1036-9,,127.077922830241,37.2529302131171,http://place.map.kakao.com/1639254346,2026-10-09 21:45:37
카카오맵,수원시,"음식점 > 간식 > 제과,베이커리",한아스콘,4.6,15,경기 수원시 장안구 율전로101번길 13,경기 수원시 장안구 율전동 313-11,010-2101-3396,126.96825491227169,37.29847756240836,http://place.map.kakao.com/1078707938,2026-10-09 23:06:38
카카오맵,수원시,"음식점 > 한식 > 찌개,전골",JVL부대찌개 아브뉴프랑 광교점,4.6,14,경기 수원시 영통구 센트럴타운로 85,경기 수원시 영통구 이의동 1332,070-4070-4346,127.05046765584,37.2915637075664,http://place.map.kakao.com/183851357,2026-10-10 02:01:43
카카오맵,수원시,"음식점 > 한식 > 육류,고기",간사이등심 2층,4.6,14,경기 수원시 영통구 매탄로100번길 25,경기 수원시 영통구 매탄동 1265-3,010-4267-6405,127.044667734355,37.2594493564512,http://place.map.kakao.com/2063610222,2026-10-09 21:05:55
카카오맵,수원시,음식점 > 치킨,골치연구소,4.6,14,경기 수원시 영통구 매영로 400,경기 수원시 영통구 영통동 993-2,031-206-7770,127.0751379831845,37.248838570322974,http://place.map.kakao.com/1104632832,2026-10-09 17:59:04
카카오맵,수원시,음식점 > 한식 > 쌈밥,다인쌈밥,4.6,14,경기 수원시 영통구 도청로18번길 26,경기 수원시 영통구 이의동 1336,,127.056908746429,37.2876070305801,http://place.map.kakao.com/54322072,2026-10-10 01:55:31
카카오맵,수원시,"음식점 > 한식 > 육류,고기",별들의고향,4.6,14,경기 수원시 팔달구 경수대로446번길 35,경기 수원시 팔달구 인계동 1024-14,031-225-5234,127.02856788332569,37.265690449850574,http://place.map.kakao.com/13118284,2026-10-09 20:13:19
카카오맵,수원시,음식점 > 일식,병정문어볼 광교점,4.6,14,경기 수원시 영통구 도청로18번길 26,경기 수원시 영통구 이의동 1336,031-546-0768,127.0569720652621,37.28782865556536,http://place.map.kakao.com/499965330,2026-10-10 01:56:43
카카오맵,수원시,"음식점 > 한식 > 육류,고기",양심소 망포역점,4.6,14,경기 수원시 영통구 덕영대로 1529,경기 수원시 영통구 영통동 976-5,031-206-7677,127.058243675817,37.246258483306,http://place.map.kakao.com/310370762,2026-10-09 17:53:17
카카오맵,수원시,"음식점 > 한식 > 육류,고기 > 닭요리",어그래닭갈비,4.6,14,경기 수원시 영통구 산남로 19,경기 수원시 영통구 매탄동 231-47,031-213-5958,127.04815024606397,37.265254308245304,http://place.map.kakao.com/16097483,2026-10-09 22:02:08
카카오맵,수원시,음식점 > 술집 > 일본식주점,이라부,4.6,14,경기 수원시 장안구 서부로 2135,경기 수원시 장안구 율전동 286-4,,126.97167889706441,37.29910375081375,http://place.map.kakao.com/22763262,2026-10-09 23:15:53
카카오맵,수원시,음식점 > 간식 > 토스트 > 이삭토스트,이삭토스트 수원탑동점,4.6,14,경기 수원시 권선구 탑동로48번길 5-5,경기 수원시 권선구 탑동 766-5,,126.9742535833653,37.273407614742865,http://place.map.kakao.com/10753653,2026-10-09 16:59:34
카카오맵,수원시,음식점 > 양식,탑스키친,4.6,14,경기 수원시 영통구 매탄로108번길 52,경기 수원시 영통구 매탄동 1266-3,010-9359-7957,127.04518181822303,37.259515838546946,http://place.map.kakao.com/1997888091,2026-10-09 21:08:51
카카오맵,수원시,음식점 > 양식 > 이탈리안,파치 성대점,4.6,14,경기 수원시 장안구 서부로 2136,경기 수원시 장안구 율전동 288-13,031-893-0407,126.97237038619949,37.29883630632732,http://place.map.kakao.com/1649788863,2026-10-09 23:17:30
카카오맵,수원시,"음식점 > 한식 > 해물,생선 > 회",강남초장,4.6,13,경기 수원시 장안구 만석로 213,경기 수원시 장안구 송죽동 445-5,010-4141-4670,127.00131183401312,37.30531527239297,http://place.map.kakao.com/386432832,2026-10-10 01:25:18
카카오맵,수원시,음식점 > 양식 > 햄버거,버거비앤비 광교법조타운점,4.6,13,경기 수원시 영통구 광교중앙로248번길 95-9,경기 수원시 영통구 하동 986-1,070-7604-0390,127.067984685218,37.2921478253358,http://place.map.kakao.com/1247400556,2026-10-10 02:20:22
카카오맵,수원시,음식점 > 간식 > 아이스크림 > 빨라쪼델프레도,빨라쪼델프레도 성균관대역사점,4.6,13,경기 수원시 장안구 서부로 2149,경기 수원시 장안구 율전동 495,070-8848-4224,126.97181281837562,37.29989849716579,http://place.map.kakao.com/104799387,2026-10-09 23:18:08
카카오맵,수원시,"음식점 > 한식 > 사철탕,영양탕",수원흑염소,4.6,13,경기 수원시 장안구 파장천로 139,경기 수원시 장안구 파장동 349-7,031-269-3937,127.00221113526761,37.31575825546311,http://place.map.kakao.com/60239740,2026-10-10 02:36:42
카카오맵,수원시,"음식점 > 간식 > 제과,베이커리",에낭 수원점,4.6,13,경기 수원시 팔달구 화서문로45번길 29-12,경기 수원시 팔달구 장안동 91-1,010-6431-8711,127.011837403038,37.2865406745862,http://place.map.kakao.com/471527913,2026-10-09 23:44:31
카카오맵,수원시,음식점 > 일식,영스케,4.6,13,경기 수원시 영통구 효원로358번길 39-2,경기 수원시 영통구 매탄동 1163,,127.040077511954,37.2575137568212,http://place.map.kakao.com/570882307,2026-10-09 21:00:53
카카오맵,수원시,"음식점 > 한식 > 해물,생선 > 회",정훈수산,4.6,13,경기 수원시 권선구 세권로 243,경기 수원시 권선구 권선동 1369,010-8853-8881,127.0305365607901,37.25518199868694,http://place.map.kakao.com/68695720,2026-10-09 18:41:41
카카오맵,수원시,음식점 > 치킨 > 처갓집양념치킨,처갓집양념치킨 율전점,4.6,13,경기 수원시 장안구 율전로101번길 43,경기 수원시 장안구 율전동 360-9,031-295-9282,126.966371318842,37.2985833645584,http://place.map.kakao.com/1320563937,2026-10-09 23:00:58
카카오맵,수원시,음식점 > 분식,행복한참김밥,4.6,13,경기 수원시 권선구 수성로35번길 60,경기 수원시 권선구 구운동 889,031-291-9906,126.97652633245836,37.28522432333895,http://place.map.kakao.com/900469321,2026-10-09 22:52:41
카카오맵,수원시,음식점 > 한식,허담,4.6,13,경기 수원시 팔달구 정조로791번길 10,경기 수원시 팔달구 팔달로2가 109-1,031-252-1588,127.015977768434,37.2787155626644,http://place.map.kakao.com/1765249994,2026-10-09 20:40:57
카카오맵,수원시,음식점 > 중식 > 중국요리,79짬뽕 구운점,4.6,12,경기 수원시 권선구 수인로 199,경기 수원시 권선구 구운동 507-13,031-227-1179,126.97824953458861,37.27698464588006,http://place.map.kakao.com/765420433,2026-10-09 17:04:26
카카오맵,수원시,"음식점 > 한식 > 육류,고기 > 족발,보쌈",고려왕족발 수원본점,4.6,12,경기 수원시 팔달구 경수대로 567,경기 수원시 팔달구 인계동 952-20,0502-5550-8664,127.02991148150561,37.2764782826097,http://place.map.kakao.com/13020477,2026-10-09 20:52:35
카카오맵,수원시,음식점 > 중식 > 양꼬치,서수원 양꼬치양갈비참숯구이,4.6,12,경기 수원시 권선구 일월천로15번길 6-5,경기 수원시 권선구 구운동 899-2,031-298-2168,126.9729564939567,37.28416754389635,http://place.map.kakao.com/38168728,2026-10-09 22:52:32
카카오맵,수원시,"음식점 > 한식 > 육류,고기",소담153&막국수,4.6,12,경기 수원시 권선구 평동로79번길 45,경기 수원시 권선구 평동 179,,126.99368711570969,37.26017754705281,http://place.map.kakao.com/1323329308,2026-10-09 18:04:47
카카오맵,수원시,음식점 > 중식 > 양꼬치,송림양꼬치 수원점,4.6,12,경기 수원시 팔달구 화양로 15,경기 수원시 팔달구 화서동 135-20,031-245-1688,126.99809436752582,37.27978886300672,http://place.map.kakao.com/366249850,2026-10-09 19:55:37
카카오맵,수원시,음식점 > 술집 > 일본식주점,쇼텐 영통점,4.6,12,경기 수원시 영통구 청명남로50번길 13-3,경기 수원시 영통구 영통동 1039-9,070-8836-8088,127.07740956277,37.2536459783764,http://place.map.kakao.com/2057430955,2026-10-09 21:45:26
카카오맵,수원시,음식점 > 한식,옛날돈까스,4.6,12,경기 수원시 장안구 연무로13번길 64,경기 수원시 장안구 연무동 234-9,,127.026282643812,37.2947774407885,http://place.map.kakao.com/1565937902,2026-10-10 00:42:45
카카오맵,수원시,음식점 > 치킨,오븐과숯불바베큐,4.6,12,경기 수원시 장안구 금당로39번길 34,경기 수원시 장안구 조원동 861-1,031-246-4202,127.017221628473,37.3040796073967,http://place.map.kakao.com/1383689489,2026-10-10 01:43:01
카카오맵,수원시,"음식점 > 한식 > 육류,고기",장인화로 만석공원점,4.6,12,경기 수원시 장안구 정조로 1092,경기 수원시 장안구 송죽동 456-15,031-247-9999,127.002684480305,37.3025490684573,http://place.map.kakao.com/1076701411,2026-10-10 01:21:43
카카오맵,수원시,"음식점 > 한식 > 육류,고기",하르방돈가 본점,4.6,12,경기 수원시 권선구 금곡로 225,경기 수원시 권선구 금곡동 1115-4,0507-1321-9094,126.95475233491007,37.27536513464341,http://place.map.kakao.com/466536693,2026-10-09 16:46:14
카카오맵,수원시,음식점 > 분식,153김밥,4.6,11,경기 수원시 영통구 영통로90번길 4-8,경기 수원시 영통구 망포동 483,031-204-8886,127.060284639786,37.2375146182161,http://place.map.kakao.com/540689417,2026-10-09 17:45:44
카카오맵,수원시,"음식점 > 한식 > 육류,고기",국돼화로,4.6,11,경기 수원시 영통구 권선로908번길 50,경기 수원시 영통구 신동 935-6,0502-5554-0074,127.044014512976,37.2469286971288,http://place.map.kakao.com/853621819,2026-10-09 17:36:08
카카오맵,수원시,"음식점 > 한식 > 육류,고기 > 삼겹살",돈미가,4.6,11,경기 수원시 영통구 센트럴타운로 107,경기 수원시 영통구 이의동 1331,031-216-9293,127.04858821627711,37.29242047991832,http://place.map.kakao.com/2130988373,2026-10-10 01:58:51
카카오맵,수원시,"음식점 > 간식 > 제과,베이커리 > 뚜레쥬르",뚜레쥬르 카페수원스카이뷰,4.6,11,경기 수원시 장안구 이목로 24-9,경기 수원시 장안구 정자동 600-31,070-4109-0249,126.98487081558,37.3092797701113,http://place.map.kakao.com/1268454433,2026-10-09 23:30:01
카카오맵,수원시,"음식점 > 한식 > 육류,고기",몰래먹은뒷고기,4.6,11,경기 수원시 영통구 중부대로256번길 18,경기 수원시 영통구 매탄동 153-55,031-215-2654,127.0433322775,37.2738881448629,http://place.map.kakao.com/26958148,2026-10-09 22:11:48
카카오맵,수원시,"음식점 > 한식 > 해물,생선",바닿,4.6,11,경기 수원시 영통구 태장로 83,경기 수원시 영통구 망포동 380-1,031-273-0704,127.05523151064989,37.2392966485099,http://place.map.kakao.com/335801160,2026-10-09 17:29:06
카카오맵,수원시,음식점 > 한식 > 죽 > 본죽,본죽 동수원점,4.6,11,경기 수원시 팔달구 권광로 373,경기 수원시 팔달구 우만동 600,031-215-1510,127.03244625158912,37.27922578705819,http://place.map.kakao.com/16341794,2026-10-09 20:54:54
카카오맵,수원시,음식점 > 일식,순한,4.6,11,경기 수원시 장안구 송정로187번길 41,경기 수원시 장안구 조원동 766,010-6753-7706,127.015052925538,37.3002063478647,http://place.map.kakao.com/1939986916,2026-10-10 01:30:46
카카오맵,수원시,"음식점 > 간식 > 제과,베이커리",엑스에이크,4.6,11,경기 수원시 팔달구 권광로196번길 57,경기 수원시 팔달구 인계동 1116-5,070-4647-2552,127.036473617053,37.26444123618396,http://place.map.kakao.com/1748528299,2026-10-09 21:13:33
카카오맵,수원시,"음식점 > 한식 > 육류,고기 > 족발,보쌈",우만동족발집 율전점,4.6,11,경기 수원시 장안구 율전로 92,경기 수원시 장안구 율전동 399-17,070-8211-0597,126.968701895266,37.2976433212374,http://place.map.kakao.com/964707665,2026-10-09 23:03:49
카카오맵,수원시,"음식점 > 일식 > 초밥,롤",이정초밥돈까스,4.6,11,경기 수원시 장안구 팔달로271번길 16-16,경기 수원시 장안구 영화동 281-10,031-246-8700,127.01492004315456,37.28984623631557,http://place.map.kakao.com/22710283,2026-10-10 00:33:23
카카오맵,수원시,음식점 > 치킨,일품숯불닭바베큐,4.6,11,경기 수원시 권선구 권중로 62,경기 수원시 권선구 권선동 1257-3,031-238-8284,127.03110457755385,37.252184078420186,http://place.map.kakao.com/10744886,2026-10-09 18:33:11
카카오맵,수원시,음식점 > 한식 > 국수 > 칼국수,정가네홍두깨손칼국수,4.6,11,경기 수원시 권선구 구운로63번길 3,경기 수원시 권선구 구운동 946-8,031-296-1289,126.972554639922,37.279079281602,http://place.map.kakao.com/432310835,2026-10-09 17:02:03
카카오맵,수원시,음식점 > 한식,탐복 광교점,4.6,11,경기 수원시 영통구 센트럴파크로127번길 147-1,경기 수원시 영통구 이의동 1318-1,031-215-7700,127.055231225473,37.2944773383997,http://place.map.kakao.com/1560961699,2026-10-10 02:07:09
카카오맵,수원시,음식점 > 술집 > 일본식주점,파코,4.6,11,경기 수원시 팔달구 인계로108번길 9,경기 수원시 팔달구 인계동 1035-11,010-5525-5687,127.02938920206516,37.26719318647795,http://place.map.kakao.com/1665912064,2026-10-09 20:28:05
카카오맵,수원시,음식점 > 한식 > 순대,한동옥듬뿍순대국,4.6,11,경기 수원시 권선구 금호로 143-1,경기 수원시 권선구 탑동 146-2,0502-5554-3339,126.965666259554,37.2740667995278,http://place.map.kakao.com/825870662,2026-10-09 16:48:00
카카오맵,수원시,"음식점 > 한식 > 육류,고기 > 불고기,두루치기",강경불고기 수원탑동점,4.6,10,경기 수원시 권선구 서부로 1822-55,경기 수원시 권선구 탑동 180,031-292-2761,126.969828115074,37.2735047829937,http://place.map.kakao.com/1693981233,2026-10-09 16:58:30
카카오맵,수원시,"음식점 > 한식 > 육류,고기",광교한우전문점,4.6,10,경기 수원시 영통구 법조로149번길 246,경기 수원시 영통구 하동 966-2,031-217-1471,127.06912858234307,37.29374199930969,http://place.map.kakao.com/22509892,2026-10-10 02:25:23
카카오맵,수원시,음식점 > 한식 > 국수 > 칼국수,구시장칼국수,4.6,10,경기 수원시 권선구 입북로 41,경기 수원시 권선구 입북동 251-12,,126.95914224804284,37.29539051747776,http://place.map.kakao.com/138236554,2026-10-09 23:00:48
카카오맵,수원시,"음식점 > 술집 > 호프,요리주점",다락방,4.6,10,경기 수원시 팔달구 팔달문로130번길 69,경기 수원시 팔달구 우만동 561-8,,127.0316683118302,37.27944945559717,http://place.map.kakao.com/869801532,2026-10-09 20:53:56
카카오맵,수원시,음식점 > 한식 > 감자탕,대경감자탕순대국,4.6,10,경기 수원시 영통구 영통로501번길 36,경기 수원시 영통구 영통동 952-1,031-895-5531,127.07683602282,37.2649472291265,http://place.map.kakao.com/433557767,2026-10-09 21:56:31
카카오맵,수원시,"음식점 > 간식 > 제과,베이커리",명인제빵소,4.6,10,경기 수원시 영통구 태장로 72,경기 수원시 영통구 망포동 651-6,,127.05399607080152,37.23893319573731,http://place.map.kakao.com/1668551176,2026-10-09 17:28:35
카카오맵,수원시,음식점 > 한식,밥밥디라라 수원성균관대점,4.6,10,경기 수원시 장안구 서부로2106번길 26-3,경기 수원시 장안구 율전동 433-128,031-278-6750,126.97162314275396,37.29740077768841,http://place.map.kakao.com/455611650,2026-10-09 23:09:45
카카오맵,수원시,음식점 > 퓨전요리 > 퓨전한식 > 본죽&비빔밥cafe,본죽&비빔밥cafe 수원정자백설마을점,4.6,10,경기 수원시 장안구 대평로90번길 16,경기 수원시 장안구 정자동 876-8,031-269-6233,126.99379687225621,37.29642188640129,http://place.map.kakao.com/16918738,2026-10-10 00:48:11
카카오맵,수원시,"음식점 > 한식 > 해물,생선 > 추어",산천추어탕칡냉면,4.6,10,경기 수원시 권선구 매송고색로711번길 9,경기 수원시 권선구 고색동 890-53,031-292-8959,126.981817555031,37.2516749748213,http://place.map.kakao.com/76007600,2026-10-09 16:24:47
카카오맵,수원시,음식점 > 분식,얌얌,4.6,10,경기 수원시 팔달구 정조로860번길 19,경기 수원시 팔달구 북수동 248,031-252-8267,127.016915096771,37.2851470518599,http://place.map.kakao.com/516174351,2026-10-10 00:16:33
카카오맵,수원시,"음식점 > 한식 > 해물,생선 > 회",완도어시장,4.6,10,경기 수원시 권선구 세지로66번길 49-23,경기 수원시 권선구 권선동 994-14,031-236-9191,127.02036754493962,37.25822700771585,http://place.map.kakao.com/322200612,2026-10-09 18:47:56
카카오맵,수원시,음식점 > 술집,인계동술집 히든플레이스,4.6,10,경기 수원시 팔달구 권광로187번길 34,경기 수원시 팔달구 인계동 1041-3,010-6413-9060,127.03092156716156,37.26497713434886,http://place.map.kakao.com/1974954157,2026-10-09 19:13:19
카카오맵,수원시,음식점 > 술집 > 칵테일바,잇바,4.6,10,경기 수원시 장안구 정조로1102번길 2,경기 수원시 장안구 송죽동 455-18,031-254-5575,127.0021036073591,37.30299779626242,http://place.map.kakao.com/16797478,2026-10-10 01:21:57
카카오맵,수원시,"음식점 > 술집 > 호프,요리주점",주꼬로,4.6,10,경기 수원시 장안구 서부로2105번길 26-5,경기 수원시 장안구 율전동 433-100,031-8019-9341,126.968734771011,37.2972378632715,http://place.map.kakao.com/453060892,2026-10-09 23:03:33
카카오맵,수원시,"음식점 > 한식 > 육류,고기 > 닭요리",테트리스찜닭 광교점,4.6,10,경기 수원시 영통구 대학3로4번길 15,경기 수원시 영통구 이의동 1256-1,031-305-7858,127.04268547965339,37.30053209016223,http://place.map.kakao.com/1735265109,2026-10-10 02:29:44
카카오맵,수원시,음식점 > 한식,통일맛집,4.6,10,경기 수원시 팔달구 세지로 411,경기 수원시 팔달구 우만동 492-15,031-247-2277,127.02976861044728,37.285897785731684,http://place.map.kakao.com/1623101354,2026-10-10 00:27:13
카카오맵,수원시,음식점 > 아시아음식 > 동남아음식 > 베트남음식,퍼깜띤,4.6,10,경기 수원시 권선구 권중로 110,경기 수원시 권선구 권선동 1265,0502-5550-8839,127.029675154774,37.2489109517267,http://place.map.kakao.com/599423108,2026-10-09 17:24:30
카카오맵,수원시,"음식점 > 한식 > 찌개,전골",풍림식당,4.6,10,,경기 수원시 팔달구 인계동 208-6,031-225-6050,127.02823171671399,37.27721574599016,http://place.map.kakao.com/412507741,2026-10-09 20:51:37
카카오맵,수원시,"음식점 > 일식 > 초밥,롤",하시도,4.6,10,경기 수원시 장안구 팔달로259번길 25,경기 수원시 장안구 영화동 334-1,010-2766-8715,127.01252697054835,37.28983750338964,http://place.map.kakao.com/1356090195,2026-10-10 00:31:45
카카오맵,수원시,"음식점 > 한식 > 해물,생선",홍대장찜,4.6,10,경기 수원시 권선구 일월천로4번길 35-12,경기 수원시 권선구 구운동 914-1,031-227-8517,126.974113884704,37.2829613112193,http://place.map.kakao.com/26464968,2026-10-09 22:50:40
카카오맵,수원시,음식점 > 한식,희주반가72,4.6,10,경기 수원시 영통구 대학1로50번길 10,경기 수원시 영통구 이의동 1260-3,0502-5551-5024,127.044732056954,37.2995762355563,http://place.map.kakao.com/688888297,2026-10-10 02:30:27
카카오맵,수원시,"음식점 > 일식 > 돈까스,우동",한조카츠,4.5,166,경기 수원시 팔달구 중부대로239번길 78,경기 수원시 팔달구 우만동 54,031-213-6822,127.04211737079386,37.27891188252012,http://place.map.kakao.com/223879734,2026-10-09 22:25:48
카카오맵,수원시,음식점 > 한식 > 곰탕,윤가곰탕,4.5,142,경기 수원시 영통구 매영로345번길 7,경기 수원시 영통구 영통동 961-6,031-202-2211,127.07084938661887,37.252598567506084,http://place.map.kakao.com/16176930,2026-10-09 21:25:36
카카오맵,수원시,음식점 > 한식 > 국밥,이수국밥,4.5,114,경기 수원시 영통구 청명남로50번길 13-1,경기 수원시 영통구 영통동 1039-8,031-890-8343,127.07730350999942,37.25355233914479,http://place.map.kakao.com/260304054,2026-10-09 21:45:13
카카오맵,수원시,음식점 > 한식 > 순대,백년광명순대국,4.5,89,경기 수원시 영통구 영통로90번길 4-9,경기 수원시 영통구 망포동 485-3,,127.060050398103,37.2377246809695,http://place.map.kakao.com/1327510014,2026-10-09 17:45:13
카카오맵,수원시,음식점 > 한식 > 국수 > 칼국수,홍남매손칼국수,4.5,89,경기 수원시 장안구 광교산로 42,경기 수원시 장안구 영화동 27-3,031-242-9599,127.02282706281132,37.29494214649314,http://place.map.kakao.com/1841535068,2026-10-10 00:39:47
카카오맵,수원시,음식점 > 한식 > 국수,한창희천하일면 수원성대점,4.5,88,경기 수원시 장안구 화산로233번길 46,경기 수원시 장안구 율전동 433-113,031-227-4775,126.97023797918168,37.29779779480446,http://place.map.kakao.com/1416660333,2026-10-09 23:04:36
카카오맵,수원시,"음식점 > 한식 > 육류,고기",보리네주먹고기,4.5,87,경기 수원시 장안구 율전로98번길 6-9,경기 수원시 장안구 율전동 401-4,031-295-5664,126.969047032081,37.2976145788274,http://place.map.kakao.com/18515289,2026-10-09 23:04:32
카카오맵,수원시,음식점 > 한식 > 국밥,안녕돼지국밥,4.5,85,경기 수원시 권선구 권선로 703,경기 수원시 권선구 권선동 1021-11,,127.028415448503,37.2590552103713,http://place.map.kakao.com/1257153645,2026-10-09 18:58:11
카카오맵,수원시,음식점 > 한식 > 해장국,원마포해장,4.5,82,경기 수원시 권선구 서부로 1380,경기 수원시 권선구 오목천동 760-6,031-222-3293,126.984768810112,37.2333156892599,http://place.map.kakao.com/861592531,2026-10-09 15:55:41
카카오맵,수원시,음식점 > 술집 > 와인바,노체부어 스페니쉬와인바,4.5,78,경기 수원시 팔달구 정조로905번길 41,경기 수원시 팔달구 장안동 26-4,031-256-6882,127.01258514451949,37.28702355418538,http://place.map.kakao.com/1392346562,2026-10-10 00:17:57
카카오맵,수원시,"음식점 > 한식 > 육류,고기",제주할망돈가 망포본점,4.5,78,경기 수원시 영통구 동탄지성로 454-11,경기 수원시 영통구 망포동 668-5,0507-1311-5292,127.04708747377374,37.233201885274575,http://place.map.kakao.com/1984147839,2026-10-09 17:25:25
카카오맵,수원시,음식점 > 중식 > 중국요리,도원반점 수원영통점,4.5,66,경기 수원시 영통구 청명남로34번길 8,경기 수원시 영통구 영통동 1010-2,031-273-4863,127.07598688364423,37.25237552735206,http://place.map.kakao.com/1978824411,2026-10-09 21:37:59
카카오맵,수원시,"음식점 > 한식 > 육류,고기 > 족발,보쌈",보약족발,4.5,65,경기 수원시 영통구 청명로77번길 33,경기 수원시 영통구 영통동 1034-1,031-203-8088,127.07782092887474,37.25248876873517,http://place.map.kakao.com/488755117,2026-10-09 21:43:33
카카오맵,수원시,음식점 > 아시아음식 > 동남아음식 > 베트남음식,전티마이베트남쌀국수 망포점,4.5,65,경기 수원시 영통구 영통로 195,경기 수원시 영통구 망포동 322-3,,127.05579934397011,37.24518201070241,http://place.map.kakao.com/1145445458,2026-10-09 17:38:47
카카오맵,수원시,음식점 > 아시아음식 > 동남아음식 > 베트남음식,포자우,4.5,62,경기 수원시 장안구 월드컵로428번길 16,경기 수원시 장안구 연무동 236-37,031-252-1104,127.02617529267935,37.29417557153019,http://place.map.kakao.com/1195107807,2026-10-10 00:42:20
카카오맵,수원시,음식점 > 아시아음식 > 인도음식,히말라야정원,4.5,61,경기 수원시 팔달구 권광로180번길 19,경기 수원시 팔달구 인계동 1120-9,031-254-0977,127.033874632349,37.2635256484852,http://place.map.kakao.com/1511929845,2026-10-09 19:16:15
카카오맵,수원시,음식점 > 한식 > 국수 > 칼국수,백령도생바지락칼국수,4.5,59,경기 수원시 장안구 화산로233번길 49,경기 수원시 장안구 율전동 433-116,031-295-0727,126.97040047284,37.2975896960069,http://place.map.kakao.com/16936311,2026-10-09 23:09:14
카카오맵,수원시,음식점 > 양식,퀸스타운 광교,4.5,57,경기 수원시 영통구 웰빙타운로36번길 46-246,경기 수원시 영통구 이의동 1222-3,031-306-2024,127.054792751779,37.3119170955277,http://place.map.kakao.com/1000889516,2026-10-10 02:38:54
카카오맵,수원시,음식점 > 한식,제주고사리닭칼국수 시콜,4.5,56,경기 수원시 영통구 센트럴타운로 106,경기 수원시 영통구 이의동 1322-5,031-212-5353,127.04987965667985,37.29261817102426,http://place.map.kakao.com/77458010,2026-10-10 02:02:41
카카오맵,수원시,음식점 > 한식,만다,4.5,55,경기 수원시 장안구 서부로2105번길 16-6,경기 수원시 장안구 율전동 407-20,,126.96964726851799,37.29707861723572,http://place.map.kakao.com/27258679,2026-10-09 23:05:05
카카오맵,수원시,음식점 > 한식 > 해장국,마포해장뼈다귀,4.5,53,경기 수원시 권선구 오목천로 143-1,경기 수원시 권선구 고색동 485-2,031-297-3293,126.97583555208016,37.244898050143256,http://place.map.kakao.com/1776944026,2026-10-09 16:03:47
카카오맵,수원시,음식점 > 아시아음식 > 동남아음식 > 베트남음식 > 미분당,미분당 수원망포점,4.5,53,경기 수원시 영통구 덕영대로 1470,경기 수원시 영통구 망포동 41-51,070-7797-7014,127.05088513301388,37.24495265582046,http://place.map.kakao.com/1728042815,2026-10-09 17:38:02
카카오맵,수원시,음식점 > 술집 > 일본식주점,한센 행궁점,4.5,53,경기 수원시 팔달구 정조로900번길 13,경기 수원시 팔달구 북수동 15-1,070-8287-0909,127.015468866181,37.2879512821945,http://place.map.kakao.com/203873027,2026-10-10 00:30:58
카카오맵,수원시,음식점 > 일식 > 일본식라면,멘츠루 수원역점,4.5,51,경기 수원시 팔달구 향교로 3-2,경기 수원시 팔달구 매산로1가 16-10,070-4252-2437,127.00165729570465,37.26764283824844,http://place.map.kakao.com/150510055,2026-10-09 19:33:58
카카오맵,수원시,음식점 > 일식 > 일본식라면,멘야쿠마,4.5,48,경기 수원시 팔달구 중부대로220번길 10,경기 수원시 팔달구 인계동 1171,,127.0395573197023,37.27590779704295,http://place.map.kakao.com/1269606359,2026-10-09 22:11:18
카카오맵,수원시,음식점 > 양식,잭슨빌타운,4.5,47,경기 수원시 팔달구 정조로905번길 27-16,경기 수원시 팔달구 장안동 27-13,0507-1366-9494,127.013007998928,37.2868288841195,http://place.map.kakao.com/1305296483,2026-10-10 00:18:04
카카오맵,수원시,음식점 > 중식 > 중국요리,핑핑반점,4.5,45,경기 수원시 팔달구 덕영대로895번길 21-1,경기 수원시 팔달구 매산로1가 114-3,031-256-5000,127.00042842681215,37.269449437237405,http://place.map.kakao.com/2142336993,2026-10-09 19:26:44
카카오맵,수원시,"음식점 > 한식 > 육류,고기 > 닭요리",춘천에서온숯닭,4.5,44,경기 수원시 영통구 대학로 12,경기 수원시 영통구 이의동 1275-10,031-212-8122,127.042191006927,37.2977048141516,http://place.map.kakao.com/27509258,2026-10-10 02:27:02
카카오맵,수원시,음식점 > 양식 > 이탈리안,PPK키친 광교,4.5,43,경기 수원시 영통구 센트럴파크로127번길 131-4,경기 수원시 영통구 이의동 1313-8,070-8777-9343,127.05462889379967,37.294366790343666,http://place.map.kakao.com/385098946,2026-10-10 02:05:21
카카오맵,수원시,"음식점 > 일식 > 초밥,롤",스시소라 광교점,4.5,42,경기 수원시 영통구 센트럴타운로 85,경기 수원시 영통구 이의동 1332,031-215-2200,127.05143095945347,37.29018470481569,http://place.map.kakao.com/112130710,2026-10-10 01:52:51
카카오맵,수원시,음식점 > 한식 > 순대,밀알왕순대,4.5,41,경기 수원시 팔달구 팔달문로 20,경기 수원시 팔달구 지동 402-28,031-242-0042,127.01979995746052,37.27757967466148,http://place.map.kakao.com/27206418,2026-10-09 20:45:37
카카오맵,수원시,음식점 > 한식 > 국수 > 칼국수,칠보칼국수샤브샤브,4.5,39,경기 수원시 권선구 금곡로140번길 95-108,경기 수원시 권선구 호매실동 1345-8,031-298-7795,126.943957805015,37.2687216478287,http://place.map.kakao.com/1253068542,2026-10-09 16:08:42
카카오맵,수원시,음식점 > 한식,소요,4.5,38,경기 수원시 팔달구 일월로42번길 8-22,경기 수원시 팔달구 화서동 721-8,031-291-5936,126.979751267003,37.2860223383207,http://place.map.kakao.com/21361860,2026-10-09 22:52:51
카카오맵,수원시,"음식점 > 한식 > 육류,고기",징기스 수원인계점,4.5,37,경기 수원시 팔달구 인계로108번길 49,경기 수원시 팔달구 인계동 1032-12,031-235-5606,127.0287200187527,37.26552912653312,http://place.map.kakao.com/1045424605,2026-10-09 20:13:16
카카오맵,수원시,음식점 > 한식 > 국수 > 칼국수,조마담칼국수,4.5,36,경기 수원시 팔달구 행궁로 71,경기 수원시 팔달구 팔달로3가 84-5,031-245-8889,127.01610132019154,37.27645393529852,http://place.map.kakao.com/1617393533,2026-10-09 20:37:58
카카오맵,수원시,음식점 > 아시아음식 > 동남아음식 > 태국음식,아로이타이 레스토랑,4.5,35,경기 수원시 팔달구 매산로 2-10,경기 수원시 팔달구 매산로1가 57-3,031-244-3308,127.002340465907,37.2663020766475,http://place.map.kakao.com/907558879,2026-10-09 19:30:33
카카오맵,수원시,"음식점 > 한식 > 육류,고기 > 닭요리",골목집 망포본점,4.5,34,경기 수원시 영통구 영통로153번길 36-11,경기 수원시 영통구 망포동 293,031-206-1536,127.052934267907,37.2418936101281,http://place.map.kakao.com/1862720434,2026-10-09 17:31:49
카카오맵,수원시,음식점 > 일식,쇼텐 인계점,4.5,34,경기 수원시 팔달구 인계로138번길 36,경기 수원시 팔달구 인계동 1040-4,070-4142-8088,127.031769585681,37.265535555835,http://place.map.kakao.com/1121230194,2026-10-09 20:20:31
카카오맵,수원시,음식점 > 분식,엄마사랑분식,4.5,34,경기 수원시 장안구 영화로71번길 33,경기 수원시 장안구 정자동 80-1,031-247-2981,127.00505582238577,37.29207893995429,http://place.map.kakao.com/19455618,2026-10-10 00:02:32
카카오맵,수원시,음식점 > 일식 > 일식집,오마카세 스시이찌 수원신동점,4.5,34,경기 수원시 영통구 권선로882번길 31-51,경기 수원시 영통구 신동 933-8,0507-1446-5802,127.04379716877166,37.247251351711675,http://place.map.kakao.com/1446267462,2026-10-09 17:34:58
카카오맵,수원시,"음식점 > 간식 > 제과,베이커리",정병창과자점,4.5,34,경기 수원시 권선구 세권로316번길 4,경기 수원시 권선구 권선동 1286-8,031-233-0193,127.03808155948272,37.251643215801586,http://place.map.kakao.com/10716278,2026-10-09 20:57:44
카카오맵,수원시,음식점 > 샤브샤브,금촌샤브칼국수,4.5,33,경기 수원시 영통구 태장로 73,경기 수원시 영통구 망포동 378,031-205-5636,127.05418905722793,37.23931334893846,http://place.map.kakao.com/8795446,2026-10-09 17:27:53
카카오맵,수원시,음식점 > 양식 > 이탈리안,지오파스타 아주대점,4.5,32,경기 수원시 팔달구 월드컵로211번길 20-1,경기 수원시 팔달구 우만동 43-5,,127.042290125918,37.2793326065161,http://place.map.kakao.com/607133297,2026-10-09 22:26:30
카카오맵,수원시,음식점 > 술집 > 칵테일바,테네스,4.5,32,경기 수원시 팔달구 정조로 896,경기 수원시 팔달구 북수동 127,0503-7150-2965,127.015030181489,37.2879333179407,http://place.map.kakao.com/234101601,2026-10-10 00:29:37
카카오맵,수원시,음식점 > 아시아음식 > 동남아음식 > 베트남음식,껀룽,4.5,31,,경기 수원시 팔달구 화서동 743,031-548-0692,126.99950379718263,37.289204735321434,http://place.map.kakao.com/1286573086,2026-10-09 23:47:51
카카오맵,수원시,음식점 > 한식 > 국수 > 칼국수,미담칼국수,4.5,30,경기 수원시 권선구 오목천로 127-1,경기 수원시 권선구 고색동 914-25,031-296-6885,126.97389712662707,37.24449126738039,http://place.map.kakao.com/321784916,2026-10-09 16:03:54
카카오맵,수원시,음식점 > 한식 > 감자탕,옛진미뼈해장국감자탕,4.5,30,경기 수원시 장안구 대평로90번길 16,경기 수원시 장안구 정자동 876-8,031-269-9881,126.99367959032,37.296259693494,http://place.map.kakao.com/9315494,2026-10-10 00:48:04
카카오맵,수원시,음식점 > 아시아음식 > 인도음식,에베레스트 수원영통점,4.5,29,경기 수원시 영통구 청명남로 50,경기 수원시 영통구 영통동 1038-1,031-203-0045,127.07691149135,37.2537958761834,http://place.map.kakao.com/1840400090,2026-10-09 21:49:00
카카오맵,수원시,음식점 > 분식,오남매김밥,4.5,29,경기 수원시 권선구 하탑로 29,경기 수원시 권선구 탑동 835-6,031-278-3300,126.97487406636846,37.26893407922406,http://place.map.kakao.com/1067313055,2026-10-09 16:51:31
카카오맵,수원시,음식점 > 한식 > 순대,원천아우내토종순대국청국장,4.5,29,경기 수원시 영통구 동탄원천로1109번길 42,경기 수원시 영통구 매탄동 1199,031-215-0440,127.055615370961,37.2708951604111,http://place.map.kakao.com/8472788,2026-10-09 22:10:05
카카오맵,수원시,음식점 > 분식,지씨네만두,4.5,29,경기 수원시 장안구 연무로 42-1,경기 수원시 장안구 연무동 230-32,031-207-0109,127.02695610311683,37.29520528208935,http://place.map.kakao.com/27028817,2026-10-10 01:36:08
카카오맵,수원시,음식점 > 치킨,효성치킨닭강정,4.5,29,경기 수원시 장안구 만석로 175,경기 수원시 장안구 송죽동 272-74,031-256-2399,126.99890928771308,37.30263018714189,http://place.map.kakao.com/343723972,2026-10-10 01:11:46
카카오맵,수원시,"음식점 > 한식 > 해물,생선 > 매운탕,해물탕",동해양푼동태탕,4.5,28,경기 수원시 장안구 서부로2168번길 13-10,경기 수원시 장안구 천천동 561-3,031-242-6540,126.97426634926684,37.30214353799239,http://place.map.kakao.com/15508787,2026-10-09 23:19:25
카카오맵,수원시,"음식점 > 술집 > 호프,요리주점",요기타코야끼,4.5,28,경기 수원시 장안구 경수대로927번길 3,경기 수원시 장안구 송죽동 506,031-242-3330,127.0085586341253,37.301483764454666,http://place.map.kakao.com/99925667,2026-10-10 01:03:46
카카오맵,수원시,음식점 > 간식 > 아이스크림,젤라멘토,4.5,28,경기 수원시 팔달구 정조로 904-1,경기 수원시 팔달구 북수동 6-3,,127.01484652686716,37.288762296481124,http://place.map.kakao.com/1993775074,2026-10-10 00:29:52
카카오맵,수원시,음식점 > 한식 > 국수,서그내멸치우동,4.5,27,경기 수원시 팔달구 팔달로127번길 9-20,경기 수원시 팔달구 화서동 71-90,031-252-2173,127.0031685183271,37.27934732644018,http://place.map.kakao.com/22164914,2026-10-09 20:04:35
카카오맵,수원시,"음식점 > 간식 > 제과,베이커리",파트브리제,4.5,27,경기 수원시 팔달구 정조로 876,경기 수원시 팔달구 북수동 162-1,,127.015555345596,37.2862284849817,http://place.map.kakao.com/1513758365,2026-10-10 00:19:25
카카오맵,수원시,음식점 > 양식 > 햄버거,GTS버거 본점,4.5,26,경기 수원시 영통구 매영로310번길 87,경기 수원시 영통구 영통동 968,031-202-2484,127.06433809837233,37.250505555313126,http://place.map.kakao.com/1960033497,2026-10-09 21:21:59
카카오맵,수원시,음식점 > 술집 > 일본식주점,고래다,4.5,26,경기 수원시 장안구 조원로112번길 35,경기 수원시 장안구 조원동 725-7,0503-7151-7130,127.01495437949436,37.30378707887475,http://place.map.kakao.com/1520791806,2026-10-10 01:41:25
카카오맵,수원시,음식점 > 아시아음식 > 동남아음식 > 베트남음식,포레스트 오늘숲 인계점,4.5,26,경기 수원시 팔달구 인계로138번길 11,경기 수원시 팔달구 인계동 1037-1,031-304-1037,127.032716980519,37.2664489542351,http://place.map.kakao.com/768951735,2026-10-09 20:26:05
카카오맵,수원시,"음식점 > 한식 > 육류,고기",모토이시 인계점,4.5,25,경기 수원시 팔달구 효원로249번길 46-19,경기 수원시 팔달구 인계동 1042-6,010-2514-3892,127.031100574039,37.2643805976357,http://place.map.kakao.com/1342428693,2026-10-09 19:12:55
카카오맵,수원시,음식점 > 샤브샤브,소담촌 호매실점,4.5,25,경기 수원시 권선구 서수원로 519,경기 수원시 권선구 금곡동 1142,031-296-6559,126.959468088526,37.2724501747479,http://place.map.kakao.com/1893844435,2026-10-09 16:37:39
카카오맵,수원시,"음식점 > 한식 > 육류,고기",아주대장군집,4.5,25,경기 수원시 영통구 동수원로537번길 41-8,경기 수원시 영통구 원천동 72-33,010-5496-8313,127.046810943926,37.2743941062758,http://place.map.kakao.com/1671444141,2026-10-09 22:33:12
카카오맵,수원시,음식점 > 양식 > 이탈리안,핫토리비노카야,4.5,25,경기 수원시 영통구 청명북로 10,경기 수원시 영통구 영통동 1033-7,031-203-2108,127.079489028446,37.2523597124589,http://place.map.kakao.com/581861525,2026-10-09 21:44:46
카카오맵,수원시,"음식점 > 한식 > 육류,고기",고바우,4.5,24,경기 수원시 영통구 영통로218번길 12,경기 수원시 영통구 영통동 975-4,031-205-2294,127.057919440638,37.2467388991751,http://place.map.kakao.com/24178096,2026-10-09 17:53:03
카카오맵,수원시,음식점 > 치킨,도담도담치킨,4.5,24,경기 수원시 팔달구 월드컵로211번길 24,경기 수원시 팔달구 우만동 43-7,031-211-0330,127.042302453727,37.2791974461448,http://place.map.kakao.com/27512605,2026-10-09 22:26:46
카카오맵,수원시,음식점 > 간식,무대뽀핫도그 성대점,4.5,24,경기 수원시 장안구 서부로2106번길 17,경기 수원시 장안구 율전동 433-66,031-269-7542,126.97125109605257,37.29701774713672,http://place.map.kakao.com/27393012,2026-10-09 23:09:38
카카오맵,수원시,"음식점 > 한식 > 해물,생선 > 매운탕,해물탕",시골집,4.5,24,경기 수원시 장안구 팔달로316번길 2,경기 수원시 장안구 영화동 117-6,031-251-3007,127.018585652039,37.2916486947099,http://place.map.kakao.com/127537491,2026-10-10 00:39:54
카카오맵,수원시,"음식점 > 한식 > 육류,고기 > 닭요리 > 지호한방삼계탕",지호한방삼계탕 광교점,4.5,24,경기 수원시 영통구 센트럴파크로127번길 76,경기 수원시 영통구 이의동 1306,031-8031-7776,127.052208679642,37.2944642936445,http://place.map.kakao.com/1507124134,2026-10-10 02:05:48
카카오맵,수원시,"음식점 > 일식 > 돈까스,우동",강남모밀무이 수원직영점,4.5,23,경기 수원시 팔달구 권광로 211,경기 수원시 팔달구 인계동 1037-3,070-8648-2676,127.03332340337995,37.26618748297478,http://place.map.kakao.com/416826179,2026-10-09 20:26:09
카카오맵,수원시,"음식점 > 한식 > 육류,고기 > 갈비",동수원갈비,4.5,23,경기 수원시 영통구 영통로 237,경기 수원시 영통구 신동 338,031-206-2822,127.056965064508,37.2486054253858,http://place.map.kakao.com/462373875,2026-10-09 17:44:11
카카오맵,수원시,음식점 > 분식,쉐프의한끼,4.5,23,경기 수원시 팔달구 덕영대로 924,경기 수원시 팔달구 매산로1가 18,,126.9999098088956,37.26608404762252,http://place.map.kakao.com/1805243019,2026-10-09 19:24:10
카카오맵,수원시,"음식점 > 한식 > 해물,생선 > 회",동강맑은송어,4.5,22,경기 수원시 장안구 조원로111번길 39,경기 수원시 장안구 조원동 759-17,031-245-3545,127.013038586866,37.3007102663784,http://place.map.kakao.com/24340326,2026-10-10 01:33:30
카카오맵,수원시,"음식점 > 한식 > 육류,고기 > 곱창,막창 > 세광양대창",세광양대창 수원광교점,4.5,22,경기 수원시 영통구 센트럴타운로 103,경기 수원시 영통구 이의동 1330-1,031-213-7590,127.049656041546,37.2921407150497,http://place.map.kakao.com/1584259253,2026-10-10 02:00:34
카카오맵,수원시,"음식점 > 한식 > 육류,고기 > 곱창,막창",오이시이태영생막창 인계점,4.5,22,경기 수원시 팔달구 장다리로 185,경기 수원시 팔달구 인계동 991-8,031-267-0774,127.024586237572,37.2665230052639,http://place.map.kakao.com/23285429,2026-10-09 20:11:53
카카오맵,수원시,음식점 > 한식 > 순대,전라도집,4.5,22,경기 수원시 팔달구 팔달문로 19,경기 수원시 팔달구 지동 402-2,031-246-8565,127.019394091283,37.2777959914669,http://place.map.kakao.com/361992050,2026-10-09 20:45:21
카카오맵,수원시,"음식점 > 한식 > 찌개,전골",찌개지존,4.5,22,경기 수원시 영통구 광교중앙로 170,경기 수원시 영통구 하동 1016,031-546-3631,127.0603441919692,37.288160368683734,http://place.map.kakao.com/1465513346,2026-10-10 02:16:14
카카오맵,수원시,"음식점 > 한식 > 해물,생선 > 아구",마라도아구찜 호매실점,4.5,21,경기 수원시 권선구 매실로53번길 7,경기 수원시 권선구 호매실동 392-5,031-298-9880,126.95669580459929,37.26816654458374,http://place.map.kakao.com/1742763608,2026-10-09 16:32:23
카카오맵,수원시,음식점 > 한식 > 곰탕,온마중,4.5,21,경기 수원시 영통구 창룡대로256번길 77,경기 수원시 영통구 이의동 1286,0507-1400-6628,127.040841237911,37.2961365820418,http://place.map.kakao.com/1914025890,2026-10-10 02:27:53
카카오맵,수원시,음식점 > 한식 > 국밥 > 육수당,육수당 수원시청역점,4.5,21,경기 수원시 팔달구 효원로292번길 50,경기 수원시 팔달구 인계동 1131-1,031-225-4202,127.03192378712912,37.25960215046361,http://place.map.kakao.com/850729008,2026-10-09 19:04:38
카카오맵,수원시,"음식점 > 간식 > 제과,베이커리",이솝베이커리,4.5,21,경기 수원시 영통구 동수원로537번길 58,경기 수원시 영통구 원천동 72-82,031-217-1213,127.045831509864,37.2750117022268,http://place.map.kakao.com/8548161,2026-10-09 22:18:20
카카오맵,수원시,"음식점 > 한식 > 육류,고기",토기장이오리&삼겹살전문점,4.5,21,경기 수원시 장안구 서부로 2178,경기 수원시 장안구 천천동 558-1,031-271-1118,126.97346087312323,37.302531706757804,http://place.map.kakao.com/727780795,2026-10-09 23:28:57
카카오맵,수원시,음식점 > 양식,IMJ,4.5,20,경기 수원시 장안구 화산로285번길 18-1,경기 수원시 장안구 율전동 334-39,031-298-4879,126.964651981752,37.299561389489,http://place.map.kakao.com/1837512260,2026-10-09 23:00:45
카카오맵,수원시,음식점 > 한식 > 국수 > 칼국수 > 달인대보칼국수,달인대보칼국수 광교점,4.5,20,경기 수원시 영통구 대학4로 9,경기 수원시 영통구 이의동 1250,031-215-2249,127.04588636001688,37.30035519032472,http://place.map.kakao.com/662849845,2026-10-10 02:32:58
카카오맵,수원시,음식점 > 중식,로일당,4.5,20,경기 수원시 영통구 센트럴파크로127번길 80-14,경기 수원시 영통구 이의동 1305-1,0507-1449-8792,127.0508530881528,37.294521649178506,http://place.map.kakao.com/68337385,2026-10-10 02:04:30
카카오맵,수원시,"음식점 > 한식 > 육류,고기 > 곱창,막창 > 봉자막창",봉자막창 수원망포점,4.5,20,경기 수원시 영통구 영통로 237,경기 수원시 영통구 신동 338,010-4430-4366,127.057005687944,37.2486675778992,http://place.map.kakao.com/344830043,2026-10-09 17:44:07
카카오맵,수원시,음식점 > 철판요리,오아저씨철판,4.5,20,경기 수원시 장안구 서부로2126번길 18,경기 수원시 장안구 율전동 290-14,031-305-2407,126.97238988386373,37.29795059160877,http://place.map.kakao.com/1335628239,2026-10-09 23:13:20
카카오맵,수원시,"음식점 > 한식 > 해물,생선 > 회",옥돌해세꼬시,4.5,20,경기 수원시 팔달구 수성로157번길 41-18,경기 수원시 팔달구 화서동 677-1,031-269-5333,126.988632626556,37.2879949969856,http://place.map.kakao.com/22892861,2026-10-09 22:58:42
카카오맵,수원시,"음식점 > 술집 > 호프,요리주점",치노,4.5,20,경기 수원시 팔달구 정조로 888,경기 수원시 팔달구 북수동 145-1,070-8211-1420,127.01522740736,37.2873169823486,http://place.map.kakao.com/1181652965,2026-10-10 00:19:00
카카오맵,수원시,"음식점 > 한식 > 육류,고기",기똥찬고기,4.5,19,경기 수원시 장안구 서부로2123번길 16,경기 수원시 장안구 율전동 292-8,031-293-0910,126.97034603389996,37.298358266893,http://place.map.kakao.com/1014093517,2026-10-09 23:11:36
카카오맵,수원시,"음식점 > 한식 > 육류,고기 > 갈비 > 명륜진사갈비",명륜진사갈비 수원인계점,4.5,19,경기 수원시 팔달구 경수대로446번길 48,경기 수원시 팔달구 인계동 1031-2,031-306-1333,127.028982532637,37.2650965624295,http://place.map.kakao.com/1069305305,2026-10-09 20:13:33
카카오맵,수원시,음식점 > 샐러드,밀플랜 본점,4.5,19,경기 수원시 장안구 율전로 90-6,경기 수원시 장안구 율전동 433-99,,126.9688712227104,37.29728295109087,http://place.map.kakao.com/2121491926,2026-10-09 23:03:57
카카오맵,수원시,음식점 > 아시아음식,비스트로랑랑,4.5,19,경기 수원시 영통구 영통로213번길 24,경기 수원시 영통구 영통동 978-1,031-204-3359,127.05559411516846,37.24657917723797,http://place.map.kakao.com/266776197,2026-10-09 17:42:50
카카오맵,수원시,"음식점 > 한식 > 육류,고기 > 삼겹살",꿀꺽,4.5,18,경기 수원시 영통구 청명남로 30,경기 수원시 영통구 영통동 1010-13,,127.07557756932015,37.252228919197115,http://place.map.kakao.com/1645643768,2026-10-09 21:37:09
카카오맵,수원시,"음식점 > 양식 > 멕시칸,브라질",도스마스 성균관대점,4.5,18,경기 수원시 장안구 일월로90번길 26-1,경기 수원시 장안구 천천동 325-10,,126.97736364377614,37.29082714372452,http://place.map.kakao.com/166128700,2026-10-09 22:57:03
카카오맵,수원시,음식점 > 치킨 > 멕시카나치킨,멕시카나치킨 우만점,4.5,18,경기 수원시 팔달구 팔달문로163번길 6,경기 수원시 팔달구 우만동 531-1,031-254-1516,127.03391515873437,37.28350351079296,http://place.map.kakao.com/1623253141,2026-10-10 00:24:05
카카오맵,수원시,음식점 > 한식 > 국수 > 소담비빔국수,소담비빔국수 고색점,4.5,18,경기 수원시 권선구 오목천로 101,경기 수원시 권선구 고색동 911-17,031-293-5552,126.97277991582719,37.24215640746154,http://place.map.kakao.com/138889845,2026-10-09 16:00:38
카카오맵,수원시,음식점 > 양식,쓰리파스타 수원정자본점,4.5,18,경기 수원시 장안구 대평로90번길 32,경기 수원시 장안구 정자동 875,070-8831-0102,126.99445101762241,37.296457960366006,http://place.map.kakao.com/1148476582,2026-10-10 00:50:15
카카오맵,수원시,음식점 > 양식 > 이탈리안,이태리밥,4.5,18,경기 수원시 팔달구 아주로47번길 7,경기 수원시 팔달구 우만동 58-15,,127.043298023209,37.279044810465,http://place.map.kakao.com/1538693967,2026-10-09 22:27:07
카카오맵,수원시,음식점 > 중식 > 중국요리,짜오띵,4.5,18,경기 수원시 팔달구 행궁로 108,경기 수원시 팔달구 교동 115-1,031-245-4549,127.0159201732425,37.272939901718395,http://place.map.kakao.com/385208889,2026-10-09 20:32:44
카카오맵,수원시,음식점 > 일식,하루사키,4.5,18,경기 수원시 영통구 아주로 12,경기 수원시 영통구 원천동 27-1,0503-7151-7761,127.04413516851436,37.276003491175835,http://place.map.kakao.com/1464352368,2026-10-09 22:19:50
카카오맵,수원시,"음식점 > 한식 > 육류,고기 > 족발,보쌈 > 더맛있는족발보쌈",더맛있는족발보쌈 수원천천점,4.5,17,경기 수원시 장안구 덕영대로511번길 37-21,경기 수원시 장안구 천천동 507-2,031-268-5072,126.98004754115094,37.299997483836215,http://place.map.kakao.com/6789812,2026-10-09 23:25:25
카카오맵,수원시,음식점 > 중식 > 중국요리 > 라홍방마라탕,라홍방마라탕 장안구청점,4.5,17,경기 수원시 장안구 송원로 83,경기 수원시 장안구 조원동 898-2,031-258-2850,127.00948588848293,37.30233247004214,http://place.map.kakao.com/804085719,2026-10-10 01:05:12
카카오맵,수원시,"음식점 > 한식 > 해물,생선",미스터코다리,4.5,17,경기 수원시 영통구 센트럴파크로127번길 125-2,경기 수원시 영통구 이의동 1312-6,031-216-7700,127.0542701129303,37.29417593545547,http://place.map.kakao.com/156088097,2026-10-10 02:05:59
카카오맵,수원시,"음식점 > 한식 > 육류,고기",빽돈 망포점,4.5,17,경기 수원시 영통구 영통로200번길 42,경기 수원시 영통구 망포동 342,0507-1384-0343,127.058861983954,37.2442101024982,http://place.map.kakao.com/1230536746,2026-10-09 17:48:17
카카오맵,수원시,"음식점 > 한식 > 육류,고기 > 닭요리 > 삼계탕",상황삼계탕 수원영통점,4.5,17,경기 수원시 영통구 청명남로50번길 6-21,경기 수원시 영통구 영통동 1036-13,031-204-5120,127.077451763709,37.2530278348967,http://place.map.kakao.com/167249006,2026-10-09 21:45:30
카카오맵,수원시,음식점 > 중식 > 양꼬치,쇼촬땐 9호점,4.5,17,경기 수원시 팔달구 갓매산로55번길 5,경기 수원시 팔달구 매산로2가 27-47,,127.004329349321,37.2691637287516,http://place.map.kakao.com/1367333918,2026-10-09 19:46:41
카카오맵,수원시,"음식점 > 일식 > 초밥,롤",스시나,4.5,17,경기 수원시 권선구 금곡로 202,경기 수원시 권선구 금곡동 1118,,126.952656308677,37.2734901507247,http://place.map.kakao.com/1232380117,2026-10-09 16:39:11
카카오맵,수원시,"음식점 > 일식 > 돈까스,우동",우만동수제돈까스전문점,4.5,17,경기 수원시 팔달구 창룡대로150번길 6,경기 수원시 팔달구 우만동 596-1,031-255-6201,127.02665798719835,37.290958758899826,http://place.map.kakao.com/164464687,2026-10-10 00:40:18
카카오맵,수원시,"음식점 > 한식 > 해물,생선 > 추어",초가지붕남원추어탕,4.5,17,경기 수원시 영통구 동수원로 503,경기 수원시 영통구 매탄동 129-10,031-211-5300,127.04569710729956,37.27276996520654,http://place.map.kakao.com/344213008,2026-10-09 22:13:32
카카오맵,수원시,"음식점 > 한식 > 육류,고기 > 닭요리 > 삼계탕",최씨고집삼계탕,4.5,17,경기 수원시 권선구 세권로 24-1,경기 수원시 권선구 세류동 255-2,031-237-7727,127.0071470396017,37.259677420889126,http://place.map.kakao.com/1624381399,2026-10-09 18:10:55
카카오맵,수원시,"음식점 > 양식 > 멕시칸,브라질",타비다코,4.5,17,경기 수원시 영통구 청명로77번길 22,경기 수원시 영통구 영통동 1041-8,031-305-1127,127.078072903871,37.2530823906323,http://place.map.kakao.com/1704198166,2026-10-09 21:45:41
카카오맵,수원시,"음식점 > 술집 > 호프,요리주점",합 성대율전동직영2호점,4.5,17,경기 수원시 장안구 서부로2105번길 26-4,경기 수원시 장안구 율전동 433-102,031-8002-0701,126.96905176796213,37.29706674953983,http://place.map.kakao.com/1169735393,2026-10-09 23:05:09
카카오맵,수원시,음식점 > 양식,홀리워터스,4.5,17,경기 수원시 팔달구 창룡대로 38,경기 수원시 팔달구 남수동 16-22,070-4833-2527,127.02081382366318,37.28236312062204,http://place.map.kakao.com/1442400288,2026-10-10 00:12:03
카카오맵,수원시,음식점 > 한식 > 순대,은주네,4.5,16,경기 수원시 팔달구 팔달문로 19,경기 수원시 팔달구 지동 402-2,,127.019592552248,37.2778338024791,http://place.map.kakao.com/10780144,2026-10-09 20:45:54
카카오맵,수원시,음식점 > 한식,탐라육해 수원역점,4.5,16,경기 수원시 팔달구 향교로 9-2,경기 수원시 팔달구 매산로1가 31-2,,127.00214209411367,37.26803928876718,http://place.map.kakao.com/1101118509,2026-10-09 19:36:49
카카오맵,수원시,"음식점 > 한식 > 육류,고기 > 삼겹살",해태식육점,4.5,16,경기 수원시 권선구 금곡로197번길 18-37,경기 수원시 권선구 금곡동 1109,010-4871-5852,126.95335314416786,37.27525106049407,http://place.map.kakao.com/1748275406,2026-10-09 16:42:51
카카오맵,수원시,"음식점 > 간식 > 떡,한과",궁잔기지떡 영통점,4.5,15,경기 수원시 영통구 태장로 81,경기 수원시 영통구 망포동 382-3,010-2232-7885,127.05494781088353,37.23971216258681,http://place.map.kakao.com/954923222,2026-10-09 17:31:20
카카오맵,수원시,"음식점 > 한식 > 육류,고기 > 닭요리",도깨비닭갈비,4.5,15,경기 수원시 영통구 매봉로35번길 3,경기 수원시 영통구 매탄동 1208,031-214-1668,127.05248344706928,37.27112725678025,http://place.map.kakao.com/16318983,2026-10-09 22:10:08
카카오맵,수원시,"음식점 > 한식 > 해물,생선",돗가비불쭈꾸미 화서점,4.5,15,경기 수원시 팔달구 수성로157번길 49-4,경기 수원시 팔달구 화서동 676-6,031-304-0321,126.98880174584001,37.2882518090645,http://place.map.kakao.com/1384025823,2026-10-09 22:58:50
카카오맵,수원시,음식점 > 양식 > 피자,르블루피자 북수원점,4.5,15,경기 수원시 장안구 경수대로 931,경기 수원시 장안구 송죽동 499-5,031-8067-8648,127.0082789583199,37.30191808389168,http://place.map.kakao.com/857744635,2026-10-10 01:04:14
카카오맵,수원시,음식점 > 한식,명백집 광교점,4.5,15,경기 수원시 영통구 도청로18번길 26,경기 수원시 영통구 이의동 1336,,127.05699445097399,37.28760518725722,http://place.map.kakao.com/701221597,2026-10-10 01:56:16
카카오맵,수원시,"음식점 > 한식 > 육류,고기 > 갈비",설램양갈비 수원망포점,4.5,15,경기 수원시 영통구 영통로218번길 52,경기 수원시 영통구 영통동 974-3,010-7225-5481,127.06010271052,37.2468351239809,http://place.map.kakao.com/725042568,2026-10-09 17:54:37
카카오맵,수원시,"음식점 > 일식 > 초밥,롤",스시와쿠 영통점,4.5,15,경기 수원시 영통구 청명남로 21,경기 수원시 영통구 영통동 998-6,031-204-5518,127.07456842231802,37.25190518324085,http://place.map.kakao.com/1324372589,2026-10-09 21:35:50
카카오맵,수원시,음식점 > 양식,와인파인,4.5,15,경기 수원시 영통구 센트럴타운로 85,경기 수원시 영통구 이의동 1332,031-211-2443,127.04991410881459,37.29014030227881,http://place.map.kakao.com/1847035906,2026-10-10 01:52:27
카카오맵,수원시,음식점 > 뷔페,장셰프초록다이닝뷔페,4.5,15,경기 수원시 권선구 금호로 152,경기 수원시 권선구 탑동 166-1,031-227-9799,126.96661475408973,37.27347688919229,http://place.map.kakao.com/709649527,2026-10-09 16:47:26
카카오맵,수원시,음식점 > 양식,킴킴,4.5,15,경기 수원시 영통구 권선로882번길 107-62,경기 수원시 영통구 신동 978,070-8691-2440,127.0413192356373,37.24624487426569,http://place.map.kakao.com/1535657638,2026-10-09 17:32:41
카카오맵,수원시,"음식점 > 한식 > 육류,고기",환이네뭉티기 영통본점,4.5,15,경기 수원시 영통구 청명남로12번길 13,경기 수원시 영통구 영통동 1007-9,031-273-4830,127.07484342193864,37.250733652681,http://place.map.kakao.com/1091751212,2026-10-09 21:28:36
카카오맵,수원시,"음식점 > 한식 > 육류,고기",환이네뭉티기 호매실본점,4.5,15,경기 수원시 권선구 금곡로118번길 54-6,경기 수원시 권선구 금곡동 1091-6,070-8775-1111,126.942954079807,37.2721271036905,http://place.map.kakao.com/69799722,2026-10-09 16:09:31
카카오맵,수원시,음식점 > 중식 > 중국요리,황실,4.5,15,경기 수원시 권선구 하탑로 39,경기 수원시 권선구 탑동 845-3,,126.97588642889566,37.269155945919806,http://place.map.kakao.com/796585086,2026-10-09 16:51:34
카카오맵,수원시,"음식점 > 한식 > 해물,생선 > 조개",강릉엄지네꼬막집 수원영통점,4.5,14,경기 수원시 영통구 반달로35번길 30,경기 수원시 영통구 영통동 1012-1,031-548-0909,127.07746063176296,37.25178078457801,http://place.map.kakao.com/85392620,2026-10-09 21:34:20
카카오맵,수원시,"음식점 > 일식 > 돈까스,우동",남바완돈카츠,4.5,14,경기 수원시 영통구 신원로 122,경기 수원시 영통구 신동 334-30,031-298-0524,127.05471066619097,37.24840915972788,http://place.map.kakao.com/932181658,2026-10-09 17:44:52
카카오맵,수원시,음식점 > 한식 > 국수 > 칼국수,서해칼국수,4.5,14,경기 수원시 권선구 당진로32번길 12,경기 수원시 권선구 당수동 159-2,031-419-6490,126.941283622429,37.2918482351766,http://place.map.kakao.com/11142564,2026-10-09 22:45:19
카카오맵,수원시,음식점 > 분식,수경수제만두 정자점,4.5,14,경기 수원시 장안구 만석로 95,경기 수원시 장안구 정자동 268-4,031-271-2589,126.99171349438103,37.298744632378096,http://place.map.kakao.com/1530408110,2026-10-10 00:51:22
카카오맵,수원시,음식점 > 한식 > 오봉집,오봉집 광교중앙역점,4.5,14,경기 수원시 영통구 센트럴타운로 106,경기 수원시 영통구 이의동 1322-5,031-215-7590,127.05015265821,37.2927351905744,http://place.map.kakao.com/891794725,2026-10-10 02:03:00
카카오맵,수원시,음식점 > 한식 > 국밥,진국밥 수원직영점,4.5,14,경기 수원시 장안구 정자로 28-1,경기 수원시 장안구 천천동 502-7,031-268-8288,126.980148982055,37.3002624056673,http://place.map.kakao.com/887096776,2026-10-09 23:24:42
카카오맵,수원시,음식점 > 치킨 > BBQ,BBQ 수원매탄권선점,4.5,13,경기 수원시 영통구 동수원로 290,경기 수원시 영통구 매탄동 1181-7,0507-896-8461,127.036435362418,37.2552370962031,http://place.map.kakao.com/528043451,2026-10-09 20:58:44
카카오맵,수원시,음식점 > 한식 > 두부전문점,골목순두부,4.5,13,경기 수원시 영통구 매여울로40번길 80-4,경기 수원시 영통구 매탄동 130-28,031-235-0802,127.049253131963,37.272656810106,http://place.map.kakao.com/1158079636,2026-10-09 22:32:51
카카오맵,수원시,음식점 > 양식,기븐조잇,4.5,13,경기 수원시 영통구 법조로149번길 250,경기 수원시 영통구 하동 967-1,0507-1375-7332,127.06923544430047,37.2934373861807,http://place.map.kakao.com/151997457,2026-10-10 02:25:51
카카오맵,수원시,음식점 > 술집,꼬순네,4.5,13,경기 수원시 장안구 파장천로25번길 2,경기 수원시 장안구 파장동 584-7,0503-7152-5224,126.99494649704035,37.30798223733318,http://place.map.kakao.com/2045871275,2026-10-10 01:16:59
카카오맵,수원시,음식점 > 샐러드,뱃살도둑 샐러드&과일 영통점,4.5,13,경기 수원시 영통구 봉영로 1606,경기 수원시 영통구 영통동 995-2,031-202-6444,127.074294228205,37.2539056725349,http://place.map.kakao.com/2112960952,2026-10-09 21:48:01
카카오맵,수원시,"음식점 > 한식 > 육류,고기",역북집 영통점,4.5,13,경기 수원시 영통구 권선로908번길 30,경기 수원시 영통구 신동 935,010-6833-0370,127.04472394696276,37.247751085063435,http://place.map.kakao.com/557020892,2026-10-09 17:35:20
카카오맵,수원시,음식점 > 중식 > 양꼬치,연변왕꼬치,4.5,13,경기 수원시 팔달구 덕영대로943번길 30,경기 수원시 팔달구 매산로2가 99-23,031-245-8188,127.002908648492,37.2657037722528,http://place.map.kakao.com/599957051,2026-10-09 19:29:55
카카오맵,수원시,음식점 > 한식 > 국수 > 칼국수,오남매칼국수,4.5,13,경기 수원시 영통구 월드컵로150번길 26,경기 수원시 영통구 원천동 572-3,070-7543-3486,127.05011254749,37.2781681131823,http://place.map.kakao.com/1043202198,2026-10-09 22:35:15
카카오맵,수원시,"음식점 > 한식 > 육류,고기",정경원,4.5,13,경기 수원시 영통구 청명남로4번길 5-12,경기 수원시 영통구 영통동 1001-3,031-203-1092,127.074212078517,37.250597091363,http://place.map.kakao.com/1205632937,2026-10-09 21:24:37
카카오맵,수원시,음식점 > 치킨,짱치킨,4.5,13,경기 수원시 장안구 수성로261번길 22,경기 수원시 장안구 정자동 73-31,031-241-7270,127.00035524436849,37.290961760303055,http://place.map.kakao.com/2074298673,2026-10-09 23:49:37
카카오맵,수원시,"음식점 > 일식 > 돈까스,우동",쿄쿄카츠,4.5,13,경기 수원시 영통구 반달로 28,경기 수원시 영통구 영통동 1008-9,031-546-0546,127.0752269606,37.2510397645838,http://place.map.kakao.com/1967033784,2026-10-09 21:30:44
카카오맵,수원시,음식점 > 한식 > 국수 > 칼국수,홍두깨손칼국수,4.5,13,경기 수원시 장안구 창훈로66번길 17,경기 수원시 장안구 연무동 11-25,031-242-4249,127.0289276215041,37.29836835806461,http://place.map.kakao.com/562091089,2026-10-10 01:37:11
카카오맵,수원시,"음식점 > 한식 > 찌개,전골",돈이네 생돼지김치찌개전문점 수원1호점,4.5,12,경기 수원시 권선구 장다리로 128,경기 수원시 권선구 권선동 958-5,031-224-6954,127.022916118889,37.2613297332815,http://place.map.kakao.com/11466819,2026-10-09 18:55:31
카카오맵,수원시,음식점 > 중식 > 중국요리,동원성,4.5,12,경기 수원시 장안구 수성로327번길 12-20,경기 수원시 장안구 정자동 16-1,031-246-3930,127.00868400076796,37.29313294360274,http://place.map.kakao.com/11421843,2026-10-10 00:07:26
카카오맵,수원시,"음식점 > 양식 > 멕시칸,브라질",리꼬리또,4.5,12,경기 수원시 장안구 서부로2106번길 22,경기 수원시 장안구 율전동 433-61,031-294-3931,126.9714991839937,37.29712142641296,http://place.map.kakao.com/464500543,2026-10-09 23:10:26
카카오맵,수원시,"음식점 > 한식 > 육류,고기 > 닭요리",명가장수촌 본점,4.5,12,경기 수원시 영통구 청명남로12번길 5-29,경기 수원시 영통구 영통동 1008-16,031-205-2777,127.075280490733,37.2504630624141,http://place.map.kakao.com/2130581662,2026-10-09 21:28:46
카카오맵,수원시,음식점 > 분식,신원미주김밥,4.5,12,경기 수원시 영통구 매영로310번길 31,경기 수원시 영통구 영통동 965-2,031-203-6123,127.06633498906851,37.25258586489644,http://place.map.kakao.com/16918470,2026-10-09 21:22:05
카카오맵,수원시,"음식점 > 한식 > 해물,생선 > 아구",연해물찜칼국수,4.5,12,경기 수원시 장안구 정자로 8,경기 수원시 장안구 천천동 501-2,031-269-2697,126.977973415285,37.2997484298773,http://place.map.kakao.com/1991331080,2026-10-09 23:19:46
카카오맵,수원시,음식점 > 분식,올래분식 우만점,4.5,12,경기 수원시 팔달구 중부대로223번길 71-3,경기 수원시 팔달구 우만동 47-2,031-548-4949,127.04089970015,37.2791258559255,http://place.map.kakao.com/1896956702,2026-10-09 22:27:30
카카오맵,수원시,음식점 > 한식 > 순대,용인전통순대국 매탄점,4.5,12,경기 수원시 영통구 인계로 280,경기 수원시 영통구 매탄동 819-1,031-213-5279,127.047979932376,37.2633513765988,http://place.map.kakao.com/26840915,2026-10-09 21:19:25
카카오맵,수원시,음식점 > 한식 > 죽,일향죽,4.5,12,경기 수원시 영통구 반달로7번길 40,경기 수원시 영통구 영통동 998-1,031-206-3888,127.07493407804229,37.2534979976535,http://place.map.kakao.com/1366608302,2026-10-09 21:40:36
카카오맵,수원시,음식점 > 한식 > 쌈밥,장쟁이쌈선생 광교산점,4.5,12,경기 수원시 장안구 광교산로374번길 109,경기 수원시 장안구 하광교동 22-1,031-252-4287,127.02330860828268,37.32041432585387,http://place.map.kakao.com/9692902,2026-10-10 02:38:00
카카오맵,수원시,"음식점 > 한식 > 육류,고기",편백회관 천천점,4.5,12,경기 수원시 장안구 만석로19번길 11-7,경기 수원시 장안구 천천동 528-3,031-271-9065,126.98345476850088,37.29550003241544,http://place.map.kakao.com/287841606,2026-10-09 23:20:58
카카오맵,수원시,음식점 > 양식,37.5 시그니처 광교점,4.5,11,경기 수원시 영통구 센트럴파크로127번길 122,경기 수원시 영통구 이의동 1321-12,031-216-1116,127.054072376468,37.2936588304205,http://place.map.kakao.com/156384372,2026-10-10 02:05:28
카카오맵,수원시,"음식점 > 한식 > 육류,고기 > 삼겹살",60판왕뚜껑삼겹살 권선점,4.5,11,경기 수원시 권선구 세권로304번길 1-22,경기 수원시 권선구 권선동 1287-7,010-9003-7227,127.037679152312,37.2516307299201,http://place.map.kakao.com/1311853767,2026-10-09 20:57:21
카카오맵,수원시,음식점 > 샐러드,그리너트리 망포점,4.5,11,경기 수원시 영통구 덕영대로 1478,경기 수원시 영통구 망포동 41-1,070-8755-5297,127.052486852537,37.2451655043743,http://place.map.kakao.com/1776820306,2026-10-09 17:39:46
카카오맵,수원시,음식점 > 치킨 > 노랑통닭,노랑통닭 서광교연무점,4.5,11,경기 수원시 장안구 창훈로 30,경기 수원시 장안구 연무동 300,031-305-9989,127.03095934079406,37.29390050143749,http://place.map.kakao.com/1074916226,2026-10-10 00:44:50
카카오맵,수원시,음식점 > 중식 > 중국요리,니하오차이나,4.5,11,경기 수원시 권선구 금곡로102번길 30,경기 수원시 권선구 금곡동 1083,031-278-4770,126.941140533512,37.2728470485153,http://place.map.kakao.com/27273622,2026-10-09 16:12:34
카카오맵,수원시,음식점 > 아시아음식 > 동남아음식 > 태국음식,똠뚠,4.5,11,경기 수원시 영통구 아주로 34,경기 수원시 영통구 원천동 22-1,0502-5553-6329,127.044065206215,37.2778434411812,http://place.map.kakao.com/1990230853,2026-10-09 22:23:45
카카오맵,수원시,음식점 > 한식,라스트춘선 망포점,4.5,11,경기 수원시 영통구 영통로214번길 59,경기 수원시 영통구 영통동 974-7,010-4551-3616,127.060521893505,37.2467114673584,http://place.map.kakao.com/677221038,2026-10-09 17:55:40
카카오맵,수원시,음식점 > 아시아음식 > 동남아음식 > 베트남음식,로컬사이공쌀국수,4.5,11,경기 수원시 팔달구 정조로 749,경기 수원시 팔달구 중동 22-2,031-243-5859,127.016411055257,37.2748905876936,http://place.map.kakao.com/1953671887,2026-10-09 20:34:07
카카오맵,수원시,음식점 > 패스트푸드 > 롯데리아,롯데리아 수원북문점,4.5,11,경기 수원시 장안구 정조로 952,경기 수원시 장안구 영화동 301-6,031-256-8007,127.011850732687,37.292438869817,http://place.map.kakao.com/8358283,2026-10-10 00:05:45
카카오맵,수원시,"음식점 > 한식 > 육류,고기",마장동정육식당,4.5,11,경기 수원시 권선구 권광로56번길 21,경기 수원시 권선구 권선동 1255-7,031-307-8933,127.029667658553,37.2527899486623,http://place.map.kakao.com/372482715,2026-10-09 18:31:50
카카오맵,수원시,"음식점 > 한식 > 해물,생선",바다향왕코다리 인계직영점,4.5,11,경기 수원시 팔달구 장다리로 272,경기 수원시 팔달구 인계동 960-11,031-239-3392,127.027905654548,37.2736224741823,http://place.map.kakao.com/187375611,2026-10-09 20:48:18
카카오맵,수원시,"음식점 > 한식 > 해물,생선 > 조개",북한산조개구이,4.5,11,경기 수원시 장안구 서부로2135번길 13,경기 수원시 장안구 율전동 295-1,031-292-4855,126.97132927506243,37.299047802355844,http://place.map.kakao.com/9053975,2026-10-09 23:16:01
카카오맵,수원시,"음식점 > 한식 > 육류,고기 > 새마을식당",새마을식당 수원곡반정점,4.5,11,경기 수원시 권선구 곡반정로97번길 13,경기 수원시 권선구 곡반정동 575-4,031-223-9222,127.029637872691,37.2371766476591,http://place.map.kakao.com/1192852257,2026-10-09 17:10:30
카카오맵,수원시,음식점 > 한식 > 국수 > 칼국수,송원칼국수칡냉면,4.5,11,경기 수원시 장안구 덕영대로425번길 8,경기 수원시 장안구 율전동 207-5,031-269-7848,126.96969288959717,37.30143694371566,http://place.map.kakao.com/21323905,2026-10-09 23:18:26
카카오맵,수원시,음식점 > 술집 > 일본식주점 > 숯토리,숯토리 수원인계점,4.5,11,경기 수원시 팔달구 경수대로446번길 35,경기 수원시 팔달구 인계동 1024-14,,127.02849232423635,37.2656255930321,http://place.map.kakao.com/768133196,2026-10-09 20:13:40
카카오맵,수원시,음식점 > 양식 > 피자,시고르화덕피자,4.5,11,경기 수원시 팔달구 권광로340번길 79,경기 수원시 팔달구 우만동 89-26,0503-7152-9419,127.04237628496807,37.276134784697625,http://place.map.kakao.com/1647199586,2026-10-09 22:15:51
카카오맵,수원시,음식점 > 양식,식당안,4.5,11,경기 수원시 영통구 청명북로7번길 13,경기 수원시 영통구 영통동 1035-4,010-5943-2022,127.078510879315,37.2525973395575,http://place.map.kakao.com/1984489298,2026-10-09 21:44:07
카카오맵,수원시,"음식점 > 술집 > 호프,요리주점",어부바,4.5,11,경기 수원시 권선구 덕영대로1207번길 26-17,경기 수원시 권선구 권선동 1195-4,,127.023557592144,37.2505639410799,http://place.map.kakao.com/699353085,2026-10-09 18:19:09
카카오맵,수원시,음식점 > 한식 > 국밥 > 옛날경성순대국,옛날경성순대국 인계점,4.5,11,경기 수원시 팔달구 권광로207번길 39,경기 수원시 팔달구 인계동 1039-1,0507-1367-2408,127.031225427,37.2664223257579,http://place.map.kakao.com/1755793284,2026-10-09 20:23:46
카카오맵,수원시,음식점 > 한식 > 냉면,우박사칡냉면,4.5,11,경기 수원시 장안구 파장천로19번길 28,경기 수원시 장안구 파장동 578-2,031-255-0104,126.99333907479739,37.308007386760714,http://place.map.kakao.com/11184380,2026-10-10 01:16:52
카카오맵,수원시,음식점 > 한식,육끝 영통구청점,4.5,11,경기 수원시 영통구 매탄로108번길 52,경기 수원시 영통구 매탄동 1266-3,0502-5553-9099,127.0451197113644,37.25933835680032,http://place.map.kakao.com/1394104262,2026-10-09 21:04:49
카카오맵,수원시,"음식점 > 일식 > 초밥,롤",임병진단스시 본점,4.5,11,경기 수원시 장안구 송정로 83,경기 수원시 장안구 송죽동 514,031-252-1205,127.00613541481499,37.29589928831803,http://place.map.kakao.com/2091181792,2026-10-10 00:56:28
카카오맵,수원시,음식점 > 한식,정성식탁,4.5,11,경기 수원시 장안구 경수대로927번길 12-51,경기 수원시 장안구 송죽동 500,,127.007042758904,37.3019686219573,http://place.map.kakao.com/1385021773,2026-10-10 01:04:10
카카오맵,수원시,"음식점 > 한식 > 육류,고기",정성한우정육식당,4.5,11,경기 수원시 영통구 반달로 21,경기 수원시 영통구 영통동 1009-6,031-205-0999,127.075062981974,37.251631854487,http://place.map.kakao.com/1566788527,2026-10-09 21:30:27
카카오맵,수원시,"음식점 > 한식 > 해물,생선 > 회",파도수산 탑동본점,4.5,11,경기 수원시 권선구 하탑로 37,경기 수원시 권선구 탑동 845-2,031-292-4568,126.97569365584242,37.26909914090304,http://place.map.kakao.com/1632283072,2026-10-09 16:51:27
카카오맵,수원시,음식점 > 아시아음식 > 동남아음식 > 베트남음식,포박 수원망포점,4.5,11,경기 수원시 영통구 영통로200번길 20,경기 수원시 영통구 망포동 693,070-4124-2277,127.05782963962545,37.244269179066194,http://place.map.kakao.com/2005137375,2026-10-09 17:48:14
카카오맵,수원시,음식점 > 양식,플립브런치,4.5,11,경기 수원시 영통구 매영로393번길 17,경기 수원시 영통구 영통동 1003-13,070-5088-0655,127.075211405589,37.2501324231374,http://place.map.kakao.com/2094825727,2026-10-09 21:28:43
카카오맵,수원시,음식점 > 분식,하하김밥,4.5,11,경기 수원시 팔달구 동말로38번길 9-10,경기 수원시 팔달구 화서동 180-5,010-9626-4230,126.99899984815673,37.27802734113099,http://place.map.kakao.com/1239874224,2026-10-09 19:55:16
카카오맵,수원시,"음식점 > 한식 > 육류,고기",한마리정육식당 아주대점,4.5,11,경기 수원시 영통구 월드컵로193번길 81-4,경기 수원시 영통구 원천동 32-13,031-216-8682,127.045191364154,37.275491301809,http://place.map.kakao.com/21254768,2026-10-09 22:20:09
카카오맵,수원시,"음식점 > 한식 > 찌개,전골",형제부대찌개,4.5,11,경기 수원시 팔달구 경수대로 549,경기 수원시 팔달구 인계동 955-1,010-3333-2726,127.02950504181034,37.27513583450344,http://place.map.kakao.com/1197646139,2026-10-09 20:50:35
카카오맵,수원시,"음식점 > 일식 > 돈까스,우동",호니도니 망포점,4.5,11,경기 수원시 영통구 덕영대로 1478,경기 수원시 영통구 망포동 41-1,070-8648-2959,127.05242036312801,37.2451772474107,http://place.map.kakao.com/927515510,2026-10-09 17:39:40
카카오맵,수원시,음식점 > 중식,화양,4.5,11,경기 수원시 팔달구 권광로188번길 41,경기 수원시 팔달구 인계동 1118-10,031-302-0230,127.03539339352264,37.26399554820315,http://place.map.kakao.com/1923946423,2026-10-09 21:11:44
카카오맵,수원시,"음식점 > 한식 > 육류,고기",두껍집 수원영통역점,4.5,10,경기 수원시 영통구 청명남로50번길 6-1,경기 수원시 영통구 영통동 1036-1,,127.076974335216,37.2535210170587,http://place.map.kakao.com/2117881797,2026-10-09 21:42:35
카카오맵,수원시,"음식점 > 한식 > 해물,생선 > 굴,전복",만수전복,4.5,10,경기 수원시 팔달구 경수대로480번길 13,경기 수원시 팔달구 인계동 949-9,,127.028557794626,37.2688287803327,http://place.map.kakao.com/1023462794,2026-10-09 20:29:36
카카오맵,수원시,음식점 > 중식 > 양꼬치,먹고보자양꼬치 화서역점,4.5,10,경기 수원시 팔달구 수성로157번길 49-17,경기 수원시 팔달구 화서동 683-4,010-9007-7586,126.988149932487,37.2881976832963,http://place.map.kakao.com/2106869289,2026-10-09 22:59:22
카카오맵,수원시,"음식점 > 한식 > 육류,고기 > 곱창,막창",백년황소곱창 연무본점,4.5,10,경기 수원시 장안구 연무로 49,경기 수원시 장안구 연무동 234-1,031-245-9282,127.026007659393,37.2953667799945,http://place.map.kakao.com/1198659913,2026-10-10 01:35:44
카카오맵,수원시,음식점 > 퓨전요리 > 퓨전일식,버텍스 종합운동장점,4.5,10,경기 수원시 장안구 정조로 979,경기 수원시 장안구 정자동 2-1,031-244-9293,127.00984352327517,37.294299696587444,http://place.map.kakao.com/787138339,2026-10-10 00:07:50
카카오맵,수원시,"음식점 > 술집 > 호프,요리주점 > 역전할머니맥주",역전할머니맥주 화서점,4.5,10,경기 수원시 팔달구 화양로 12-1,경기 수원시 팔달구 화서동 126-12,031-248-1100,126.998529619334,37.2797456193148,http://place.map.kakao.com/1097768700,2026-10-09 19:58:58
카카오맵,수원시,음식점 > 한식 > 한정식,옥유정,4.5,10,경기 수원시 영통구 매여울로52번길 2,경기 수원시 영통구 매탄동 101-36,031-253-5577,127.044783705275,37.2725396478206,http://place.map.kakao.com/25968396,2026-10-09 22:13:29
카카오맵,수원시,"음식점 > 한식 > 육류,고기",육회한녀석들 영통점,4.5,10,경기 수원시 영통구 청명남로34번길 21,경기 수원시 영통구 영통동 1011-5,070-4647-3833,127.07693007239104,37.25211541771727,http://place.map.kakao.com/1898112693,2026-10-09 21:39:32
카카오맵,수원시,음식점 > 한식 > 국수 > 칼국수,이영옥칼국수,4.5,10,경기 수원시 팔달구 팔달로107번길 10,경기 수원시 팔달구 화서동 71-159,031-255-8832,127.00292379715,37.278445391809,http://place.map.kakao.com/1869607710,2026-10-09 20:03:50
카카오맵,수원시,"음식점 > 한식 > 찌개,전골",이한부대찌개 굽고볶고삼겹살 경기대광교점,4.5,10,경기 수원시 영통구 대학1로 42,경기 수원시 영통구 이의동 1260-10,031-211-1189,127.04465211112343,37.299803326981156,http://place.map.kakao.com/1744466196,2026-10-10 02:32:16
카카오맵,수원시,"음식점 > 한식 > 육류,고기 > 닭요리",정스닭꼬치 본점,4.5,10,경기 수원시 팔달구 중부대로 251,경기 수원시 팔달구 우만동 81-7,010-2974-7112,127.04349647331085,37.27511800493015,http://place.map.kakao.com/24145289,2026-10-09 22:17:13
카카오맵,수원시,"음식점 > 한식 > 육류,고기 > 갈비",최강자숯불갈비살,4.5,10,경기 수원시 장안구 만석로 231,경기 수원시 장안구 송죽동 184,031-255-5736,127.002445494844,37.3067587136801,http://place.map.kakao.com/1171913223,2026-10-10 01:27:49
카카오맵,수원시,"음식점 > 일식 > 돈까스,우동 > 최고당돈가스",최고당돈가스 수원매탄점,4.5,10,경기 수원시 영통구 매영로 50,경기 수원시 영통구 매탄동 212-22,031-217-1170,127.04805556596,37.2688332840373,http://place.map.kakao.com/2064714547,2026-10-09 22:05:48
카카오맵,수원시,음식점 > 치킨,치킨달인옛날통닭,4.5,10,경기 수원시 장안구 파장천로19번길 30,경기 수원시 장안구 파장동 578-1,031-269-0222,126.99326349164153,37.30807676221209,http://place.map.kakao.com/1637274057,2026-10-10 01:17:30
카카오맵,수원시,음식점 > 양식 > 햄버거 > 프랭크버거,프랭크버거 수원역로데오점,4.5,10,경기 수원시 팔달구 갓매산로 51,경기 수원시 팔달구 매산로2가 27,031-547-9882,127.0047239341346,37.2688861929015,http://place.map.kakao.com/1760443165,2026-10-09 19:47:27
카카오맵,수원시,음식점 > 한식 > 국수 > 칼국수,행복한홍두깨칼국수,4.5,10,경기 수원시 장안구 장안로103번길 37,경기 수원시 장안구 정자동 45-2,031-242-8228,126.9995263339224,37.29206553141648,http://place.map.kakao.com/739320874,2026-10-09 23:51:27
