추천소스,시군,카테고리,음식점명,별점,리뷰수,도로명주소,지번주소,전화번호,경도,위도,카카오맵URL,수집일시
카카오맵,성남시,음식점 > 중식 > 양꼬치,왕징양다리양꼬치,5.0,711,경기 성남시 중원구 둔촌대로151번길 48,경기 성남시 중원구 성남동 4116-1,031-757-5688,127.130546576101,37.430058768565,http://place.map.kakao.com/1387600612,2026-10-08 13:24:12
카카오맵,성남시,음식점 > 샐러드,훅트포케 정자역점,5.0,173,경기 성남시 분당구 정자일로156번길 6,경기 성남시 분당구 정자동 155-1,070-5172-1898,127.10619677060683,37.36402206117056,http://place.map.kakao.com/1599892305,2026-10-08 09:40:17
카카오맵,성남시,음식점 > 술집,미츠토리 분당정자점,5.0,146,경기 성남시 분당구 성남대로331번길 13,경기 성남시 분당구 정자동 159-1,010-6580-3130,127.106308052482,37.3652861012398,http://place.map.kakao.com/197317277,2026-10-08 09:42:40
카카오맵,성남시,음식점 > 샤브샤브,진스키야키 정자점,5.0,108,경기 성남시 분당구 정자일로 239,경기 성남시 분당구 정자동 9,,127.10560416550055,37.372106595938334,http://place.map.kakao.com/1903506750,2026-10-08 10:08:18
카카오맵,성남시,"음식점 > 한식 > 육류,고기",우몽가든 판교,5.0,55,경기 성남시 분당구 판교역로 152,경기 성남시 분당구 백현동 537,031-622-7182,127.11030715056403,37.394244956641664,http://place.map.kakao.com/500337355,2026-10-08 11:16:10
카카오맵,성남시,음식점 > 뷔페,더파티하우스 디테라스,5.0,24,경기 성남시 분당구 판교로319번길 13,경기 성남시 분당구 삼평동 691,0502-5554-1857,127.109118204024,37.4037383173694,http://place.map.kakao.com/1350997913,2026-10-08 11:49:12
카카오맵,성남시,음식점 > 양식,보보 마르게리타,5.0,23,경기 성남시 수정구 위례서일로3길 27-6,경기 성남시 수정구 창곡동 543-5,0503-7151-1096,127.138909148491,37.4676710455131,http://place.map.kakao.com/1654311148,2026-10-08 17:49:46
카카오맵,성남시,음식점 > 샐러드 > 포케올데이,포케올데이 서현역점,5.0,23,경기 성남시 분당구 황새울로360번길 28,경기 성남시 분당구 서현동 247-4,070-8835-0060,127.12495240837917,37.38566076424643,http://place.map.kakao.com/1445584202,2026-10-08 10:55:09
카카오맵,성남시,"음식점 > 술집 > 호프,요리주점",바차 정자점,5.0,22,경기 성남시 분당구 정자일로156번길 6,경기 성남시 분당구 정자동 155-1,,127.1064901889526,37.3639632306469,http://place.map.kakao.com/564720692,2026-10-08 09:38:13
카카오맵,성남시,음식점 > 아시아음식,도이티 남위례역점,5.0,21,경기 성남시 수정구 위례광장로 21-13,경기 성남시 수정구 창곡동 562-2,010-2113-6033,127.139792327428,37.4648128994578,http://place.map.kakao.com/713617939,2026-10-08 17:41:48
카카오맵,성남시,"음식점 > 한식 > 육류,고기",육회한밥집,5.0,21,경기 성남시 중원구 성남대로1140번길 11,경기 성남시 중원구 성남동 3480,,127.130680488204,37.4316984698545,http://place.map.kakao.com/865312664,2026-10-08 13:30:19
카카오맵,성남시,"음식점 > 한식 > 육류,고기",김과장고깃집,5.0,20,경기 성남시 수정구 산성대로255번길 14-1,경기 성남시 수정구 신흥동 4091,010-6735-3739,127.1449469905025,37.441488484971075,http://place.map.kakao.com/27463582,2026-10-08 14:31:35
카카오맵,성남시,"음식점 > 양식 > 멕시칸,브라질",타코익스체인지,5.0,20,경기 성남시 분당구 판교역로 240,경기 성남시 분당구 삼평동 678,031-696-1777,127.110327642271,37.4020612968601,http://place.map.kakao.com/1380166546,2026-10-08 11:47:05
카카오맵,성남시,음식점 > 한식 > 감자탕,사거리감자탕,5.0,19,경기 성남시 중원구 금상로57번길 5-1,경기 성남시 중원구 상대원동 2992-3,031-731-6100,127.162078535513,37.4406877584313,http://place.map.kakao.com/21341699,2026-10-08 16:18:04
카카오맵,성남시,"음식점 > 일식 > 초밥,롤",스시 작,5.0,18,경기 성남시 수정구 위례광장로 70,경기 성남시 수정구 창곡동 530,031-697-8544,127.14088307237992,37.47080602585013,http://place.map.kakao.com/1740260170,2026-10-08 17:54:53
카카오맵,성남시,"음식점 > 일식 > 초밥,롤",스시하루쿠,5.0,18,경기 성남시 분당구 판교대장로7길 5-19,경기 성남시 분당구 대장동 599-5,031-713-3562,127.067936130749,37.3710259692178,http://place.map.kakao.com/643707966,2026-10-08 09:57:04
카카오맵,성남시,"음식점 > 한식 > 육류,고기",광수육회 성남점,5.0,16,경기 성남시 중원구 광명로 27,경기 성남시 중원구 성남동 3178,070-8287-3840,127.132157177579,37.4335997734714,http://place.map.kakao.com/964851269,2026-10-08 13:50:47
카카오맵,성남시,"음식점 > 일식 > 초밥,롤",스시태리,5.0,16,경기 성남시 중원구 성남대로 1115,경기 성남시 중원구 성남동 4940,,127.128999946467,37.429473003894,http://place.map.kakao.com/1256039229,2026-10-08 13:23:04
카카오맵,성남시,"음식점 > 술집 > 호프,요리주점",크래프트인하우스 비어탭룸,5.0,16,경기 성남시 수정구 위례서일로1길 7,경기 성남시 수정구 창곡동 558-4,010-6282-2021,127.13739682397186,37.466524025259126,http://place.map.kakao.com/579725097,2026-10-08 17:46:34
카카오맵,성남시,"음식점 > 간식 > 제과,베이커리",분당제철소,5.0,15,경기 성남시 분당구 정자일로213번길 19,경기 성남시 분당구 정자동 10-1,0507-1393-1913,127.10463703384357,37.370767630787476,http://place.map.kakao.com/799932732,2026-10-08 10:08:22
카카오맵,성남시,"음식점 > 한식 > 육류,고기",한우왕돼지왕,5.0,15,경기 성남시 중원구 성남대로997번길 27-14,경기 성남시 중원구 여수동 245,0502-5553-2827,127.124794195477,37.4182742708879,http://place.map.kakao.com/378261685,2026-10-08 12:35:29
카카오맵,성남시,음식점 > 분식,이새분식,5.0,14,경기 성남시 수정구 청계산로 686,경기 성남시 수정구 고등동 603,031-758-8838,127.09393166787562,37.427267945813725,http://place.map.kakao.com/877674622,2026-10-08 12:36:01
카카오맵,성남시,"음식점 > 한식 > 육류,고기",고기터,5.0,13,경기 성남시 분당구 판교로 430,경기 성남시 분당구 이매동 132,,127.121271175054,37.4052131605681,http://place.map.kakao.com/659472294,2026-10-08 12:30:22
카카오맵,성남시,"음식점 > 한식 > 찌개,전골",애햄부대찌개 분당서현점,5.0,13,경기 성남시 분당구 서현로180번길 13,경기 성남시 분당구 서현동 254-5,031-704-0906,127.122882891571,37.3878974695381,http://place.map.kakao.com/320820272,2026-10-08 11:24:49
카카오맵,성남시,"음식점 > 한식 > 해물,생선 > 회",올라회덮밥,5.0,13,경기 성남시 분당구 성남대로 51,경기 성남시 분당구 구미동 156,,127.108087709963,37.3404836877446,http://place.map.kakao.com/17921505,2026-10-08 09:01:30
카카오맵,성남시,"음식점 > 한식 > 육류,고기",우리맛고기,5.0,13,경기 성남시 수정구 청계산로2길 13,경기 성남시 수정구 고등동 595-12,031-758-2846,127.094710911453,37.42791155112,http://place.map.kakao.com/1282610031,2026-10-08 12:35:54
카카오맵,성남시,"음식점 > 한식 > 해물,생선",쭈꾸미아저씨 수진점,5.0,13,경기 성남시 수정구 수정남로 5,경기 성남시 수정구 수진동 3009,031-758-0777,127.12859516020184,37.43920080897137,http://place.map.kakao.com/21354610,2026-10-08 13:55:10
카카오맵,성남시,음식점 > 양식 > 피자 > 피자알볼로,피자알볼로 서현이매점,5.0,13,경기 성남시 분당구 새마을로 12,경기 성남시 분당구 서현동 99-4,031-709-8495,127.13209940679351,37.38333916931236,http://place.map.kakao.com/20000983,2026-10-08 12:13:41
카카오맵,성남시,음식점 > 아시아음식 > 동남아음식 > 베트남음식,H&T관,5.0,12,경기 성남시 중원구 산성대로80번길 12,경기 성남시 중원구 성남동 4297,010-2590-8996,127.12800259241459,37.43229697150996,http://place.map.kakao.com/2096886274,2026-10-08 13:30:51
카카오맵,성남시,"음식점 > 간식 > 제과,베이커리",리틀그레인,5.0,12,경기 성남시 수정구 복정로106번길 5-1,경기 성남시 수정구 복정동 660-10,010-6435-2580,127.127365975671,37.4626681235054,http://place.map.kakao.com/746925918,2026-10-08 17:38:01
카카오맵,성남시,"음식점 > 간식 > 제과,베이커리",벌스데이파티,5.0,12,경기 성남시 수정구 성남대로1518번길 12,경기 성남시 수정구 복정동 646-2,0503-7152-7245,127.127715164887,37.4652770746184,http://place.map.kakao.com/1374751147,2026-10-08 17:37:40
카카오맵,성남시,"음식점 > 간식 > 제과,베이커리",새쟁이꽈배기,5.0,12,경기 성남시 분당구 운중로 128,경기 성남시 분당구 운중동 944,010-9591-6598,127.07724708120041,37.39127077060241,http://place.map.kakao.com/927944441,2026-10-08 10:01:44
카카오맵,성남시,"음식점 > 한식 > 찌개,전골",여기는 이가네 부대찌개,5.0,12,경기 성남시 중원구 둔촌대로113번길 18,경기 성남시 중원구 성남동 3595,031-755-6770,127.131476743507,37.4308803653838,http://place.map.kakao.com/360213024,2026-10-08 13:38:41
카카오맵,성남시,"음식점 > 한식 > 육류,고기",우마주,5.0,12,경기 성남시 수정구 위례서일로 34,경기 성남시 수정구 창곡동 559-8,070-4833-5115,127.139486359529,37.4643987960344,http://place.map.kakao.com/805483992,2026-10-08 17:39:51
카카오맵,성남시,"음식점 > 한식 > 해물,생선 > 게,대게",집게집 위례점,5.0,12,경기 성남시 수정구 위례서일로3길 7-14,경기 성남시 수정구 창곡동 555-14,,127.1389829324433,37.46661587551484,http://place.map.kakao.com/357082959,2026-10-08 17:47:39
카카오맵,성남시,음식점 > 일식 > 타코비,타코비 야탑점,5.0,12,경기 성남시 분당구 성남대로916번길 20,경기 성남시 분당구 야탑동 367-5,031-698-4141,127.129769918305,37.4101543401052,http://place.map.kakao.com/839671062,2026-10-08 12:50:29
카카오맵,성남시,음식점 > 분식,소망분식,5.0,11,경기 성남시 수정구 남문로119번길 13-1,경기 성남시 수정구 태평동 2524,,127.139190824242,37.4488765088096,http://place.map.kakao.com/21389540,2026-10-08 16:50:26
카카오맵,성남시,"음식점 > 간식 > 제과,베이커리",제주돌담꽈배기,5.0,11,경기 성남시 분당구 불정로386번길 10,경기 성남시 분당구 서현동 307,031-709-9111,127.13774244164335,37.37323585597755,http://place.map.kakao.com/819300276,2026-10-08 12:03:10
카카오맵,성남시,음식점 > 양식 > 피자 > 피자스쿨,피자스쿨 판교산운마을점,5.0,11,경기 성남시 분당구 운중로 128,경기 성남시 분당구 운중동 944,031-709-0303,127.07725614764148,37.39130230046782,http://place.map.kakao.com/25104553,2026-10-08 10:01:55
카카오맵,성남시,음식점 > 한식,해창손만두,5.0,11,경기 성남시 분당구 중앙공원로40번길 8,경기 성남시 분당구 서현동 94,031-705-4959,127.13035303107272,37.37965952465036,http://place.map.kakao.com/19455318,2026-10-08 12:06:37
카카오맵,성남시,음식점 > 분식,뚠뚠이김밥 분당수내점,5.0,10,경기 성남시 분당구 내정로166번길 43,경기 성남시 분당구 수내동 63-1,031-719-1962,127.12260117462706,37.370223273987314,http://place.map.kakao.com/1028303112,2026-10-08 10:22:25
카카오맵,성남시,"음식점 > 간식 > 제과,베이커리",베이커룸,5.0,10,경기 성남시 분당구 매화로38번길 12,경기 성남시 분당구 야탑동 319-5,010-3923-5459,127.135016619994,37.4107683661203,http://place.map.kakao.com/2077143973,2026-10-08 13:03:15
카카오맵,성남시,"음식점 > 한식 > 육류,고기 > 족발,보쌈",설레족발 서현시범단지점,5.0,10,경기 성남시 분당구 중앙공원로40번길 42,경기 성남시 분당구 서현동 94-3,031-709-1179,127.132096176635,37.3782790237839,http://place.map.kakao.com/1810514233,2026-10-08 12:08:33
카카오맵,성남시,"음식점 > 한식 > 육류,고기 > 삼겹살",암퇘지생삼겹살식당,5.0,10,경기 성남시 중원구 산성대로360번길 3,경기 성남시 중원구 중앙동 37,,127.15630017433448,37.44417255395591,http://place.map.kakao.com/720820794,2026-10-08 17:03:18
카카오맵,성남시,"음식점 > 한식 > 육류,고기",영애숙성양갈비,5.0,10,경기 성남시 수정구 수정남로 53,경기 성남시 수정구 수진동 84-2,031-753-2999,127.133656794343,37.4407269186962,http://place.map.kakao.com/186994710,2026-10-08 14:04:25
카카오맵,성남시,"음식점 > 한식 > 육류,고기 > 족발,보쌈",온미족발,5.0,10,경기 성남시 수정구 위례광장로 320,경기 성남시 수정구 창곡동 509-2,031-722-4044,127.14237234691983,37.472243153436764,http://place.map.kakao.com/163320416,2026-10-08 17:56:37
카카오맵,성남시,음식점 > 패스트푸드 > 샌드위치,위치스,5.0,10,경기 성남시 수정구 고등로 34,경기 성남시 수정구 고등동 592,010-2513-0273,127.09495381498749,37.4288015607983,http://place.map.kakao.com/666430570,2026-10-08 12:38:19
카카오맵,성남시,"음식점 > 한식 > 육류,고기 > 곱창,막창",이모네왕십리곱창,5.0,10,경기 성남시 수정구 제일로147번길 4,경기 성남시 수정구 수진동 3379,031-722-5101,127.13143356640042,37.43978785150224,http://place.map.kakao.com/24693251,2026-10-08 14:00:36
카카오맵,성남시,"음식점 > 한식 > 육류,고기 > 닭요리",장스춘천닭갈비와쭈꾸미,5.0,10,경기 성남시 수정구 수정로153번길 11,경기 성남시 수정구 태평동 3455,031-755-3863,127.136667282109,37.4433003770651,http://place.map.kakao.com/1722838994,2026-10-08 16:31:41
카카오맵,성남시,음식점 > 한식,제육불패,5.0,10,경기 성남시 중원구 광명로 378,경기 성남시 중원구 금광동 2403,1644-1587,127.167853752863,37.4466588251005,http://place.map.kakao.com/747006589,2026-10-08 17:20:58
카카오맵,성남시,"음식점 > 술집 > 호프,요리주점",주담,5.0,10,경기 성남시 분당구 백현로150번길 5,경기 성남시 분당구 정자동 45-4,031-711-5530,127.114555387492,37.3725830163875,http://place.map.kakao.com/1828638861,2026-10-08 10:24:32
카카오맵,성남시,음식점 > 양식 > 피자 > 피자스쿨,피자스쿨 판교백현마을점,5.0,10,경기 성남시 분당구 동판교로 58,경기 성남시 분당구 백현동 602,031-704-1566,127.115332983051,37.3878888554345,http://place.map.kakao.com/13055479,2026-10-08 11:19:34
카카오맵,성남시,음식점 > 일식 > 후토루,후토루 판교점,5.0,10,경기 성남시 분당구 판교역로 231,경기 성남시 분당구 삼평동 680,0507-1360-3686,127.108694575239,37.4013329825801,http://place.map.kakao.com/1815830045,2026-10-08 11:44:05
카카오맵,성남시,음식점 > 중식 > 양꼬치,왕징양다리양꼬치 판교직영점,4.9,724,경기 성남시 분당구 대왕판교로606번길 10,경기 성남시 분당구 백현동 531,031-705-5688,127.10919395281168,37.39522810358333,http://place.map.kakao.com/1537703881,2026-10-08 11:14:53
카카오맵,성남시,"음식점 > 술집 > 호프,요리주점 > 김복남맥주",김복남맥주 분당장안점,4.9,185,경기 성남시 분당구 장안로 31,경기 성남시 분당구 분당동 90-5,1522-3748,127.14272607394939,37.36980424981942,http://place.map.kakao.com/1653612206,2026-10-08 12:01:15
카카오맵,성남시,음식점 > 술집,스미노카리 정자점,4.9,168,경기 성남시 분당구 정자일로 162,경기 성남시 분당구 정자동 159-4,010-7221-5743,127.10631389516392,37.3646265447007,http://place.map.kakao.com/774215310,2026-10-08 09:40:01
카카오맵,성남시,"음식점 > 술집 > 호프,요리주점",잔비어바,4.9,123,경기 성남시 중원구 광명로16번길 16,경기 성남시 중원구 성남동 3473,031-603-6423,127.131150801252,37.4318637359109,http://place.map.kakao.com/713554985,2026-10-08 13:37:40
카카오맵,성남시,음식점 > 한식,별주막 판교점,4.9,70,경기 성남시 분당구 판교역로192번길 22,경기 성남시 분당구 삼평동 659,0503-7152-8064,127.112196442353,37.3980094491976,http://place.map.kakao.com/1412342313,2026-10-08 11:35:56
카카오맵,성남시,음식점 > 일식 > 후토루,후토루 분당수내점,4.9,70,경기 성남시 분당구 황새울로200번길 9-7,경기 성남시 분당구 수내동 21-2,031-726-2587,127.11231879331193,37.37782642241575,http://place.map.kakao.com/1269485553,2026-10-08 10:32:24
카카오맵,성남시,"음식점 > 일식 > 돈까스,우동",돈가스진옥,4.9,69,경기 성남시 중원구 자혜로8번길 62,경기 성남시 중원구 금광동 4357,010-5515-4876,127.158232739913,37.4453277850883,http://place.map.kakao.com/1657202320,2026-10-08 17:05:51
카카오맵,성남시,음식점 > 패스트푸드 > 프레디버거,프레디버거 위례중앙점,4.9,63,경기 성남시 수정구 위례광장로 310,경기 성남시 수정구 창곡동 509-1,031-758-6382,127.142938472882,37.4727091929301,http://place.map.kakao.com/1110927114,2026-10-08 18:01:49
카카오맵,성남시,"음식점 > 한식 > 육류,고기 > 곱창,막창",명숙이네 소곱창 판교점,4.9,57,경기 성남시 분당구 대왕판교로606번길 45,경기 성남시 분당구 삼평동 653,0503-7154-0075,127.11177673263902,37.39676643722493,http://place.map.kakao.com/265083429,2026-10-08 11:31:07
카카오맵,성남시,음식점 > 퓨전요리 > 퓨전중식,골든디쉬아메리칸차이니즈 정자점,4.9,56,경기 성남시 분당구 정자일로 136,경기 성남시 분당구 정자동 166-2,,127.10627316622434,37.36216137255632,http://place.map.kakao.com/1887767046,2026-10-08 09:34:49
카카오맵,성남시,"음식점 > 한식 > 육류,고기",우정가 수내역점,4.9,56,경기 성남시 분당구 황새울로240번길 10-3,경기 성남시 분당구 수내동 12-2,031-711-7965,127.114904220066,37.3792295365323,http://place.map.kakao.com/809295113,2026-10-08 10:39:01
카카오맵,성남시,음식점 > 한식 > 감자탕,핫뼈감자탕 모란점,4.9,51,경기 성남시 중원구 광명로 20-1,경기 성남시 중원구 성남동 3248,031-758-2026,127.13146604365505,37.43316084849732,http://place.map.kakao.com/972731235,2026-10-08 13:50:43
카카오맵,성남시,"음식점 > 한식 > 육류,고기 > 삼겹살",돈마마,4.9,49,경기 성남시 중원구 산성대로 334-2,경기 성남시 중원구 중앙동 317,031-731-2410,127.153445188746,37.4428364872499,http://place.map.kakao.com/8896514,2026-10-08 16:59:14
카카오맵,성남시,"음식점 > 한식 > 육류,고기",칠프로칠백식당 분당직영점,4.9,47,경기 성남시 분당구 미금일로74번길 25-7,경기 성남시 분당구 구미동 45-2,031-716-0701,127.11134856500199,37.347782606640386,http://place.map.kakao.com/27323794,2026-10-08 09:08:51
카카오맵,성남시,"음식점 > 간식 > 제과,베이커리",디저트스윙,4.9,46,경기 성남시 분당구 정자로76번길 11,경기 성남시 분당구 정자동 130-3,0503-7152-2871,127.11351488064304,37.36236638581654,http://place.map.kakao.com/426338768,2026-10-08 09:52:29
카카오맵,성남시,음식점 > 한식,상기육개장,4.9,41,경기 성남시 분당구 판교역로2번길 34,경기 성남시 분당구 백현동 560-3,0507-1376-2912,127.112040328658,37.3864521862478,http://place.map.kakao.com/642455553,2026-10-08 11:09:06
카카오맵,성남시,음식점 > 간식 > 닭강정,왕의강정,4.9,39,경기 성남시 분당구 돌마로476번길 41,경기 성남시 분당구 서현동 305-3,031-703-3150,127.136126700101,37.3743982465334,http://place.map.kakao.com/923014193,2026-10-08 11:59:02
카카오맵,성남시,음식점 > 일식,야키토리 요바나시 위례본점,4.9,38,경기 성남시 수정구 위례서일로1길 16-7,경기 성남시 수정구 창곡동 556-3,0502-5551-6554,127.13854186449116,37.467111949230215,http://place.map.kakao.com/1855705207,2026-10-08 17:49:26
카카오맵,성남시,"음식점 > 한식 > 육류,고기",왕고집 참숯구이,4.9,38,경기 성남시 분당구 구미로9번길 8,경기 성남시 분당구 구미동 187-3,,127.11067513884,37.3387954680947,http://place.map.kakao.com/235924888,2026-10-08 08:57:22
카카오맵,성남시,음식점 > 일식 > 일식집,카타,4.9,34,경기 성남시 수정구 위례서일로3길 14-16,경기 성남시 수정구 창곡동 547-1,031-754-7577,127.13986888037546,37.46707254353495,http://place.map.kakao.com/1078342583,2026-10-08 17:50:15
카카오맵,성남시,"음식점 > 한식 > 육류,고기",고야식당,4.9,32,경기 성남시 중원구 성남대로997번길 51-12,경기 성남시 중원구 여수동 308,070-7763-7365,127.12556943777265,37.41709581929725,http://place.map.kakao.com/1656448770,2026-10-08 13:13:23
카카오맵,성남시,음식점 > 한식 > 순대,만만한순대,4.9,32,경기 성남시 수정구 위례광장로 21-9,경기 성남시 수정구 창곡동 562-1,031-697-8174,127.139906245133,37.465285795293,http://place.map.kakao.com/778880519,2026-10-08 17:43:36
카카오맵,성남시,"음식점 > 간식 > 제과,베이커리",든든,4.9,31,경기 성남시 분당구 미금일로86번길 6,경기 성남시 분당구 구미동 58-1,070-4114-1112,127.110468609128,37.3464868508275,http://place.map.kakao.com/901671151,2026-10-08 09:08:10
카카오맵,성남시,음식점 > 아시아음식 > 동남아음식 > 베트남음식,하노이테이블,4.9,31,경기 성남시 분당구 운중로 132,경기 성남시 분당구 운중동 943,031-705-5828,127.07772703987166,37.39129298167235,http://place.map.kakao.com/560331122,2026-10-08 10:58:27
카카오맵,성남시,"음식점 > 간식 > 제과,베이커리",헤이스콘,4.9,29,경기 성남시 분당구 야탑로149번길 9,경기 성남시 분당구 야탑동 319-8,070-8777-0533,127.135333667031,37.4105697794297,http://place.map.kakao.com/1598984709,2026-10-08 13:03:06
카카오맵,성남시,"음식점 > 한식 > 육류,고기 > 닭요리 > 삼계탕",닭장수섭 삼계탕구이통닭,4.9,27,경기 성남시 분당구 발이봉북로 3,경기 성남시 분당구 수내동 87-3,031-702-3292,127.127849704719,37.3669361817771,http://place.map.kakao.com/1294792137,2026-10-08 11:57:15
카카오맵,성남시,음식점 > 한식,연식당,4.9,27,경기 성남시 분당구 판교로 443,경기 성남시 분당구 야탑동 533-7,031-705-5177,127.123113062069,37.4057338486875,http://place.map.kakao.com/1699272362,2026-10-08 12:30:58
카카오맵,성남시,"음식점 > 간식 > 제과,베이커리",블랑제리드빌라주,4.9,26,경기 성남시 분당구 중앙공원로40번길 4,경기 성남시 분당구 서현동 93,031-707-0255,127.129569903613,37.3805821326108,http://place.map.kakao.com/640530676,2026-10-08 12:05:47
카카오맵,성남시,"음식점 > 한식 > 해물,생선 > 회",신광수산,4.9,26,경기 성남시 중원구 원터로118번길 2,경기 성남시 중원구 성남동 2141,031-708-4001,127.141876283265,37.4370556144732,http://place.map.kakao.com/21877049,2026-10-08 14:20:34
카카오맵,성남시,음식점 > 중식 > 중국요리,신마장훠궈,4.9,26,경기 성남시 수정구 수정로120번길 7,경기 성남시 수정구 수진동 46,031-755-8852,127.134005033733,37.4408382501987,http://place.map.kakao.com/245938373,2026-10-08 14:10:19
카카오맵,성남시,음식점 > 한식,밥엔청국장 성남시청점,4.9,24,경기 성남시 중원구 성남대로997번길 25-13,경기 성남시 중원구 여수동 212,031-752-1042,127.126427188974,37.4179751998719,http://place.map.kakao.com/1173674688,2026-10-08 13:15:30
카카오맵,성남시,음식점 > 간식 > 토스트 > 이삭토스트,이삭토스트 판교봇들마을점,4.9,24,경기 성남시 분당구 판교로 375,경기 성남시 분당구 삼평동 708,031-705-8887,127.11538960774106,37.40420269600523,http://place.map.kakao.com/1628685462,2026-10-08 11:53:25
카카오맵,성남시,음식점 > 패스트푸드 > 샌드위치,클로이샌드위치,4.9,24,경기 성남시 분당구 판교공원로3길 4,경기 성남시 분당구 판교동 613-3,0507-1390-1549,127.09049849360866,37.390888348486044,http://place.map.kakao.com/618096683,2026-10-08 11:01:22
카카오맵,성남시,"음식점 > 간식 > 제과,베이커리",스윗봉쥬르,4.9,23,경기 성남시 분당구 매화로48번길 11-4,경기 성남시 분당구 야탑동 295-2,070-8286-2215,127.13517906100962,37.411906167519845,http://place.map.kakao.com/738306391,2026-10-08 13:04:04
카카오맵,성남시,음식점 > 양식 > 피자,피자테리아,4.9,23,경기 성남시 분당구 양현로 138,경기 성남시 분당구 이매동 111,031-706-7016,127.12701767734951,37.39570406106845,http://place.map.kakao.com/8130962,2026-10-08 12:20:57
카카오맵,성남시,음식점 > 아시아음식 > 동남아음식 > 베트남음식,햇쌀,4.9,23,경기 성남시 중원구 광명로42번길 12,경기 성남시 중원구 성남동 3343,0507-1420-0464,127.133892422597,37.4328112339763,http://place.map.kakao.com/562420122,2026-10-08 13:43:37
카카오맵,성남시,"음식점 > 한식 > 육류,고기",태희네 착한정육식당,4.9,20,경기 성남시 수정구 수정로111번길 6-7,경기 성남시 수정구 태평동 3690,031-755-0249,127.13279424343877,37.44180280117291,http://place.map.kakao.com/664921967,2026-10-08 14:08:47
카카오맵,성남시,음식점 > 양식 > 이탈리안,조이스키친,4.9,19,경기 성남시 분당구 성남대로43번길 10,경기 성남시 분당구 구미동 158,031-717-8698,127.107816216131,37.3400262121766,http://place.map.kakao.com/1447325664,2026-10-08 09:01:34
카카오맵,성남시,음식점 > 한식 > 냉면,두레상칡냉면,4.9,17,경기 성남시 분당구 장미로148번길 6,경기 성남시 분당구 야탑동 283-7,031-702-4772,127.137153671829,37.4125931727585,http://place.map.kakao.com/2030753772,2026-10-08 13:10:46
카카오맵,성남시,"음식점 > 간식 > 제과,베이커리",빵굽는작은마을,4.9,17,경기 성남시 분당구 미금로 232,경기 성남시 분당구 금곡동 133-1,,127.11257821226818,37.35271457414556,http://place.map.kakao.com/1132721186,2026-10-08 09:27:45
카카오맵,성남시,음식점 > 한식 > 국수 > 칼국수,다온정샤브손칼국수,4.9,16,경기 성남시 수정구 위례광장로 310,경기 성남시 수정구 창곡동 509-1,031-602-0875,127.14259946026785,37.472778980276075,http://place.map.kakao.com/817286811,2026-10-08 17:56:16
카카오맵,성남시,"음식점 > 간식 > 제과,베이커리",듀블레오빵,4.9,16,경기 성남시 분당구 미금로 48,경기 성남시 분당구 구미동 205-1,010-7702-5800,127.116543976752,37.3378347403082,http://place.map.kakao.com/1685742827,2026-10-08 08:59:03
카카오맵,성남시,"음식점 > 간식 > 제과,베이커리",맬봄제과점,4.9,16,경기 성남시 분당구 발이봉로7번길 2,경기 성남시 분당구 수내동 90-1,070-8855-3330,127.127145395462,37.3656700984692,http://place.map.kakao.com/178125576,2026-10-08 11:55:56
카카오맵,성남시,음식점 > 양식,비스트로피요,4.9,16,경기 성남시 분당구 판교공원로3길 10,경기 성남시 분당구 판교동 614-9,,127.090168280574,37.3914382244301,http://place.map.kakao.com/231486778,2026-10-08 11:05:14
카카오맵,성남시,"음식점 > 한식 > 육류,고기 > 닭요리",신땡초불닭발,4.9,16,경기 성남시 수정구 공원로339번길 36-1,경기 성남시 수정구 신흥동 2575-2,031-732-6825,127.1468893926901,37.4420194874476,http://place.map.kakao.com/11119670,2026-10-08 14:33:41
카카오맵,성남시,음식점 > 양식 > 이탈리안,에이원캔틴,4.9,16,경기 성남시 수정구 위례순환로4길 6,경기 성남시 수정구 창곡동 525-1,,127.148312356971,37.4690552824483,http://place.map.kakao.com/1368716753,2026-10-08 17:54:11
카카오맵,성남시,"음식점 > 양식 > 멕시칸,브라질",치미치미,4.9,16,경기 성남시 수정구 성남대로 1342,경기 성남시 수정구 복정동 620-2,031-751-7271,127.12725327555238,37.44952337714646,http://place.map.kakao.com/27532053,2026-10-08 16:35:55
카카오맵,성남시,음식점 > 일식,코코로 스시,4.9,16,경기 성남시 분당구 효자길 29-1,경기 성남시 분당구 서현동 328-5,031-704-2229,127.1388682332097,37.37762523168859,http://place.map.kakao.com/1815687008,2026-10-08 12:14:47
카카오맵,성남시,음식점 > 아시아음식 > 동남아음식 > 베트남음식,리틀호이안,4.9,15,경기 성남시 수정구 대왕판교로 930-1,경기 성남시 수정구 시흥동 201-10,031-757-1535,127.102847121347,37.4232807325701,http://place.map.kakao.com/1190875095,2026-10-08 12:33:56
카카오맵,성남시,"음식점 > 한식 > 육류,고기 > 곱창,막창",서현곱창,4.9,15,경기 성남시 분당구 서현로210번길 2,경기 성남시 분당구 서현동 245-3,,127.125482825854,37.3868387406255,http://place.map.kakao.com/758807830,2026-10-08 12:18:01
카카오맵,성남시,음식점 > 분식,최호만두,4.9,15,경기 성남시 분당구 정자일로 227,경기 성남시 분당구 정자동 12-1,031-717-1553,127.105670140757,37.3708496066456,http://place.map.kakao.com/1257531304,2026-10-08 10:08:48
카카오맵,성남시,"음식점 > 일식 > 돈까스,우동",코코돈,4.9,15,경기 성남시 분당구 돌마로 481,경기 성남시 분당구 서현동 95,031-707-4523,127.132873147305,37.3777375389398,http://place.map.kakao.com/1342635705,2026-10-08 12:07:47
카카오맵,성남시,음식점 > 한식 > 국밥,콩심 성남금광점,4.9,15,경기 성남시 중원구 산성대로 418-1,경기 성남시 중원구 금광동 4547,031-745-1415,127.159158394939,37.4491216101513,http://place.map.kakao.com/223238043,2026-10-08 17:09:46
카카오맵,성남시,"음식점 > 간식 > 제과,베이커리",노브레드,4.9,14,경기 성남시 분당구 운중로138번길 36,경기 성남시 분당구 운중동 930-6,031-708-8482,127.07617953405212,37.39087951834157,http://place.map.kakao.com/655811591,2026-10-08 10:00:38
카카오맵,성남시,"음식점 > 한식 > 육류,고기 > 삼겹살",모란생삼겹살,4.9,14,경기 성남시 중원구 둔촌대로127번길 25,경기 성남시 중원구 성남동 3574,031-754-8405,127.132578114535,37.4313864072757,http://place.map.kakao.com/479293433,2026-10-08 13:39:44
카카오맵,성남시,음식점 > 간식 > 아이스크림,아볼롱떼,4.9,14,경기 성남시 분당구 정자일로 120,경기 성남시 분당구 정자동 170-1,010-7227-8880,127.10617029902807,37.36125773500622,http://place.map.kakao.com/905592584,2026-10-08 09:32:41
카카오맵,성남시,"음식점 > 한식 > 육류,고기",우마주 판교대장점,4.9,14,경기 성남시 분당구 판교대장로4길 20,경기 성남시 분당구 대장동 647-1,031-713-8292,127.068641680514,37.3647769455592,http://place.map.kakao.com/1226904654,2026-10-08 08:53:16
카카오맵,성남시,"음식점 > 한식 > 육류,고기",우본관 정자역점,4.9,14,경기 성남시 분당구 정자일로 158,경기 성남시 분당구 정자동 159-5,0503-7153-5611,127.10644552497989,37.36431016604183,http://place.map.kakao.com/1833274152,2026-10-08 09:40:11
카카오맵,성남시,음식점 > 아시아음식 > 동남아음식 > 베트남음식,퍼홍,4.9,14,경기 성남시 수정구 제일로147번길 4,경기 성남시 수정구 수진동 3379,,127.13189258602084,37.43992699746296,http://place.map.kakao.com/274645154,2026-10-08 14:00:46
카카오맵,성남시,"음식점 > 간식 > 떡,한과",미소향망개떡 분당서현점,4.9,13,경기 성남시 분당구 중앙공원로40번길 4,경기 성남시 분당구 서현동 93,031-708-4488,127.129457703215,37.3803380780387,http://place.map.kakao.com/27541566,2026-10-08 12:05:36
카카오맵,성남시,음식점 > 치킨 > 치킨마루,치킨마루 백현화랑초교점,4.9,13,경기 성남시 분당구 동판교로 91,경기 성남시 분당구 백현동 553,031-704-7780,127.116503155185,37.3910088504318,http://place.map.kakao.com/22352785,2026-10-08 11:28:24
카카오맵,성남시,음식점 > 술집 > 일본식주점,마츠카게,4.9,12,경기 성남시 분당구 판교역로 136,경기 성남시 분당구 백현동 540,0503-7154-4013,127.11000843942408,37.39230623557713,http://place.map.kakao.com/1282394190,2026-10-08 11:09:23
카카오맵,성남시,음식점 > 중식,맛짜장 본점,4.9,12,경기 성남시 중원구 자혜로 84,경기 성남시 중원구 금광동 2705,031-732-8886,127.16867681765223,37.451348326443885,http://place.map.kakao.com/645120470,2026-10-08 17:24:09
카카오맵,성남시,음식점 > 일식 > 참치회,명진상회,4.9,12,경기 성남시 분당구 내정로107번길 16,경기 성남시 분당구 정자동 68-9,0503-7152-4817,127.112993307892,37.3698580163646,http://place.map.kakao.com/921435868,2026-10-08 10:14:23
카카오맵,성남시,음식점 > 양식 > 피자,베네트피자,4.9,12,경기 성남시 분당구 느티로69번길 16,경기 성남시 분당구 정자동 68-12,,127.112564298136,37.3698494151881,http://place.map.kakao.com/15870965,2026-10-08 10:14:34
카카오맵,성남시,음식점 > 술집 > 칵테일바,불스바,4.9,12,경기 성남시 분당구 서현로210번길 10,경기 성남시 분당구 서현동 248-2,,127.124671508266,37.386502616166595,http://place.map.kakao.com/15572199,2026-10-08 11:23:23
카카오맵,성남시,음식점 > 샐러드,샐러딧 판교파미어스점,4.9,12,경기 성남시 수정구 창업로 17,경기 성남시 수정구 시흥동 288-2,031-721-7924,127.097765590419,37.4120169085406,http://place.map.kakao.com/1703060834,2026-10-08 12:26:56
카카오맵,성남시,음식점 > 한식 > 순대,성호순대국,4.9,12,경기 성남시 수정구 수정남로148번길 2,경기 성남시 수정구 신흥동 3478,031-747-0877,127.143604039171,37.4435948933243,http://place.map.kakao.com/1251315329,2026-10-08 16:47:28
카카오맵,성남시,"음식점 > 한식 > 해물,생선 > 회",아름마을회이야기,4.9,12,경기 성남시 분당구 판교로 445,경기 성남시 분당구 야탑동 533-8,,127.12334463403472,37.4057516277369,http://place.map.kakao.com/751017047,2026-10-08 12:30:54
카카오맵,성남시,"음식점 > 한식 > 육류,고기",우리동네,4.9,12,경기 성남시 분당구 금곡로11번길 7,경기 성남시 분당구 구미동 134-3,031-717-5412,127.110237666705,37.3444570472564,http://place.map.kakao.com/921408067,2026-10-08 09:05:37
카카오맵,성남시,"음식점 > 간식 > 제과,베이커리",굿스고로케&꽈배기 성남점,4.9,11,경기 성남시 중원구 산성대로372번길 10,경기 성남시 중원구 금광동 10,010-5057-4482,127.15789954165938,37.44487231779702,http://place.map.kakao.com/1529119220,2026-10-08 17:06:34
카카오맵,성남시,음식점 > 술집 > 일본식주점,사케야,4.9,11,경기 성남시 분당구 불정로420번길 27,경기 성남시 분당구 서현동 340-9,,127.142337770496,37.375209064934,http://place.map.kakao.com/16724148,2026-10-08 12:05:01
카카오맵,성남시,"음식점 > 한식 > 해물,생선 > 장어",수미정풍천장어 수진점,4.9,11,경기 성남시 수정구 제일로 154,경기 성남시 수정구 수진동 75,031-754-3355,127.132297816685,37.4403211890117,http://place.map.kakao.com/226560488,2026-10-08 14:02:59
카카오맵,성남시,"음식점 > 한식 > 육류,고기 > 삼겹살",숯불지리산흑돼지,4.9,11,경기 성남시 수정구 산성대로93번길 25,경기 성남시 수정구 수진동 4002,031-741-8862,127.12885822990786,37.436438911403506,http://place.map.kakao.com/1984217442,2026-10-08 13:48:47
카카오맵,성남시,음식점 > 한식 > 감자탕,양천뼈다귀 정자점,4.9,11,경기 성남시 분당구 정자일로 197,경기 성남시 분당구 정자동 16-2,031-713-5989,127.10574484871181,37.36777253713911,http://place.map.kakao.com/844484776,2026-10-08 10:05:43
카카오맵,성남시,"음식점 > 한식 > 육류,고기",위례한우각,4.9,11,경기 성남시 수정구 위례서일로3길 32,경기 성남시 수정구 창곡동 545-7,031-753-8592,127.13957756501,37.4678567670341,http://place.map.kakao.com/1463746785,2026-10-08 17:49:23
카카오맵,성남시,"음식점 > 한식 > 해물,생선 > 회",전라도횟집,4.9,11,경기 성남시 중원구 산성대로 214,경기 성남시 중원구 성남동 2107,031-755-1198,127.142463258242,37.43793249703311,http://place.map.kakao.com/1119552072,2026-10-08 14:22:54
카카오맵,성남시,"음식점 > 한식 > 해물,생선 > 회",직거래회포장,4.9,11,경기 성남시 분당구 정자일로 30,경기 성남시 분당구 금곡동 176,010-2697-7122,127.106192077984,37.3526799329931,http://place.map.kakao.com/65526942,2026-10-08 09:13:35
카카오맵,성남시,음식점 > 술집 > 칵테일바,프로짓,4.9,11,경기 성남시 분당구 판교역로 136,경기 성남시 분당구 백현동 540,070-4334-0219,127.11026262511659,37.392373575505275,http://place.map.kakao.com/826895498,2026-10-08 11:10:20
카카오맵,성남시,음식점 > 중식 > 양꼬치,한성양꼬치,4.9,11,경기 성남시 중원구 도촌로7번길 3-6,경기 성남시 중원구 도촌동 522,031-754-5560,127.149837301818,37.4146492200489,http://place.map.kakao.com/1421840707,2026-10-08 13:18:52
카카오맵,성남시,음식점 > 양식,그린오브,4.9,10,경기 성남시 분당구 미금로 48,경기 성남시 분당구 구미동 205-1,0503-7150-8107,127.116506615166,37.3377554864294,http://place.map.kakao.com/767499416,2026-10-08 08:59:24
카카오맵,성남시,음식점 > 양식,맘키스포카치아,4.9,10,경기 성남시 분당구 판교역로192번길 16,경기 성남시 분당구 삼평동 662,,127.11149609246391,37.39791099930996,http://place.map.kakao.com/1401494521,2026-10-08 11:32:38
카카오맵,성남시,"음식점 > 간식 > 제과,베이커리",썰즈데이 분당점,4.9,10,경기 성남시 분당구 백현로144번길 9-6,경기 성남시 분당구 정자동 43-3,010-6617-1156,127.113785165647,37.3724125651059,http://place.map.kakao.com/1464728687,2026-10-08 10:24:56
카카오맵,성남시,음식점 > 술집 > 일본식주점,아케루,4.9,10,경기 성남시 분당구 미금일로90번길 20,경기 성남시 분당구 구미동 40-2,070-8680-6777,127.11007322977478,37.347777492942015,http://place.map.kakao.com/1387548641,2026-10-08 09:06:55
카카오맵,성남시,음식점 > 술집 > 칵테일바,올드톰,4.9,10,경기 성남시 분당구 정자일로 140,경기 성남시 분당구 정자동 166-1,031-719-2789,127.10670810354249,37.362401555129686,http://place.map.kakao.com/465954432,2026-10-08 09:35:38
카카오맵,성남시,음식점 > 치킨,왕다리치킨,4.9,10,경기 성남시 수정구 양지로 2,경기 성남시 수정구 양지동 865-1,031-748-5678,127.16067231399674,37.45525005080672,http://place.map.kakao.com/1060778753,2026-10-08 17:30:29
카카오맵,성남시,"음식점 > 간식 > 제과,베이커리",요베이글 분당점,4.9,10,경기 성남시 분당구 백현로150번길 20,경기 성남시 분당구 정자동 41-10,0502-5551-1581,127.113118335238,37.3719239480811,http://place.map.kakao.com/1998559672,2026-10-08 10:14:41
카카오맵,성남시,음식점 > 양식 > 피자,임실치즈피자,4.9,10,경기 성남시 수정구 대왕판교로982번길 3,경기 성남시 수정구 고등동 416-2,031-755-1849,127.102383967447,37.4282880865793,http://place.map.kakao.com/19605278,2026-10-08 12:40:05
카카오맵,성남시,음식점 > 간식,카페비비,4.9,10,경기 성남시 중원구 사기막골로62번길 33,경기 성남시 중원구 상대원동 223-27,0507-1382-7935,127.17514668359912,37.43521617652063,http://place.map.kakao.com/604886708,2026-10-08 16:23:41
카카오맵,성남시,"음식점 > 간식 > 제과,베이커리",파티스리쿄,4.9,10,경기 성남시 분당구 황새울로132번길 36,경기 성남시 분당구 정자동 34-2,010-2625-8883,127.112966537702,37.3738387714638,http://place.map.kakao.com/915497553,2026-10-08 10:17:06
카카오맵,성남시,음식점 > 일식,마루심 판교점,4.8,492,경기 성남시 분당구 동판교로177번길 25,경기 성남시 분당구 삼평동 740,031-781-7998,127.11330834567421,37.396915450068164,http://place.map.kakao.com/493586992,2026-10-08 11:50:19
카카오맵,성남시,음식점 > 샤브샤브,진스키야키 판교테크원타워,4.8,462,경기 성남시 분당구 분당내곡로 131,경기 성남시 분당구 백현동 534,031-601-7447,127.11175610396936,37.39504280243893,http://place.map.kakao.com/677756511,2026-10-08 11:17:48
카카오맵,성남시,"음식점 > 술집 > 호프,요리주점",손에손잡고 판교직영점,4.8,413,경기 성남시 분당구 대왕판교로606번길 47,경기 성남시 분당구 삼평동 655,0503-7153-9354,127.11266922907029,37.3969773302256,http://place.map.kakao.com/1399869122,2026-10-08 11:33:04
카카오맵,성남시,음식점 > 아시아음식 > 동남아음식 > 베트남음식,인더비엣 야탑직영점,4.8,306,경기 성남시 분당구 성남대로926번길 6,경기 성남시 분당구 야탑동 361-5,031-709-3511,127.12985582133096,37.4121509040988,http://place.map.kakao.com/1044197010,2026-10-08 12:56:10
카카오맵,성남시,음식점 > 술집 > 일본식주점 > 야키토리잔잔,야키토리잔잔 모란역점,4.8,266,경기 성남시 중원구 성남대로1148번길 26,경기 성남시 중원구 성남동 3384,031-752-0876,127.132082308005,37.4327880419945,http://place.map.kakao.com/1472849423,2026-10-08 13:41:09
카카오맵,성남시,음식점 > 술집 > 일본식주점 > 야키토리잔잔,야키토리잔잔 판교점,4.8,226,경기 성남시 분당구 분당내곡로 151,경기 성남시 분당구 삼평동 656,0502-5552-3694,127.11256813115476,37.397340538129534,http://place.map.kakao.com/1370916394,2026-10-08 11:33:31
카카오맵,성남시,음식점 > 양식 > 피자,리꼬피자 분당미금점,4.8,194,경기 성남시 분당구 성남대로172번길 24,경기 성남시 분당구 금곡동 150,0507-1376-7903,127.111494510752,37.3510757289913,http://place.map.kakao.com/1472377818,2026-10-08 09:23:42
카카오맵,성남시,음식점 > 술집 > 일본식주점,스미노카리 서현점,4.8,189,경기 성남시 분당구 황새울로319번길 6,경기 성남시 분당구 서현동 272-3,031-708-1151,127.12071764572276,37.385440808143215,http://place.map.kakao.com/339004790,2026-10-08 10:49:10
카카오맵,성남시,"음식점 > 간식 > 제과,베이커리",케잌아일랜드 서현점,4.8,182,경기 성남시 분당구 불정로386번길 10,경기 성남시 분당구 서현동 307,070-7785-4321,127.1379528923342,37.372869794622275,http://place.map.kakao.com/1584233093,2026-10-08 12:02:57
카카오맵,성남시,"음식점 > 술집 > 호프,요리주점",한식주점카리 서현점,4.8,170,경기 성남시 분당구 황새울로 337,경기 성남시 분당구 서현동 260-6,010-9962-6696,127.12242971518471,37.386285108701394,http://place.map.kakao.com/1538965764,2026-10-08 11:21:52
카카오맵,성남시,"음식점 > 일식 > 초밥,롤",사카나,4.8,131,경기 성남시 분당구 백현로101번길 17,경기 성남시 분당구 수내동 20-2,031-714-0968,127.11229908884992,37.37748405187848,http://place.map.kakao.com/349768717,2026-10-08 10:31:25
카카오맵,성남시,"음식점 > 한식 > 육류,고기",적향,4.8,121,경기 성남시 분당구 새마을로 115,경기 성남시 분당구 서현동 31-1,,127.143383347714,37.3835675008508,http://place.map.kakao.com/1050887160,2026-10-08 12:14:23
카카오맵,성남시,음식점 > 한식,휘얼 미금점,4.8,116,경기 성남시 분당구 미금일로74번길 25-6,경기 성남시 분당구 구미동 43-1,031-714-1205,127.1111569408944,37.34794497204444,http://place.map.kakao.com/1505369660,2026-10-08 09:09:02
카카오맵,성남시,음식점 > 한식,장인솥찜 서현,4.8,112,경기 성남시 분당구 중앙공원로39번길 49,경기 성남시 분당구 서현동 88,0507-1397-1046,127.124777678784,37.3837931276947,http://place.map.kakao.com/1138280685,2026-10-08 10:44:56
카카오맵,성남시,음식점 > 일식,볼하이,4.8,109,경기 성남시 중원구 제일로35번길 55,경기 성남시 중원구 성남동 3443,031-607-6423,127.131287403481,37.4324465415417,http://place.map.kakao.com/1351924208,2026-10-08 13:40:59
카카오맵,성남시,음식점 > 한식,누룩,4.8,104,경기 성남시 중원구 둔촌대로101번길 16-18,경기 성남시 중원구 성남동 3520,031-602-6423,127.13112012026428,37.43111592668751,http://place.map.kakao.com/1533172292,2026-10-08 13:37:29
카카오맵,성남시,음식점 > 중식,미향우육면마라탕,4.8,102,경기 성남시 분당구 매화로37번길 8-7,경기 성남시 분당구 야탑동 383-10,031-701-6888,127.133254793179,37.4115614596921,http://place.map.kakao.com/173172882,2026-10-08 13:02:25
카카오맵,성남시,음식점 > 아시아음식 > 인도음식,디왈리,4.8,96,경기 성남시 수정구 성남대로 1334,경기 성남시 수정구 태평동 5113-9,031-722-0782,127.12713449899,37.4487891791303,http://place.map.kakao.com/25459728,2026-10-08 16:35:45
카카오맵,성남시,음식점 > 양식 > 햄버거,브리즈번버거앤비어,4.8,89,경기 성남시 분당구 정자일로 132,경기 성남시 분당구 정자동 166-3,,127.10650854766448,37.36177732343377,http://place.map.kakao.com/1291873072,2026-10-08 09:34:39
카카오맵,성남시,음식점 > 양식,콩킨누스,4.8,86,경기 성남시 수정구 청계산로 752,경기 성남시 수정구 고등동 608-1,031-752-0009,127.10103568940812,37.42546275652605,http://place.map.kakao.com/1698662,2026-10-08 12:37:02
카카오맵,성남시,"음식점 > 일식 > 돈까스,우동",카츠살룬,4.8,85,경기 성남시 분당구 느티로69번길 9,경기 성남시 분당구 정자동 67-13,,127.11221597879151,37.369442482599375,http://place.map.kakao.com/1062513836,2026-10-08 10:11:52
카카오맵,성남시,음식점 > 양식,이태리밀,4.8,76,경기 성남시 중원구 도촌로7번길 18,경기 성남시 중원구 도촌동 529,010-4708-1907,127.149278484405,37.4153896629819,http://place.map.kakao.com/626627687,2026-10-08 13:19:02
카카오맵,성남시,음식점 > 샤브샤브 > 등촌샤브칼국수,등촌샤브칼국수 성남점,4.8,69,경기 성남시 중원구 광명로42번길 15,경기 성남시 중원구 성남동 3328,031-757-6357,127.13422983079329,37.43257208214306,http://place.map.kakao.com/13107839,2026-10-08 13:44:50
카카오맵,성남시,"음식점 > 한식 > 육류,고기",돈멜 서현점,4.8,54,경기 성남시 분당구 황새울로360번길 21,경기 성남시 분당구 서현동 246-2,070-4417-1515,127.12570017575514,37.38581224467746,http://place.map.kakao.com/138042956,2026-10-08 12:10:13
카카오맵,성남시,"음식점 > 한식 > 육류,고기",명품우리한우,4.8,52,경기 성남시 중원구 산성대로360번길 2,경기 성남시 중원구 중앙동 44,0503-7152-7231,127.15615660727208,37.444148416350714,http://place.map.kakao.com/1588201742,2026-10-08 17:02:58
카카오맵,성남시,"음식점 > 일식 > 초밥,롤",오오스시,4.8,46,경기 성남시 수정구 위례서일로3길 21,경기 성남시 수정구 창곡동 555-1,031-755-7071,127.1392184545135,37.466831840805284,http://place.map.kakao.com/608475291,2026-10-08 17:47:17
카카오맵,성남시,"음식점 > 한식 > 육류,고기 > 곱창,막창",신차돌곱창,4.8,45,경기 성남시 수정구 산성대로265번길 5,경기 성남시 수정구 신흥동 4180,031-747-3412,127.146128190463,37.4410797720706,http://place.map.kakao.com/1141796997,2026-10-08 14:32:11
카카오맵,성남시,음식점 > 일식,237오므카레 남위례역점,4.8,41,경기 성남시 수정구 위례광장로 21-12,경기 성남시 수정구 창곡동 547-10,070-5147-1237,127.13919386996936,37.465155989993654,http://place.map.kakao.com/118935945,2026-10-08 17:41:30
카카오맵,성남시,"음식점 > 간식 > 제과,베이커리",보드레빵,4.8,41,경기 성남시 분당구 성남대로 165,경기 성남시 분당구 금곡동 161,031-625-1355,127.108463545838,37.3507154323673,http://place.map.kakao.com/1553763909,2026-10-08 09:18:53
카카오맵,성남시,"음식점 > 간식 > 제과,베이커리",이스트베이글,4.8,37,경기 성남시 수정구 위례광장로 41,경기 성남시 수정구 창곡동 546-2,,127.140216181836,37.4678217725857,http://place.map.kakao.com/1335516604,2026-10-08 17:51:49
카카오맵,성남시,음식점 > 중식 > 중국요리,태룡,4.8,37,경기 성남시 중원구 산성대로518번길 33,경기 성남시 중원구 은행동 1337-2,031-743-1357,127.167099051037,37.4558934712888,http://place.map.kakao.com/1294024793,2026-10-08 17:32:04
카카오맵,성남시,음식점 > 분식,도도김밥,4.8,35,경기 성남시 분당구 돌마로366번길 40,경기 성남시 분당구 수내동 74,031-605-9395,127.126057703566,37.3673453688838,http://place.map.kakao.com/21525812,2026-10-08 11:56:26
카카오맵,성남시,"음식점 > 술집 > 호프,요리주점",매그넘 모란점,4.8,35,경기 성남시 중원구 광명로 14-1,경기 성남시 중원구 성남동 3238,031-722-5456,127.13082965074052,37.433008381899675,http://place.map.kakao.com/17654615,2026-10-08 13:33:09
카카오맵,성남시,음식점 > 샐러드,그린포유 서현점,4.8,34,경기 성남시 분당구 황새울로360번길 28,경기 성남시 분당구 서현동 247-4,031-709-0777,127.12482936575572,37.38568341976552,http://place.map.kakao.com/658759230,2026-10-08 10:55:16
카카오맵,성남시,음식점 > 양식 > 이탈리안,파스타테이블,4.8,34,경기 성남시 분당구 분당로53번길 21,경기 성남시 분당구 서현동 269-1,0502-5550-2093,127.12229963102901,37.38475440509579,http://place.map.kakao.com/1559224388,2026-10-08 10:51:11
카카오맵,성남시,음식점 > 한식 > 국밥,숙아채 콩나물국밥,4.8,33,경기 성남시 분당구 구미로9번길 25,경기 성남시 분당구 구미동 182,031-711-7490,127.10982518214301,37.34019736211626,http://place.map.kakao.com/1794339939,2026-10-08 09:02:29
카카오맵,성남시,음식점 > 중식 > 양꼬치,넷째네양다리,4.8,32,경기 성남시 수정구 수정남로50번길 1,경기 성남시 수정구 수진동 192,031-721-8889,127.133285642781,37.4404390131473,http://place.map.kakao.com/23641511,2026-10-08 14:04:04
카카오맵,성남시,"음식점 > 한식 > 육류,고기 > 삼겹살",류돈,4.8,32,경기 성남시 중원구 광명로 34-1,경기 성남시 중원구 성남동 3281,031-751-2003,127.13296923781932,37.43341055049555,http://place.map.kakao.com/1400713551,2026-10-08 13:49:50
카카오맵,성남시,음식점 > 양식 > 햄버거,리즈델리,4.8,32,경기 성남시 분당구 정자일로 121,경기 성남시 분당구 정자동 174-1,,127.10460676091071,37.36116001510265,http://place.map.kakao.com/671838041,2026-10-08 09:31:31
카카오맵,성남시,음식점 > 양식 > 햄버거,크로키버거,4.8,32,경기 성남시 분당구 성남대로 151,경기 성남시 분당구 구미동 9-1,,127.10851184008372,37.34898180896855,http://place.map.kakao.com/958063826,2026-10-08 09:15:42
카카오맵,성남시,"음식점 > 한식 > 해물,생선 > 회",더막회 분당본점,4.8,31,경기 성남시 분당구 내정로129번길 23,경기 성남시 분당구 정자동 45-2,,127.114211543587,37.3729095200085,http://place.map.kakao.com/1325689102,2026-10-08 10:24:26
카카오맵,성남시,"음식점 > 일식 > 돈까스,우동",망치수제돈까스,4.8,31,경기 성남시 수정구 위례동로 141,경기 성남시 수정구 창곡동 513-2,031-722-1365,127.15018462618144,37.47258487602834,http://place.map.kakao.com/872627159,2026-10-08 18:07:12
카카오맵,성남시,"음식점 > 한식 > 육류,고기 > 곱창,막창",미쵸곱창 성남종합시장점,4.8,31,경기 성남시 수정구 산성대로249번길 5,경기 성남시 수정구 신흥동 4212-1,031-732-7432,127.144653435629,37.4404436679103,http://place.map.kakao.com/601388345,2026-10-08 14:28:46
카카오맵,성남시,"음식점 > 한식 > 육류,고기",도야진가 판교점,4.8,30,경기 성남시 분당구 운중로126번길 10,경기 성남시 분당구 운중동 932-2,031-781-7870,127.07692462990725,37.39067180078929,http://place.map.kakao.com/1392047178,2026-10-08 10:00:19
카카오맵,성남시,"음식점 > 간식 > 제과,베이커리",라두스베이커리,4.8,29,경기 성남시 분당구 운중로138번길 33,경기 성남시 분당구 운중동 929-2,031-706-4374,127.07590037486163,37.390648135037964,http://place.map.kakao.com/1578583669,2026-10-08 10:00:12
카카오맵,성남시,음식점 > 양식 > 이탈리안,비스트로정,4.8,29,경기 성남시 분당구 정자일로 100,경기 성남시 분당구 정자동 180,031-782-0900,127.10691842864,37.3594748296512,http://place.map.kakao.com/27118169,2026-10-08 09:29:54
카카오맵,성남시,음식점 > 술집 > 칵테일바,퍼니붐,4.8,29,경기 성남시 분당구 서현로210번길 16,경기 성남시 분당구 서현동 248-4,070-4791-0740,127.124345612091,37.3860848846539,http://place.map.kakao.com/505949227,2026-10-08 10:54:31
카카오맵,성남시,"음식점 > 간식 > 제과,베이커리",해피빵스데이,4.8,28,경기 성남시 수정구 수정북로 115,경기 성남시 수정구 태평동 7331-3,031-607-2304,127.141656411108,37.4450965307536,http://place.map.kakao.com/332309781,2026-10-08 16:47:07
카카오맵,성남시,음식점 > 아시아음식 > 인도음식,인디안커리 미금점,4.8,26,경기 성남시 분당구 성남대로 165,경기 성남시 분당구 금곡동 161,031-717-2011,127.108514900573,37.351108233686,http://place.map.kakao.com/1361705872,2026-10-08 09:26:53
카카오맵,성남시,음식점 > 한식 > 국수 > 칼국수,분당순두부칼국수,4.8,25,경기 성남시 분당구 분당로53번길 15,경기 성남시 분당구 서현동 269-3,031-709-5759,127.1218902185895,37.38434936733371,http://place.map.kakao.com/418152738,2026-10-08 10:46:59
카카오맵,성남시,"음식점 > 술집 > 호프,요리주점",블루,4.8,25,경기 성남시 분당구 판교공원로1길 43,경기 성남시 분당구 판교동 604-4,031-704-9250,127.093903184034,37.3899729580299,http://place.map.kakao.com/22321123,2026-10-08 11:03:33
카카오맵,성남시,음식점 > 한식 > 국수,운중동멸치국수,4.8,25,경기 성남시 분당구 운중로125번길 5,경기 성남시 분당구 운중동 977-2,031-707-6911,127.077070884192,37.3923422012657,http://place.map.kakao.com/108269684,2026-10-08 10:01:23
카카오맵,성남시,음식점 > 한식 > 국수 > 칼국수,장터손칼국수,4.8,25,경기 성남시 중원구 제일로63번길 29,경기 성남시 중원구 성남동 3641,031-756-7196,127.13260721297239,37.43186931918039,http://place.map.kakao.com/15395417,2026-10-08 13:39:40
카카오맵,성남시,"음식점 > 간식 > 제과,베이커리",마이티베이커스,4.8,24,경기 성남시 분당구 백현로144번길 25,경기 성남시 분당구 정자동 38-3,010-2653-3054,127.112449876902,37.3718516024682,http://place.map.kakao.com/288279835,2026-10-08 10:14:16
카카오맵,성남시,"음식점 > 간식 > 제과,베이커리",건양다경베이커리,4.8,23,경기 성남시 분당구 성남대로779번길 50,경기 성남시 분당구 이매동 137-5,070-4012-1462,127.12308918394092,37.399422225181624,http://place.map.kakao.com/1614965177,2026-10-08 11:52:36
카카오맵,성남시,"음식점 > 간식 > 제과,베이커리",델리슈,4.8,23,경기 성남시 수정구 위례광장로 82,경기 성남시 수정구 창곡동 507,010-3288-5441,127.14181647384882,37.47121667079815,http://place.map.kakao.com/94425650,2026-10-08 17:55:41
카카오맵,성남시,음식점 > 한식 > 국수 > 칼국수,봉황칼국수,4.8,23,경기 성남시 분당구 운중로126번길 7,경기 성남시 분당구 운중동 933-6,,127.07729409196936,37.390863477696875,http://place.map.kakao.com/281435556,2026-10-08 10:00:15
카카오맵,성남시,"음식점 > 한식 > 육류,고기",보물촌꺼먹돼지 중앙동점,4.8,20,경기 성남시 중원구 광명로 263-7,경기 성남시 중원구 중앙동 196,031-732-6404,127.155100216515,37.4431550880202,http://place.map.kakao.com/20496852,2026-10-08 17:01:02
카카오맵,성남시,"음식점 > 한식 > 육류,고기",우레,4.8,20,경기 성남시 분당구 정자일로 158,경기 성남시 분당구 정자동 159-5,,127.106315749907,37.3643409176671,http://place.map.kakao.com/1048445204,2026-10-08 09:40:14
카카오맵,성남시,음식점 > 양식,노바,4.8,19,경기 성남시 분당구 판교역로 145,경기 성남시 분당구 백현동 530,0502-5554-0900,127.108943279397,37.393692092578966,http://place.map.kakao.com/1905950338,2026-10-08 11:14:23
카카오맵,성남시,음식점 > 치킨,서우네장작구이,4.8,19,경기 성남시 분당구 느티로87번길 17,경기 성남시 분당구 정자동 58-7,031-718-7992,127.114142184098,37.3703497741718,http://place.map.kakao.com/1994317291,2026-10-08 10:19:06
카카오맵,성남시,"음식점 > 한식 > 육류,고기",옛집,4.8,19,경기 성남시 분당구 판교로 437,경기 성남시 분당구 야탑동 533-4,031-704-1026,127.12236547399104,37.40581121144607,http://place.map.kakao.com/16562219,2026-10-08 12:30:47
카카오맵,성남시,"음식점 > 한식 > 육류,고기 > 닭요리 > 삼계탕",금산삼계탕,4.8,18,경기 성남시 중원구 제일로 41,경기 성남시 중원구 성남동 3784,031-744-9889,127.1363843664329,37.43062342155565,http://place.map.kakao.com/8237828,2026-10-08 13:35:39
카카오맵,성남시,음식점 > 양식 > 이탈리안,까사논나,4.8,18,경기 성남시 분당구 대왕판교로 660,경기 성남시 분당구 삼평동 670,0502-5551-9865,127.10716266990825,37.40024234358203,http://place.map.kakao.com/163419943,2026-10-08 11:28:58
카카오맵,성남시,음식점 > 일식 > 참치회,이치마구로,4.8,18,경기 성남시 분당구 정자일로 121,경기 성남시 분당구 정자동 174-1,031-714-1110,127.1056254086654,37.36068426865576,http://place.map.kakao.com/59783300,2026-10-08 09:31:15
카카오맵,성남시,"음식점 > 술집 > 호프,요리주점",저스트 기네스,4.8,18,경기 성남시 분당구 대왕판교로606번길 45,경기 성남시 분당구 삼평동 653,,127.11198223384858,37.3967401131751,http://place.map.kakao.com/518768685,2026-10-08 11:31:22
카카오맵,성남시,"음식점 > 간식 > 제과,베이커리",동동꽈배기 분당오리역점,4.8,17,경기 성남시 분당구 구미로 16,경기 성남시 분당구 구미동 189-1,010-9733-8461,127.11064552597341,37.33784040357931,http://place.map.kakao.com/464574838,2026-10-08 08:58:18
카카오맵,성남시,음식점 > 치킨,수내통닭,4.8,17,경기 성남시 분당구 내정로165번길 38,경기 성남시 분당구 수내동 32,031-713-8279,127.116214266798,37.37650626207,http://place.map.kakao.com/703667440,2026-10-08 10:27:59
카카오맵,성남시,"음식점 > 양식 > 스테이크,립",엄기스테이크하우스,4.8,17,경기 성남시 분당구 분당내곡로 117,경기 성남시 분당구 백현동 535,031-622-7588,127.11203870646696,37.39446768313497,http://place.map.kakao.com/420724110,2026-10-08 11:18:10
카카오맵,성남시,"음식점 > 술집 > 호프,요리주점",틈 서현,4.8,17,경기 성남시 분당구 황새울로319번길 6,경기 성남시 분당구 서현동 272-3,0503-7150-4886,127.12078657139809,37.38546957051228,http://place.map.kakao.com/909322222,2026-10-08 10:49:34
카카오맵,성남시,음식점 > 치킨 > 푸라닭치킨,푸라닭치킨 성남위례신도시점,4.8,17,경기 성남시 수정구 위례광장로 21-13,경기 성남시 수정구 창곡동 562-2,031-759-9206,127.14009217613177,37.46497472630802,http://place.map.kakao.com/2032880804,2026-10-08 17:44:17
카카오맵,성남시,음식점 > 치킨,피키루스터,4.8,17,경기 성남시 분당구 황새울로132번길 36,경기 성남시 분당구 정자동 34-2,031-608-5692,127.11296653770233,37.373838771463774,http://place.map.kakao.com/1754715807,2026-10-08 10:16:30
카카오맵,성남시,음식점 > 간식 > 닭강정,다우리닭강정,4.8,16,경기 성남시 수정구 위례서일로 12,경기 성남시 수정구 창곡동 559-3,031-778-7626,127.137351662064,37.4653176244924,http://place.map.kakao.com/1984922396,2026-10-08 17:40:57
카카오맵,성남시,음식점 > 분식,달달김밥,4.8,16,경기 성남시 중원구 제일로35번길 3,경기 성남시 중원구 성남동 3819,031-755-4254,127.136363208699,37.4301711358866,http://place.map.kakao.com/1551883008,2026-10-08 13:35:59
카카오맵,성남시,"음식점 > 한식 > 육류,고기 > 곱창,막창",도란도란곱창 모란점,4.8,16,경기 성남시 중원구 광명로32번길 9,경기 성남시 중원구 성남동 3380,031-756-1691,127.13291958662847,37.432807826826775,http://place.map.kakao.com/2089129753,2026-10-08 13:43:54
카카오맵,성남시,"음식점 > 간식 > 제과,베이커리",르 깜빠뉴,4.8,16,경기 성남시 분당구 중앙공원로 35,경기 성남시 분당구 서현동 90,,127.128771118707,37.3809434145575,http://place.map.kakao.com/1569129983,2026-10-08 12:06:19
카카오맵,성남시,"음식점 > 간식 > 제과,베이커리",베이크하우스풍요,4.8,16,경기 성남시 분당구 정자일로 21,경기 성남시 분당구 금곡동 208,,127.10591739921816,37.35158542985303,http://place.map.kakao.com/1082582690,2026-10-08 09:14:33
카카오맵,성남시,"음식점 > 한식 > 찌개,전골",유유식당 가천대점,4.8,16,경기 성남시 수정구 성남대로 1334,경기 성남시 수정구 태평동 5113-9,,127.127048731612,37.4488613524276,http://place.map.kakao.com/643755707,2026-10-08 16:36:28
카카오맵,성남시,"음식점 > 간식 > 제과,베이커리 > 파리바게뜨",파리바게뜨 수정구청점,4.8,16,경기 성남시 수정구 수정로 290,경기 성남시 수정구 신흥동 923-1,031-743-8204,127.146927941849,37.4501754145128,http://place.map.kakao.com/12364437,2026-10-08 16:52:01
카카오맵,성남시,음식점 > 한식,소월곰탕,4.8,15,경기 성남시 분당구 불정로420번길 8-1,경기 성남시 분당구 서현동 334-6,0507-1407-3490,127.140540753381,37.3760185318543,http://place.map.kakao.com/1744541977,2026-10-08 12:04:58
카카오맵,성남시,"음식점 > 한식 > 육류,고기",육닷,4.8,15,경기 성남시 분당구 매화로55번길 8,경기 성남시 분당구 야탑동 381-5,0507-1436-0377,127.13303655220629,37.412705999486455,http://place.map.kakao.com/1616918682,2026-10-08 13:07:00
카카오맵,성남시,"음식점 > 술집 > 호프,요리주점",오늘도,4.8,14,경기 성남시 중원구 산성대로372번길 21,경기 성남시 중원구 금광동 3736,010-7602-2646,127.15955427516776,37.44502236687865,http://place.map.kakao.com/1087049473,2026-10-08 17:07:44
카카오맵,성남시,"음식점 > 양식 > 멕시칸,브라질",몽둥이부리또 동서울대점,4.8,13,경기 성남시 수정구 복정로 86,경기 성남시 수정구 복정동 678-7,031-721-5022,127.126896678248,37.4605377363797,http://place.map.kakao.com/1232486445,2026-10-08 16:57:01
카카오맵,성남시,"음식점 > 한식 > 육류,고기 > 곱창,막창",수내곱창,4.8,13,경기 성남시 분당구 수내로46번길 11,경기 성남시 분당구 수내동 7-2,031-717-9210,127.11686640433376,37.37985652862782,http://place.map.kakao.com/1615486909,2026-10-08 10:41:15
카카오맵,성남시,"음식점 > 한식 > 해물,생선",신미낙지,4.8,13,경기 성남시 분당구 야탑로75번길 9,경기 성남시 분당구 야탑동 355-3,031-705-2308,127.12670191332934,37.41072711187487,http://place.map.kakao.com/535789313,2026-10-08 12:45:08
카카오맵,성남시,"음식점 > 술집 > 호프,요리주점",저녁코끼리,4.8,13,경기 성남시 분당구 매화로37번길 14,경기 성남시 분당구 야탑동 383-9,010-9881-4310,127.133025433081,37.4115283802744,http://place.map.kakao.com/755183897,2026-10-08 13:02:22
카카오맵,성남시,음식점 > 분식 > 떡볶이,짱구즉석떡볶이,4.8,13,경기 성남시 수정구 남문로145번길 1,경기 성남시 수정구 태평동 2077,031-755-0451,127.142377223899,37.4485843889961,http://place.map.kakao.com/21381839,2026-10-08 16:50:23
카카오맵,성남시,음식점 > 일식 > 일식집,하루,4.8,13,경기 성남시 분당구 백현로150번길 5,경기 성남시 분당구 정자동 45-4,031-714-7222,127.114565533224,37.3725730952839,http://place.map.kakao.com/1059580989,2026-10-08 10:24:43
카카오맵,성남시,"음식점 > 술집 > 호프,요리주점",혼술집덤,4.8,13,경기 성남시 수정구 위례광장로 25,경기 성남시 수정구 창곡동 547-4,070-4035-1597,127.140036385135,37.4665767893811,http://place.map.kakao.com/862169109,2026-10-08 17:50:40
카카오맵,성남시,음식점 > 양식,105파스타 서현점,4.8,12,경기 성남시 분당구 황새울로312번길 20,경기 성남시 분당구 서현동 265-6,031-707-0105,127.12208226392451,37.38301114954832,http://place.map.kakao.com/1714224010,2026-10-08 10:45:06
카카오맵,성남시,"음식점 > 한식 > 육류,고기 > 고반식당",고반식당 서판교점,4.8,12,경기 성남시 분당구 판교공원로5길 7,경기 성남시 분당구 판교동 619-12,031-602-0721,127.089100883751,37.3902785165099,http://place.map.kakao.com/1846621284,2026-10-08 10:57:50
카카오맵,성남시,음식점 > 술집 > 칵테일바,부스트 그래비티 조선 서울 판교,4.8,12,경기 성남시 분당구 판교역로146번길 2,경기 성남시 분당구 백현동 538,031-539-4830,127.110109304805,37.3933242966341,http://place.map.kakao.com/1269604434,2026-10-08 11:14:20
카카오맵,성남시,음식점 > 술집 > 실내포장마차,안성포차,4.8,12,경기 성남시 수정구 산성대로215번길 10-20,경기 성남시 수정구 신흥동 6908,,127.142147217477,37.4393114301335,http://place.map.kakao.com/19365267,2026-10-08 14:22:51
카카오맵,성남시,"음식점 > 한식 > 해물,생선 > 조개",찌마기 서현점,4.8,12,경기 성남시 분당구 황새울로 315,경기 성남시 분당구 서현동 273-2,031-709-5709,127.12004163304121,37.384959448905676,http://place.map.kakao.com/142433713,2026-10-08 10:46:19
카카오맵,성남시,"음식점 > 일식 > 돈까스,우동",하루루,4.8,12,경기 성남시 수정구 위례동로 141,경기 성남시 수정구 창곡동 513-2,031-721-3531,127.15022968845742,37.47250643091065,http://place.map.kakao.com/231993935,2026-10-08 18:07:39
카카오맵,성남시,"음식점 > 술집 > 호프,요리주점",헤이스탁 판교브루어리,4.8,12,경기 성남시 분당구 판교공원로3길 25,경기 성남시 분당구 판교동 616,070-7631-1110,127.08908508911,37.391245325595,http://place.map.kakao.com/1327417171,2026-10-08 11:00:17
카카오맵,성남시,"음식점 > 간식 > 제과,베이커리",경성꽈배기,4.8,11,경기 성남시 분당구 판교역로241번길 22,경기 성남시 분당구 삼평동 684,031-705-8815,127.10659566613846,37.40260082747569,http://place.map.kakao.com/1335159912,2026-10-08 11:41:27
카카오맵,성남시,"음식점 > 한식 > 해물,생선 > 회",삼천포횟집밀과함께,4.8,11,경기 성남시 중원구 성남대로997번길 27-15,경기 성남시 중원구 여수동 362,031-755-3339,127.12524585079773,37.41814765073472,http://place.map.kakao.com/1067969324,2026-10-08 13:15:27
카카오맵,성남시,"음식점 > 한식 > 육류,고기 > 닭요리",성원숮불닭갈비,4.8,11,경기 성남시 중원구 자혜로8번길 57,경기 성남시 중원구 금광동 4337,031-731-3618,127.158572513486,37.4456841310854,http://place.map.kakao.com/2028978807,2026-10-08 17:05:55
카카오맵,성남시,"음식점 > 한식 > 육류,고기 > 곱창,막창",원조황소곱창구이,4.8,11,경기 성남시 수정구 수정남로 48,경기 성남시 수정구 수진동 162,,127.133131861137,37.4403815215248,http://place.map.kakao.com/16824259,2026-10-08 14:04:22
카카오맵,성남시,음식점 > 간식 > 토스트 > 이삭토스트,이삭토스트 성남수진점,4.8,11,경기 성남시 중원구 원터로105번길 2,경기 성남시 중원구 성남동 2518,031-751-5796,127.142326486737,37.4361180175508,http://place.map.kakao.com/13283699,2026-10-08 14:18:35
카카오맵,성남시,음식점 > 분식,진부엉이꼬마김밥 판교점,4.8,11,경기 성남시 분당구 판교역로241번길 22,경기 성남시 분당구 삼평동 684,031-703-5958,127.106640760298,37.402542220483,http://place.map.kakao.com/571474640,2026-10-08 11:40:24
카카오맵,성남시,음식점 > 한식,큰집추어탕 코다리정식,4.8,11,경기 성남시 수정구 고등로2길 3,경기 성남시 수정구 고등동 573-4,031-757-8280,127.094283701413,37.4296003979119,http://place.map.kakao.com/1438514258,2026-10-08 12:38:15
카카오맵,성남시,음식점 > 술집 > 와인바,페르레오,4.8,11,경기 성남시 분당구 성남대로171번길 17,경기 성남시 분당구 금곡동 172,010-9788-7341,127.10682546702051,37.351226905044044,http://place.map.kakao.com/218930964,2026-10-08 09:14:04
카카오맵,성남시,"음식점 > 한식 > 육류,고기",고기로 한끼,4.8,10,경기 성남시 수정구 성남대로 1330,경기 성남시 수정구 태평동 5113-7,031-751-7222,127.127107780542,37.4483603254879,http://place.map.kakao.com/1955494755,2026-10-08 16:36:19
카카오맵,성남시,음식점 > 일식 > 일식집,고래의꿈,4.8,10,경기 성남시 분당구 야탑로 247,경기 성남시 분당구 야탑동 175-2,,127.146084920041,37.4071826669103,http://place.map.kakao.com/715030465,2026-10-08 13:09:58
카카오맵,성남시,음식점 > 분식 > 떡볶이 > 두끼떡볶이,두끼떡볶이 성남모란점,4.8,10,경기 성남시 중원구 성남대로1148번길 3,경기 성남시 중원구 성남동 3217,,127.129624370221,37.4325321713716,http://place.map.kakao.com/815311665,2026-10-08 13:33:29
카카오맵,성남시,"음식점 > 한식 > 육류,고기 > 족발,보쌈",명동왕족발보쌈,4.8,10,경기 성남시 분당구 구미로 60,경기 성남시 분당구 구미동 203-1,031-719-7825,127.115671633104,37.3378058623974,http://place.map.kakao.com/21323638,2026-10-08 08:59:17
카카오맵,성남시,"음식점 > 한식 > 해물,생선 > 장어",산성풍천장어직판장,4.8,10,경기 성남시 중원구 산성대로 540,경기 성남시 중원구 은행동 978,031-732-8889,127.165241507612,37.4587144476189,http://place.map.kakao.com/764154283,2026-10-08 17:34:48
카카오맵,성남시,"음식점 > 한식 > 육류,고기",우상화로구이 서판교점,4.8,10,경기 성남시 분당구 판교공원로1길 57,경기 성남시 분당구 판교동 603-1,,127.09235316873905,37.3903255775258,http://place.map.kakao.com/371650007,2026-10-08 11:03:44
카카오맵,성남시,"음식점 > 한식 > 육류,고기",철뚝집,4.8,10,경기 성남시 중원구 둔촌대로101번길 6-6,경기 성남시 중원구 성남동 4116-2,031-752-7175,127.130741052792,37.4301414471209,http://place.map.kakao.com/24165884,2026-10-08 13:24:36
카카오맵,성남시,음식점 > 한식 > 국수 > 칼국수,풍물옹심이칼국수,4.8,10,경기 성남시 수정구 산성대로 399,경기 성남시 수정구 단대동 161-4,031-778-6683,127.157794943705,37.4477998501291,http://place.map.kakao.com/1645547673,2026-10-08 17:09:56
카카오맵,성남시,음식점 > 한식,황금보리밥,4.8,10,경기 성남시 분당구 내정로174번길 42,경기 성남시 분당구 수내동 53,010-2367-3812,127.12175599655363,37.3711702236666,http://place.map.kakao.com/603911465,2026-10-08 10:22:18
카카오맵,성남시,음식점 > 일식,규카츠정 판교점,4.7,471,경기 성남시 분당구 판교역로 231,경기 성남시 분당구 삼평동 680,070-4323-6201,127.10864938584024,37.401324013913076,http://place.map.kakao.com/230608442,2026-10-08 11:42:22
카카오맵,성남시,음식점 > 한식,면계 옥 수내본점,4.7,163,경기 성남시 분당구 황새울로200번길 9-7,경기 성남시 분당구 수내동 21-2,010-2644-4246,127.11180388310102,37.377786364211325,http://place.map.kakao.com/828113242,2026-10-08 10:31:28
카카오맵,성남시,음식점 > 중식 > 양꼬치,미향양갈비&양꼬치,4.7,104,경기 성남시 분당구 장미로100번길 15-11,경기 성남시 분당구 야탑동 379-9,031-707-7826,127.132268693193,37.4122094986089,http://place.map.kakao.com/2036810705,2026-10-08 13:05:25
카카오맵,성남시,"음식점 > 한식 > 육류,고기 > 곱창,막창",하나곱창 미금점,4.7,97,경기 성남시 분당구 성남대로144번길 22,경기 성남시 분당구 구미동 34-4,010-7274-4691,127.11156983396826,37.348587016946524,http://place.map.kakao.com/36701261,2026-10-08 09:09:34
카카오맵,성남시,음식점 > 양식 > 햄버거,립하우스,4.7,95,경기 성남시 분당구 중앙공원로39번길 49,경기 성남시 분당구 서현동 88,031-709-1277,127.12436432057105,37.383738600695715,http://place.map.kakao.com/564434652,2026-10-08 10:44:35
카카오맵,성남시,음식점 > 일식,하루인 정자본점,4.7,88,경기 성남시 분당구 성남대로331번길 9-9,경기 성남시 분당구 정자동 157-4,031-711-2224,127.107093037404,37.3647871255591,http://place.map.kakao.com/699297363,2026-10-08 09:39:47
카카오맵,성남시,음식점 > 한식 > 감자탕,형제들감자탕 성남점,4.7,88,경기 성남시 중원구 성남대로1148번길 18,경기 성남시 중원구 성남동 3428,031-758-8012,127.131265153679,37.4326456907463,http://place.map.kakao.com/718460233,2026-10-08 13:41:28
카카오맵,성남시,음식점 > 한식,화풍정,4.7,82,경기 성남시 분당구 느티로63번길 10,경기 성남시 분당구 정자동 67-16,031-605-0110,127.11179258672674,37.36941405071875,http://place.map.kakao.com/1807091348,2026-10-08 10:11:37
카카오맵,성남시,"음식점 > 일식 > 초밥,롤",스시가좋아서,4.7,81,경기 성남시 분당구 판교로 372,경기 성남시 분당구 삼평동 721,031-781-4920,127.115682520177,37.403717660855,http://place.map.kakao.com/903868249,2026-10-08 11:53:15
카카오맵,성남시,음식점 > 한식 > 설렁탕,고창댁설렁탕,4.7,72,경기 성남시 분당구 돌마로486번길 12,경기 성남시 분당구 서현동 297,031-701-8939,127.13398879261155,37.376545126197385,http://place.map.kakao.com/1531812398,2026-10-08 11:58:47
카카오맵,성남시,"음식점 > 한식 > 육류,고기 > 삼겹살",육일돈 분당수내본점,4.7,71,경기 성남시 분당구 발이봉로3번길 8-1,경기 성남시 분당구 수내동 89-6,010-4217-3012,127.127349789749,37.3663780850212,http://place.map.kakao.com/1028373283,2026-10-08 11:56:50
카카오맵,성남시,"음식점 > 한식 > 육류,고기",우상화로구이 정자본점,4.7,67,경기 성남시 분당구 정자일로 121,경기 성남시 분당구 정자동 174-1,031-714-0608,127.10579210373474,37.36122653791809,http://place.map.kakao.com/740477621,2026-10-08 09:32:13
카카오맵,성남시,음식점 > 술집 > 일본식주점,웅성웅성 서현점,4.7,62,경기 성남시 분당구 황새울로335번길 5,경기 성남시 분당구 서현동 261-5,031-696-1211,127.12169762128,37.3860488953202,http://place.map.kakao.com/1347737473,2026-10-08 10:49:45
카카오맵,성남시,음식점 > 술집,바차 판교점,4.7,58,경기 성남시 분당구 분당내곡로 151,경기 성남시 분당구 삼평동 656,031-707-7668,127.112364911428,37.3973830794294,http://place.map.kakao.com/1346192854,2026-10-08 11:33:49
카카오맵,성남시,음식점 > 중식 > 중국요리,참진짜장짬뽕,4.7,46,경기 성남시 분당구 백현로101번길 12,경기 성남시 분당구 수내동 19-6,031-716-0845,127.112344287372,37.3767514760789,http://place.map.kakao.com/24725936,2026-10-08 10:16:13
카카오맵,성남시,"음식점 > 일식 > 초밥,롤",다닐식당,4.7,45,경기 성남시 중원구 제일로63번길 25-4,경기 성남시 중원구 성남동 3643,070-887-0218,127.13292149454786,37.431969879967546,http://place.map.kakao.com/916572516,2026-10-08 13:43:34
카카오맵,성남시,음식점 > 한식,수계옥,4.7,45,경기 성남시 분당구 미금일로74번길 13-5,경기 성남시 분당구 구미동 50-4,031-719-9289,127.111148930027,37.3471043195499,http://place.map.kakao.com/171783077,2026-10-08 09:07:48
카카오맵,성남시,음식점 > 일식,봉미당,4.7,43,경기 성남시 분당구 성남대로172번길 12,경기 성남시 분당구 금곡동 147,031-602-1457,127.1107532283891,37.351243115591515,http://place.map.kakao.com/1730324454,2026-10-08 09:27:42
카카오맵,성남시,음식점 > 간식 > 아이스크림,도쿄젤라또,4.7,41,경기 성남시 분당구 정자일로 210,경기 성남시 분당구 정자동 14-3,0506-741-4468,127.10611156408702,37.36924808898904,http://place.map.kakao.com/1421087850,2026-10-08 10:07:03
카카오맵,성남시,음식점 > 양식 > 이탈리안,스파게티올리브0904,4.7,41,경기 성남시 분당구 성남대로925번길 11,경기 성남시 분당구 야탑동 352-4,031-704-0904,127.127280078448,37.4119644910979,http://place.map.kakao.com/787459712,2026-10-08 12:47:09
카카오맵,성남시,"음식점 > 한식 > 육류,고기",램가 본점,4.7,40,경기 성남시 분당구 판교공원로1길 63,경기 성남시 분당구 판교동 602-4,0503-7154-4310,127.09171753760997,37.39043599698454,http://place.map.kakao.com/1352135383,2026-10-08 11:02:09
카카오맵,성남시,음식점 > 양식,서울미트볼 수내점,4.7,40,경기 성남시 분당구 백현로101번길 17,경기 성남시 분당구 수내동 20-2,031-715-0526,127.11239514565781,37.377542527206366,http://place.map.kakao.com/7516079,2026-10-08 10:31:49
카카오맵,성남시,"음식점 > 일식 > 돈까스,우동",투쿡,4.7,38,경기 성남시 분당구 성남대로331번길 3-13,경기 성남시 분당구 정자동 156-3,,127.107683979019,37.3643793251099,http://place.map.kakao.com/2020116311,2026-10-08 09:46:49
카카오맵,성남시,"음식점 > 한식 > 육류,고기",모토이시 분당야탑점,4.7,37,경기 성남시 분당구 야탑로111번길 25,경기 성남시 분당구 야탑동 372-16,010-8253-4665,127.1314816795056,37.411734638445026,http://place.map.kakao.com/485089237,2026-10-08 13:00:43
카카오맵,성남시,"음식점 > 한식 > 육류,고기 > 갈비 > 명륜진사갈비",명륜진사갈비 성남태평역,4.7,36,경기 성남시 수정구 성남대로 1241,경기 성남시 수정구 태평동 6834,031-607-2026,127.127233540734,37.4405393883679,http://place.map.kakao.com/834377011,2026-10-08 13:58:15
카카오맵,성남시,"음식점 > 한식 > 육류,고기 > 삼겹살",머내돌삼겹살,4.7,35,경기 성남시 분당구 동판교로52번길 17-14,경기 성남시 분당구 백현동 591-6,031-8017-6550,127.115158620361,37.3861086040833,http://place.map.kakao.com/12544888,2026-10-08 10:43:11
카카오맵,성남시,음식점 > 한식,제일흑염소,4.7,34,경기 성남시 분당구 내정로119번길 4-4,경기 성남시 분당구 정자동 51-5,0502-5551-2047,127.115368380771,37.3711919442345,http://place.map.kakao.com/487993947,2026-10-08 10:21:14
카카오맵,성남시,음식점 > 한식,해미옥 분당정자점,4.7,34,경기 성남시 분당구 성남대로331번길 7,경기 성남시 분당구 정자동 157-1,031-719-0728,127.10720462598529,37.365461893184694,http://place.map.kakao.com/859120782,2026-10-08 09:48:09
카카오맵,성남시,음식점 > 양식,에이프런,4.7,33,경기 성남시 분당구 판교역로10번길 23,경기 성남시 분당구 백현동 564-4,070-7575-2969,127.111426052405,37.3856905010947,http://place.map.kakao.com/767018707,2026-10-08 10:35:35
카카오맵,성남시,"음식점 > 한식 > 육류,고기",분당한우정육식당,4.7,31,경기 성남시 분당구 야탑로111번길 12-5,경기 성남시 분당구 야탑동 373-5,031-706-7005,127.13150837186724,37.41084980804417,http://place.map.kakao.com/883655997,2026-10-08 12:59:46
카카오맵,성남시,음식점 > 아시아음식 > 동남아음식 > 태국음식,리틀타이랜드,4.7,30,경기 성남시 분당구 돌마로522번길 12,경기 성남시 분당구 서현동 327-18,031-709-6595,127.137645560525,37.3789124223284,http://place.map.kakao.com/181677339,2026-10-08 12:14:37
카카오맵,성남시,음식점 > 한식,해정뚝배기,4.7,30,경기 성남시 분당구 야탑로149번길 13,경기 성남시 분당구 야탑동 297-8,031-781-1502,127.13533888547,37.4109590137075,http://place.map.kakao.com/636009369,2026-10-08 13:04:00
카카오맵,성남시,"음식점 > 간식 > 제과,베이커리",까사델라포카치아,4.7,28,경기 성남시 분당구 운중로126번길 5,경기 성남시 분당구 운중동 933,,127.077390216542,37.3909976671828,http://place.map.kakao.com/74191813,2026-10-08 10:01:27
카카오맵,성남시,"음식점 > 한식 > 육류,고기 > 고기굽는방앗간",고기굽는방앗간 야탑역점,4.7,27,경기 성남시 분당구 성남대로926번길 20,경기 성남시 분당구 야탑동 361-2,031-707-0407,127.12999306703941,37.41313286383102,http://place.map.kakao.com/1992677182,2026-10-08 12:56:20
카카오맵,성남시,"음식점 > 한식 > 육류,고기 > 닭요리",기찬닭발,4.7,27,경기 성남시 중원구 금빛로 65,경기 성남시 중원구 금광동 3047,031-732-5300,127.166799320991,37.4476514324111,http://place.map.kakao.com/16395222,2026-10-08 17:24:06
카카오맵,성남시,음식점 > 퓨전요리 > 퓨전한식 > 본죽&비빔밥cafe,본죽&비빔밥cafe 분당야탑역점,4.7,27,경기 성남시 분당구 성남대로926번길 6,경기 성남시 분당구 야탑동 361-5,031-702-5420,127.12974844989365,37.41211498121426,http://place.map.kakao.com/27190162,2026-10-08 12:56:32
카카오맵,성남시,음식점 > 술집 > 일본식주점,아쿠아마,4.7,27,경기 성남시 분당구 성남대로331번길 3-13,경기 성남시 분당구 정자동 156-3,010-9548-7065,127.107685107875,37.3643793240822,http://place.map.kakao.com/163968442,2026-10-08 09:46:11
카카오맵,성남시,음식점 > 한식,스몰하우스우리집,4.7,26,경기 성남시 수정구 대왕판교로 1333,경기 성남시 수정구 신촌동 108-2,031-753-9901,127.107200135119,37.4590120096747,http://place.map.kakao.com/21525958,2026-10-08 12:41:17
카카오맵,성남시,음식점 > 분식,한줄한컵,4.7,25,경기 성남시 중원구 제일로 41,경기 성남시 중원구 성남동 3784,031-606-2580,127.13637306794786,37.43062343459085,http://place.map.kakao.com/664571343,2026-10-08 13:36:06
카카오맵,성남시,"음식점 > 일식 > 돈까스,우동",돈카츠바이명세준,4.7,24,경기 성남시 수정구 성남대로1390번길 10,경기 성남시 수정구 복정동 715-13,0507-1467-1089,127.127799846351,37.4539296415675,http://place.map.kakao.com/1877582454,2026-10-08 16:53:22
카카오맵,성남시,"음식점 > 한식 > 육류,고기 > 삼겹살",깜보 분당정자점,4.7,23,경기 성남시 분당구 느티로63번길 8,경기 성남시 분당구 정자동 66-1,0507-1393-7545,127.111816012125,37.3692239121743,http://place.map.kakao.com/287736488,2026-10-08 10:12:16
카카오맵,성남시,"음식점 > 한식 > 해물,생선 > 회",속초가진물회,4.7,23,경기 성남시 분당구 돌마로 361,경기 성남시 분당구 수내동 63-2,031-726-1577,127.12296535006,37.3706247532502,http://place.map.kakao.com/16486652,2026-10-08 10:22:07
카카오맵,성남시,음식점 > 일식 > 참치회,대진도원참치 정자점,4.7,22,경기 성남시 분당구 성남대로331번길 13,경기 성남시 분당구 정자동 159-1,031-726-4588,127.106306940139,37.3652978155905,http://place.map.kakao.com/2024019651,2026-10-08 09:42:21
카카오맵,성남시,음식점 > 간식 > 닭강정,바삭통통 닭강정 정자직영점,4.7,22,경기 성남시 분당구 성남대로 381,경기 성남시 분당구 정자동 15-3,031-715-5850,127.10748453258084,37.370172202573144,http://place.map.kakao.com/1772084461,2026-10-08 10:13:39
카카오맵,성남시,음식점 > 아시아음식 > 동남아음식 > 태국음식,타이팔칠,4.7,22,경기 성남시 분당구 대왕판교로 660,경기 성남시 분당구 삼평동 670,031-778-7574,127.10734982568015,37.40080711393466,http://place.map.kakao.com/1227621004,2026-10-08 11:42:46
카카오맵,성남시,"음식점 > 한식 > 찌개,전골",홍이네 분당서현점,4.7,22,경기 성남시 분당구 분당로53번길 21,경기 성남시 분당구 서현동 269-1,031-701-3340,127.122365027168,37.3846957709484,http://place.map.kakao.com/1322413094,2026-10-08 10:51:35
카카오맵,성남시,음식점 > 술집 > 일본식주점,텐모리,4.7,21,경기 성남시 분당구 정자일로 21,경기 성남시 분당구 금곡동 208,,127.10590954540295,37.351618774944455,http://place.map.kakao.com/20224111,2026-10-08 09:13:50
카카오맵,성남시,음식점 > 중식 > 중국요리 > 홍콩반점0410,홍콩반점0410 성남태평점,4.7,21,경기 성남시 수정구 탄리로 73,경기 성남시 수정구 태평동 3507,070-4036-0410,127.13577318202076,37.44254365459215,http://place.map.kakao.com/1847441342,2026-10-08 16:31:37
카카오맵,성남시,음식점 > 술집 > 와인바,물뭍,4.7,20,경기 성남시 분당구 판교공원로3길 36,경기 성남시 분당구 판교동 617-8,070-8657-1264,127.09005004409394,37.39077516198719,http://place.map.kakao.com/1171090129,2026-10-08 11:01:25
카카오맵,성남시,"음식점 > 한식 > 육류,고기 > 족발,보쌈",석아저씨족발,4.7,20,경기 성남시 분당구 백현로101번길 12,경기 성남시 분당구 수내동 19-6,031-715-2399,127.11229449941985,37.376677639352906,http://place.map.kakao.com/782958490,2026-10-08 10:16:48
카카오맵,성남시,"음식점 > 술집 > 호프,요리주점",원행,4.7,20,경기 성남시 분당구 미금일로90번길 36-5,경기 성남시 분당구 구미동 29-1,010-2689-6772,127.11057192703258,37.34921597092451,http://place.map.kakao.com/259861792,2026-10-08 09:22:04
카카오맵,성남시,음식점 > 한식 > 국수,큰집멸치국수 야탑점,4.7,20,경기 성남시 분당구 장미로 42,경기 성남시 분당구 야탑동 342-1,031-781-3554,127.125505795444,37.4134819016726,http://place.map.kakao.com/1751824833,2026-10-08 12:55:08
카카오맵,성남시,음식점 > 간식 > 아이스크림,파파젤라또,4.7,20,경기 성남시 분당구 운중로 128,경기 성남시 분당구 운중동 944,,127.0772956032929,37.391235599026,http://place.map.kakao.com/1890272532,2026-10-08 10:01:37
카카오맵,성남시,"음식점 > 한식 > 육류,고기 > 닭요리 > 삼계탕",향기나는터,4.7,20,경기 성남시 분당구 판교로610번길 1-8,경기 성남시 분당구 야탑동 400-2,031-8017-1717,127.14151367566495,37.40649534244996,http://place.map.kakao.com/24574982,2026-10-08 13:09:14
카카오맵,성남시,음식점 > 한식 > 국밥,두레콩나물국밥,4.7,19,경기 성남시 분당구 문정로140번길 6,경기 성남시 분당구 율동 323-17,031-698-2334,127.151709172407,37.3822055784814,http://place.map.kakao.com/1997539883,2026-10-08 12:16:16
카카오맵,성남시,음식점 > 일식,모구라식당,4.7,19,경기 성남시 분당구 불정로386번길 10,경기 성남시 분당구 서현동 307,031-724-4858,127.13766355085458,37.373311633921354,http://place.map.kakao.com/285404094,2026-10-08 12:03:03
카카오맵,성남시,음식점 > 일식,선우,4.7,19,경기 성남시 수정구 고등로 3,경기 성남시 수정구 고등동 572,010-6348-7066,127.09326097156584,37.42850557295906,http://place.map.kakao.com/1939017401,2026-10-08 12:37:53
카카오맵,성남시,"음식점 > 간식 > 제과,베이커리",아토베이크샵,4.7,19,경기 성남시 분당구 황새울로116번길 16,경기 성남시 분당구 정자동 69-1,,127.11177703230885,37.370343923800526,http://place.map.kakao.com/753288060,2026-10-08 10:14:20
카카오맵,성남시,"음식점 > 간식 > 제과,베이커리",윤블랑제리,4.7,19,경기 성남시 수정구 위례광장로 300,경기 성남시 수정구 창곡동 509,0507-1331-1695,127.142700259994,37.4734717349011,http://place.map.kakao.com/1856753748,2026-10-08 17:59:33
카카오맵,성남시,"음식점 > 한식 > 해물,생선 > 회",홍가네송어회,4.7,19,경기 성남시 분당구 동원로21번길 9,경기 성남시 분당구 동원동 62-3,031-714-5425,127.099516802305,37.3447945260732,http://place.map.kakao.com/1991312184,2026-10-08 08:54:36
카카오맵,성남시,음식점 > 한식 > 국수,국수미가,4.7,18,경기 성남시 수정구 복정로 88,경기 성남시 수정구 복정동 678-5,031-752-1511,127.12695598541815,37.4608521257132,http://place.map.kakao.com/742815460,2026-10-08 16:56:36
카카오맵,성남시,음식점 > 중식 > 양꼬치,복래양꼬치 모란2호점,4.7,18,경기 성남시 중원구 성남대로1148번길 27,경기 성남시 중원구 성남동 3261,031-757-5188,127.13225335284893,37.43303382805464,http://place.map.kakao.com/1844565127,2026-10-08 13:41:13
카카오맵,성남시,음식점 > 양식 > 이탈리안,쏭파스타,4.7,18,경기 성남시 수정구 시민로 165,경기 성남시 수정구 신흥동 5180,0503-7151-4042,127.14277997065444,37.44286066419284,http://place.map.kakao.com/436497159,2026-10-08 16:43:46
카카오맵,성남시,음식점 > 양식 > 피자 > 피자스쿨,피자스쿨 분당푸른점,4.7,17,경기 성남시 분당구 돌마로366번길 42,경기 성남시 분당구 수내동 83-1,031-717-9282,127.126820293603,37.3670201843816,http://place.map.kakao.com/15814313,2026-10-08 11:57:35
카카오맵,성남시,"음식점 > 일식 > 초밥,롤",오도루네코,4.7,16,경기 성남시 분당구 내정로173번길 49,경기 성남시 분당구 수내동 33-2,070-7769-2074,127.115846411718,37.3773779135987,http://place.map.kakao.com/1685499380,2026-10-08 10:36:46
카카오맵,성남시,"음식점 > 양식 > 멕시칸,브라질",갓잇 분당정자점,4.7,15,경기 성남시 분당구 불정로 7,경기 성남시 분당구 정자동 176,031-711-8986,127.10575466061925,37.360284998190735,http://place.map.kakao.com/1809077576,2026-10-08 09:29:40
카카오맵,성남시,음식점 > 양식 > 이탈리안,까사 142,4.7,15,경기 성남시 수정구 탄리로 142,경기 성남시 수정구 태평동 676,031-778-7780,127.13342611028763,37.44827136926993,http://place.map.kakao.com/797100728,2026-10-08 16:38:23
카카오맵,성남시,음식점 > 한식 > 감자탕,싸리골 감자탕,4.7,15,경기 성남시 중원구 산성대로350번길 3,경기 성남시 중원구 중앙동 99,031-744-6856,127.15536795575,37.4436629082203,http://place.map.kakao.com/16394041,2026-10-08 17:01:11
카카오맵,성남시,음식점 > 분식,아하김밥,4.7,15,경기 성남시 수정구 성남대로 1218,경기 성남시 수정구 수진동 3013,031-756-4343,127.12834538023806,37.438507298992796,http://place.map.kakao.com/1078712337,2026-10-08 13:54:51
카카오맵,성남시,"음식점 > 한식 > 육류,고기 > 족발,보쌈",야탑 골목족발포차,4.7,15,경기 성남시 분당구 야탑로111번길 12-11,경기 성남시 분당구 야탑동 373-2,070-8972-7727,127.13149801503006,37.4113868269373,http://place.map.kakao.com/743661085,2026-10-08 13:00:52
카카오맵,성남시,음식점 > 술집 > 와인바,어바웃풍미,4.7,15,경기 성남시 분당구 서현로210번길 2,경기 성남시 분당구 서현동 245-3,031-707-8771,127.125442081885,37.3867829204351,http://place.map.kakao.com/1164033276,2026-10-08 12:17:51
카카오맵,성남시,"음식점 > 한식 > 육류,고기 > 갈비 > 인생극장",인생극장 성남점,4.7,15,경기 성남시 수정구 제일로147번길 4,경기 성남시 수정구 수진동 3379,031-755-9295,127.131698066927,37.4398353108681,http://place.map.kakao.com/16185477,2026-10-08 14:00:32
카카오맵,성남시,음식점 > 아시아음식 > 동남아음식 > 태국음식,임아로이,4.7,15,경기 성남시 분당구 판교역로192번길 14-2,경기 성남시 분당구 삼평동 660,,127.1121056574005,37.39771670338828,http://place.map.kakao.com/1995381116,2026-10-08 11:34:39
카카오맵,성남시,음식점 > 한식 > 해장국,장수본가해장국,4.7,15,경기 성남시 수정구 탄리로81번길 2,경기 성남시 수정구 태평동 3536-1,031-752-2000,127.135410737061,37.4433342598238,http://place.map.kakao.com/413785176,2026-10-08 16:31:10
카카오맵,성남시,음식점 > 치킨 > 처갓집양념치킨,처갓집양념치킨 동판교점,4.7,15,경기 성남시 분당구 동판교로52번길 9-3,경기 성남시 분당구 백현동 604-7,031-704-9222,127.11490185628462,37.38730045670338,http://place.map.kakao.com/25976120,2026-10-08 11:20:25
카카오맵,성남시,음식점 > 샐러드,풀떼기 성남본점,4.7,15,경기 성남시 중원구 광명로 112,경기 성남시 중원구 성남동 2497,031-757-7889,127.141176756409,37.4358049420343,http://place.map.kakao.com/459261568,2026-10-08 14:17:32
카카오맵,성남시,음식점 > 일식,하나시,4.7,15,경기 성남시 분당구 동판교로52번길 21-2,경기 성남시 분당구 백현동 589-1,031-717-8233,127.11374064511678,37.386292884063536,http://place.map.kakao.com/840909739,2026-10-08 11:19:23
카카오맵,성남시,음식점 > 샤브샤브,혼자샤브,4.7,15,경기 성남시 수정구 산성대로 267,경기 성남시 수정구 신흥동 4124,031-733-1638,127.146445069527,37.4413244557855,http://place.map.kakao.com/200591876,2026-10-08 14:32:29
카카오맵,성남시,음식점 > 분식 > 떡볶이,떡볶이창고 백현점,4.7,13,경기 성남시 분당구 동판교로 122,경기 성남시 분당구 백현동 545,0503-7154-2287,127.11713533242133,37.393053546138134,http://place.map.kakao.com/1774572437,2026-10-08 11:27:59
카카오맵,성남시,"음식점 > 한식 > 육류,고기 > 곱창,막창",우돈정자생막창 정자1호점,4.7,13,경기 성남시 분당구 백현로156번길 17-8,경기 성남시 분당구 정자동 55-8,031-714-6692,127.114364336769,37.3709289189262,http://place.map.kakao.com/383650698,2026-10-08 10:19:13
카카오맵,성남시,"음식점 > 한식 > 육류,고기",육회한시간,4.7,13,경기 성남시 분당구 서현로 204,경기 성남시 분당구 서현동 245,,127.125208898265,37.3871192490725,http://place.map.kakao.com/849583849,2026-10-08 12:18:25
카카오맵,성남시,"음식점 > 간식 > 제과,베이커리",젠틀러,4.7,13,경기 성남시 분당구 정자일로 146,경기 성남시 분당구 정자동 165-1,031-711-7909,127.106530643151,37.3630342358342,http://place.map.kakao.com/146608944,2026-10-08 09:38:10
카카오맵,성남시,"음식점 > 한식 > 육류,고기 > 곱창,막창",통큰곱창 분당판교직영점,4.7,13,경기 성남시 분당구 동판교로 91,경기 성남시 분당구 백현동 553,070-4647-0678,127.11602394993108,37.39074892611958,http://place.map.kakao.com/1575851109,2026-10-08 11:19:47
카카오맵,성남시,"음식점 > 한식 > 육류,고기 > 곱창,막창",곱창에빠지다,4.7,12,경기 성남시 분당구 서현로210번길 14,경기 성남시 분당구 서현동 248-3,031-781-8201,127.124594282253,37.3862359947785,http://place.map.kakao.com/449690915,2026-10-08 10:55:26
카카오맵,성남시,음식점 > 한식 > 순대,구청앞소문난순대국,4.7,12,경기 성남시 중원구 제일로35번길 6,경기 성남시 중원구 성남동 3783,031-753-9655,127.13621222621224,37.430401069067926,http://place.map.kakao.com/649829942,2026-10-08 13:35:53
카카오맵,성남시,음식점 > 한식,동해강릉초당짬뽕순두부 판교 파미어스몰점,4.7,12,경기 성남시 수정구 창업로 17,경기 성남시 수정구 시흥동 288-2,070-8670-2542,127.097765590419,37.4120169085406,http://place.map.kakao.com/1459777304,2026-10-08 12:26:42
카카오맵,성남시,음식점 > 술집 > 칵테일바,매그넘,4.7,12,경기 성남시 수정구 수정로 182,경기 성남시 수정구 신흥동 5512,,127.140192795231,37.4431845222256,http://place.map.kakao.com/13087149,2026-10-08 16:42:38
카카오맵,성남시,"음식점 > 한식 > 육류,고기 > 미진축산",미진축산 분당수내점,4.7,12,경기 성남시 분당구 발이봉북로 3,경기 성남시 분당구 수내동 87-3,031-711-8032,127.127836179402,37.3669488107581,http://place.map.kakao.com/190062756,2026-10-08 11:57:25
카카오맵,성남시,"음식점 > 한식 > 육류,고기",소목,4.7,12,경기 성남시 수정구 위례광장로 70,경기 성남시 수정구 창곡동 530,0503-7154-1172,127.14177552937618,37.4704869019536,http://place.map.kakao.com/190513497,2026-10-08 17:53:32
카카오맵,성남시,"음식점 > 일식 > 초밥,롤",조우 스시오마카세,4.7,12,경기 성남시 수정구 탄리로8번길 12,경기 성남시 수정구 신흥동 6925,,127.141352765679,37.4386708603827,http://place.map.kakao.com/1271230655,2026-10-08 14:22:48
카카오맵,성남시,음식점 > 한식,글리브,4.7,11,경기 성남시 중원구 제일로73번길 21-6,경기 성남시 중원구 성남동 3368,010-6760-1778,127.133072154127,37.4328265765095,http://place.map.kakao.com/347158532,2026-10-08 13:43:41
카카오맵,성남시,음식점 > 술집 > 칵테일바,녹녹,4.7,11,경기 성남시 분당구 느티로87번길 7,경기 성남시 분당구 정자동 62-8,,127.114167842399,37.3694018705535,http://place.map.kakao.com/1393140618,2026-10-08 10:18:22
카카오맵,성남시,음식점 > 한식 > 국밥,두원전통육개장,4.7,11,경기 성남시 수정구 모란로 84,경기 성남시 수정구 태평동 6940,031-757-5575,127.1259211736763,37.44027859850776,http://place.map.kakao.com/348847220,2026-10-08 13:58:21
카카오맵,성남시,"음식점 > 술집 > 호프,요리주점",버스킹,4.7,11,경기 성남시 분당구 발이봉남로3번길 9,경기 성남시 분당구 수내동 96-7,070-8888-1379,127.126439267463,37.365997026839,http://place.map.kakao.com/1796902857,2026-10-08 11:55:15
카카오맵,성남시,"음식점 > 한식 > 해물,생선 > 회",작은어촌,4.7,11,경기 성남시 분당구 장미로 86,경기 성남시 분당구 야탑동 360-3,031-704-0020,127.130343860092,37.413491083075876,http://place.map.kakao.com/9418482,2026-10-08 12:58:50
카카오맵,성남시,음식점 > 한식,파머스마켓팥집,4.7,11,경기 성남시 분당구 판교로25번길 18-3,경기 성남시 분당구 운중동 1029-2,031-707-8890,127.083200520432,37.3902287537266,http://place.map.kakao.com/1601052029,2026-10-08 10:56:31
카카오맵,성남시,음식점 > 분식,김밥천국 중원은행점,4.7,10,경기 성남시 중원구 산성대로 478,경기 성남시 중원구 은행동 423-22,031-743-5326,127.161320764841,37.4540598314371,http://place.map.kakao.com/21228135,2026-10-08 17:29:09
카카오맵,성남시,음식점 > 술집 > 칵테일바,몰트바 케이브,4.7,10,경기 성남시 분당구 분당내곡로 151,경기 성남시 분당구 삼평동 656,010-5106-7012,127.112519606834,37.3973658129205,http://place.map.kakao.com/85867430,2026-10-08 11:34:35
카카오맵,성남시,음식점 > 아시아음식 > 동남아음식 > 베트남음식,미면소 성남시청점,4.7,10,경기 성남시 중원구 성남대로997번길 47,경기 성남시 중원구 여수동 248,0503-7152-5650,127.124789887058,37.4177201492989,http://place.map.kakao.com/321686693,2026-10-08 12:35:36
카카오맵,성남시,"음식점 > 술집 > 호프,요리주점",씨에프바베큐치킨호프,4.7,10,경기 성남시 분당구 중앙공원로40번길 42,경기 성남시 분당구 서현동 94-3,031-709-8822,127.132181735582,37.37813656639,http://place.map.kakao.com/21227893,2026-10-08 12:07:39
카카오맵,성남시,"음식점 > 한식 > 육류,고기 > 닭요리",오투닭갈비&부대찌개 판교테크노벨리점,4.7,10,경기 성남시 분당구 대왕판교로 670,경기 성남시 분당구 삼평동 682,031-739-8689,127.10718780646545,37.40203174815171,http://place.map.kakao.com/1659187336,2026-10-08 11:40:21
카카오맵,성남시,음식점 > 중식 > 중국요리,위례짜장,4.7,10,경기 성남시 수정구 위례광장로 322,경기 성남시 수정구 창곡동 508,031-755-4995,127.14266558525985,37.471882395882204,http://place.map.kakao.com/770179208,2026-10-08 17:56:26
카카오맵,성남시,"음식점 > 한식 > 육류,고기",육회한녀석들 분당직영점,4.7,10,경기 성남시 분당구 황새울로258번길 32,경기 성남시 분당구 수내동 7-6,070-8691-0666,127.11610700618,37.3794346963387,http://place.map.kakao.com/1150543275,2026-10-08 10:42:00
카카오맵,성남시,음식점 > 중식 > 중국요리,짜장짱,4.7,10,경기 성남시 수정구 수정로99번길 7,경기 성남시 수정구 태평동 6434,031-758-4627,127.13105905008155,37.44145063926434,http://place.map.kakao.com/4306912,2026-10-08 14:06:24
카카오맵,성남시,음식점 > 치킨,짱닭치킨 단대오거리역점,4.7,10,경기 성남시 중원구 산성대로 384,경기 성남시 중원구 금광동 4399,031-733-3636,127.15800409316,37.4462255004318,http://place.map.kakao.com/730082812,2026-10-08 17:09:04
카카오맵,성남시,"음식점 > 간식 > 제과,베이커리",폴라베이커리,4.7,10,경기 성남시 분당구 판교대장로4길 12-2,경기 성남시 분당구 대장동 648,031-715-1994,127.0683523606145,37.36441219731249,http://place.map.kakao.com/1151207781,2026-10-08 08:53:24
카카오맵,성남시,"음식점 > 일식 > 초밥,롤",스시노칸도 미금역점,4.6,275,경기 성남시 분당구 성남대로 151,경기 성남시 분당구 구미동 9-1,,127.108269615243,37.349281172459,http://place.map.kakao.com/245067386,2026-10-08 09:15:17
카카오맵,성남시,음식점 > 중식,따딩홍콩덕,4.6,102,경기 성남시 수정구 위례광장로 320,경기 성남시 수정구 창곡동 509-2,,127.14229350407801,37.47239642003611,http://place.map.kakao.com/1220619853,2026-10-08 17:56:13
카카오맵,성남시,"음식점 > 한식 > 육류,고기 > 맛찬들왕소금구이",맛찬들왕소금구이 성남모란점,4.6,97,경기 성남시 중원구 둔촌대로101번길 16-7,경기 성남시 중원구 성남동 3533,031-723-9288,127.130453745917,37.4312554204404,http://place.map.kakao.com/514093597,2026-10-08 13:27:55
카카오맵,성남시,"음식점 > 한식 > 육류,고기",우몽 판교본점,4.6,87,경기 성남시 분당구 판교역로192번길 12,경기 성남시 분당구 삼평동 664,031-8061-0712,127.110733185685,37.3975107617368,http://place.map.kakao.com/1757905811,2026-10-08 11:31:45
카카오맵,성남시,"음식점 > 한식 > 육류,고기 > 족발,보쌈",참착한족발,4.6,81,경기 성남시 분당구 황새울로342번길 11,경기 성남시 분당구 서현동 250-5,031-709-6669,127.12373604123601,37.38619905292672,http://place.map.kakao.com/27218978,2026-10-08 10:53:41
카카오맵,성남시,"음식점 > 술집 > 호프,요리주점",연무,4.6,77,경기 성남시 분당구 서현로210번길 10,경기 성남시 분당구 서현동 248-2,010-2463-2576,127.12482152578401,37.386403345397135,http://place.map.kakao.com/101209382,2026-10-08 11:23:05
카카오맵,성남시,"음식점 > 한식 > 육류,고기 > 곱창,막창",호랑이굴 서현점,4.6,75,경기 성남시 분당구 서현로 204,경기 성남시 분당구 서현동 245-4,031-703-5582,127.12510134021579,37.38694816856004,http://place.map.kakao.com/1886144475,2026-10-08 12:17:12
카카오맵,성남시,"음식점 > 술집 > 호프,요리주점",안주의신 판교본점,4.6,72,경기 성남시 분당구 대왕판교로606번길 45,경기 성남시 분당구 삼평동 653,0502-5554-3040,127.11174637152425,37.3968547660224,http://place.map.kakao.com/24998089,2026-10-08 11:33:42
카카오맵,성남시,"음식점 > 일식 > 돈까스,우동",나라돈까스,4.6,69,경기 성남시 분당구 서현로 192,경기 성남시 분당구 서현동 251-1,031-701-4743,127.12442747780285,37.38779313784327,http://place.map.kakao.com/12386670,2026-10-08 11:25:03
카카오맵,성남시,음식점 > 양식 > 이탈리안,투파인드피터 서현점,4.6,68,경기 성남시 분당구 황새울로360번길 26,경기 성남시 분당구 서현동 247-3,031-778-6263,127.12506337272386,37.38584445565307,http://place.map.kakao.com/1932485083,2026-10-08 12:10:21
카카오맵,성남시,"음식점 > 한식 > 해물,생선",화리화리 가천대본점,4.6,67,경기 성남시 수정구 성남대로1314번길 4,경기 성남시 수정구 태평동 5183,031-756-0033,127.12736192783731,37.44695086671009,http://place.map.kakao.com/1407587098,2026-10-08 16:27:27
카카오맵,성남시,"음식점 > 술집 > 호프,요리주점",모란주점,4.6,64,경기 성남시 중원구 제일로35번길 43-2,경기 성남시 중원구 성남동 3552,031-758-1625,127.13212699081208,37.43185363864079,http://place.map.kakao.com/1366688708,2026-10-08 13:37:32
카카오맵,성남시,음식점 > 한식 > 국수,벚골도토리막국수 분당율동점,4.6,60,경기 성남시 분당구 문정로144번길 8,경기 성남시 분당구 율동 323-7,031-702-1810,127.152021741053,37.3826665010121,http://place.map.kakao.com/1280942487,2026-10-08 12:15:45
카카오맵,성남시,음식점 > 술집 > 일본식주점,사쿠라테이엔 판교본점,4.6,60,경기 성남시 분당구 판교역로192번길 16,경기 성남시 분당구 삼평동 662,,127.11134665059764,37.39766335927138,http://place.map.kakao.com/636522836,2026-10-08 11:32:19
카카오맵,성남시,"음식점 > 일식 > 초밥,롤",스시미니,4.6,58,경기 성남시 중원구 산성대로 470,경기 성남시 중원구 금광동 4827,031-733-1256,127.161097997326,37.4534780813894,http://place.map.kakao.com/187755821,2026-10-08 17:28:38
카카오맵,성남시,음식점 > 술집 > 일본식주점,미미 서현본점,4.6,52,경기 성남시 분당구 서현로 192,경기 성남시 분당구 서현동 251-1,031-709-9834,127.12447698560186,37.387685864038005,http://place.map.kakao.com/1332880385,2026-10-08 11:25:06
카카오맵,성남시,음식점 > 한식 > 국수,밀국수,4.6,45,경기 성남시 중원구 제일로53번길 14,경기 성남시 중원구 성남동 3745,031-752-7758,127.13463479554322,37.43157149399339,http://place.map.kakao.com/1015265027,2026-10-08 13:44:46
카카오맵,성남시,음식점 > 중식 > 중국요리,현짜장,4.6,42,경기 성남시 수정구 복정로 83,경기 성남시 수정구 복정동 677-4,031-721-4775,127.126548310842,37.4603984531449,http://place.map.kakao.com/1480516638,2026-10-08 16:56:33
카카오맵,성남시,음식점 > 일식,카레모리,4.6,41,경기 성남시 분당구 황새울로360번길 28,경기 성남시 분당구 서현동 247-4,,127.124791973088,37.3856050702347,http://place.map.kakao.com/2050233749,2026-10-08 10:54:25
카카오맵,성남시,"음식점 > 간식 > 제과,베이커리",더크로아상랩,4.6,40,경기 성남시 분당구 성남대로 389,경기 성남시 분당구 정자동 15-1,070-8871-2020,127.10748776102275,37.37085247389463,http://place.map.kakao.com/1780256837,2026-10-08 10:13:21
카카오맵,성남시,"음식점 > 일식 > 돈까스,우동",이소정카츠,4.6,40,경기 성남시 분당구 성남대로926번길 6,경기 성남시 분당구 야탑동 361-5,0507-132-1030,127.12984909989248,37.41218334815446,http://place.map.kakao.com/1222381445,2026-10-08 12:56:28
카카오맵,성남시,"음식점 > 한식 > 육류,고기",정돈 정자점,4.6,39,경기 성남시 분당구 정자일로 121,경기 성남시 분당구 정자동 174-1,,127.10574270164373,37.36141579774272,http://place.map.kakao.com/150620854,2026-10-08 09:32:05
카카오맵,성남시,"음식점 > 한식 > 육류,고기",돈멜 미금점,4.6,38,경기 성남시 분당구 미금일로90번길 26,경기 성남시 분당구 구미동 35-2,070-4148-1515,127.110058294666,37.3483703838609,http://place.map.kakao.com/1204699181,2026-10-08 09:06:51
카카오맵,성남시,"음식점 > 한식 > 육류,고기",고공 분당점,4.6,37,경기 성남시 분당구 백현로156번길 16,경기 성남시 분당구 정자동 42-7,031-608-5050,127.113878896376,37.3716826444869,http://place.map.kakao.com/58869063,2026-10-08 10:20:11
카카오맵,성남시,음식점 > 술집 > 일본식주점,웅성웅성 서현본점,4.6,36,경기 성남시 분당구 황새울로311번길 28,경기 성남시 분당구 서현동 275,031-701-7888,127.120974872263,37.3860036847083,http://place.map.kakao.com/1473325396,2026-10-08 10:49:59
카카오맵,성남시,"음식점 > 일식 > 돈까스,우동",한성돈까스 위례점,4.6,33,경기 성남시 수정구 위례광장로 12,경기 성남시 수정구 창곡동 563,070-8721-8443,127.1418389761795,37.466373714123804,http://place.map.kakao.com/427099221,2026-10-08 17:51:34
카카오맵,성남시,"음식점 > 간식 > 제과,베이커리",빵사랑,4.6,31,경기 성남시 분당구 정자일로 140,경기 성남시 분당구 정자동 166-1,031-711-2223,127.106277080014,37.3625352951493,http://place.map.kakao.com/777113914,2026-10-08 09:35:02
카카오맵,성남시,음식점 > 샤브샤브,하나샤브샤브 위례점,4.6,31,경기 성남시 수정구 위례동로 141,경기 성남시 수정구 창곡동 513-2,031-755-2027,127.15013947009405,37.472616468745734,http://place.map.kakao.com/1999478584,2026-10-08 18:07:09
카카오맵,성남시,음식점 > 양식 > 이탈리안,까사파스토,4.6,29,경기 성남시 분당구 판교역로10번길 14-5,경기 성남시 분당구 백현동 579-4,031-726-9155,127.112160101153,37.3849888111442,http://place.map.kakao.com/1658927045,2026-10-08 10:35:10
카카오맵,성남시,음식점 > 한식 > 죽,파머스마켓팥집,4.6,29,경기 성남시 분당구 판교로 478,경기 성남시 분당구 이매동 97-6,031-606-1222,127.12691064807038,37.40523247044537,http://place.map.kakao.com/274851872,2026-10-08 12:42:41
카카오맵,성남시,"음식점 > 한식 > 육류,고기",군침,4.6,28,경기 성남시 분당구 미금일로74번길 29-3,경기 성남시 분당구 구미동 37-2,031-712-0819,127.11132005396,37.348346677547,http://place.map.kakao.com/1852184119,2026-10-08 09:09:27
카카오맵,성남시,"음식점 > 한식 > 육류,고기 > 삼겹살",깜보 야탑,4.6,28,경기 성남시 분당구 야탑로111번길 17,경기 성남시 분당구 야탑동 372-11,0507-1381-7977,127.131110258824,37.4112052517309,http://place.map.kakao.com/2141157007,2026-10-08 13:00:29
카카오맵,성남시,음식점 > 양식,비버스클럽,4.6,28,경기 성남시 분당구 동판교로52번길 21-2,경기 성남시 분당구 백현동 589-1,1600-5187,127.1138365807986,37.386263057993354,http://place.map.kakao.com/2077724747,2026-10-08 11:18:59
카카오맵,성남시,음식점 > 한식 > 순대,성심순대국,4.6,28,경기 성남시 수정구 논골로 17,경기 성남시 수정구 단대동 60-5,031-731-5344,127.160189557065,37.4557084202464,http://place.map.kakao.com/15660974,2026-10-08 17:27:11
카카오맵,성남시,"음식점 > 한식 > 육류,고기",우본관 모란본점,4.6,28,경기 성남시 중원구 광명로 31,경기 성남시 중원구 성남동 3166,031-697-8899,127.132486090908,37.4336642783966,http://place.map.kakao.com/220809806,2026-10-08 13:49:53
카카오맵,성남시,음식점 > 양식 > 피자 > 잭슨피자,잭슨피자 위례점,4.6,28,경기 성남시 수정구 위례광장로 104,경기 성남시 수정구 창곡동 505,031-756-0717,127.1415022722818,37.472451430785945,http://place.map.kakao.com/1851925341,2026-10-08 17:56:23
카카오맵,성남시,"음식점 > 한식 > 육류,고기",허니피그,4.6,28,경기 성남시 분당구 동판교로52번길 3-8,경기 성남시 분당구 백현동 604-3,031-8016-7373,127.115029870802,37.3875719906396,http://place.map.kakao.com/16603093,2026-10-08 11:19:02
카카오맵,성남시,음식점 > 한식 > 국수 > 칼국수,돌고래손칼국수,4.6,27,경기 성남시 분당구 내정로174번길 42,경기 성남시 분당구 수내동 53,031-717-7181,127.12237082436594,37.37089027130415,http://place.map.kakao.com/27299101,2026-10-08 10:22:11
카카오맵,성남시,음식점 > 구내식당,양지마을구내식당,4.6,27,경기 성남시 분당구 내정로173번길 11,경기 성남시 분당구 수내동 29,031-712-0340,127.118126281963,37.3746987144592,http://place.map.kakao.com/16549061,2026-10-08 10:26:19
카카오맵,성남시,"음식점 > 한식 > 육류,고기 > 곱창,막창",통큰곱창 성남본점,4.6,27,경기 성남시 수정구 시민로175번길 35,경기 성남시 수정구 신흥동 5562,031-755-4939,127.138961948395,37.442447144125,http://place.map.kakao.com/1850658086,2026-10-08 14:24:24
카카오맵,성남시,"음식점 > 한식 > 육류,고기",화로상회 성남복정점,4.6,27,경기 성남시 수정구 복정로 7,경기 성남시 수정구 복정동 714-2,031-757-2292,127.12734268059928,37.45359676038424,http://place.map.kakao.com/5610067,2026-10-08 16:53:04
카카오맵,성남시,음식점 > 한식,또바기청국장&보리밥,4.6,26,경기 성남시 분당구 야탑로69번길 3,경기 성남시 분당구 야탑동 354-6,031-708-8777,127.126367619967,37.4100868449681,http://place.map.kakao.com/1297733455,2026-10-08 12:44:10
카카오맵,성남시,음식점 > 샤브샤브,다담샤브샤브&월남쌈 위례점,4.6,25,경기 성남시 수정구 위례광장로 45,경기 성남시 수정구 창곡동 546,0503-7150-5680,127.14019459164,37.468366909431126,http://place.map.kakao.com/1934178616,2026-10-08 17:53:12
카카오맵,성남시,"음식점 > 한식 > 해물,생선 > 복어",동래복국,4.6,25,경기 성남시 분당구 양현로310번길 25,경기 성남시 분당구 야탑동 353-3,031-703-4007,127.127044546897,37.4116205551589,http://place.map.kakao.com/1927613287,2026-10-08 12:47:01
카카오맵,성남시,음식점 > 한식,본가전주돌솥밥,4.6,25,경기 성남시 분당구 돌마로 68,경기 성남시 분당구 구미동 23-1,031-712-2155,127.109527453099,37.3496548425083,http://place.map.kakao.com/10379954,2026-10-08 09:17:52
카카오맵,성남시,음식점 > 술집 > 일본식주점,텐쵸,4.6,25,경기 성남시 중원구 둔촌대로113번길 19-1,경기 성남시 중원구 성남동 3511,031-8039-5443,127.131270044989,37.4309175367611,http://place.map.kakao.com/1525962081,2026-10-08 13:37:43
카카오맵,성남시,음식점 > 양식,수채화그릴철판요리,4.6,23,경기 성남시 수정구 오야남로 39,경기 성남시 수정구 오야동 288-9,0507-1455-7896,127.102333592169,37.4535246531867,http://place.map.kakao.com/1897214032,2026-10-08 12:41:11
카카오맵,성남시,"음식점 > 일식 > 초밥,롤",스시리,4.6,23,경기 성남시 중원구 도촌남로 37,경기 성남시 중원구 도촌동 568,031-758-3162,127.15176341761202,37.4147134386004,http://place.map.kakao.com/759379898,2026-10-08 13:21:34
카카오맵,성남시,음식점 > 일식,스시바라,4.6,23,경기 성남시 분당구 불정로386번길 10,경기 성남시 분당구 서현동 307,031-706-8442,127.13780189063321,37.373024045903,http://place.map.kakao.com/1053964270,2026-10-08 12:03:41
카카오맵,성남시,"음식점 > 한식 > 육류,고기",정육식당육국 분당오리역점,4.6,23,경기 성남시 분당구 성남대로 36,경기 성남시 분당구 구미동 185-2,031-8039-7908,127.10939479939248,37.33912553492238,http://place.map.kakao.com/1558809450,2026-10-08 08:55:41
카카오맵,성남시,"음식점 > 한식 > 육류,고기",한점의희열 수내돈,4.6,23,경기 성남시 분당구 백현로101번길 12,경기 성남시 분당구 수내동 19-6,031-716-0692,127.112425443833,37.3766612965091,http://place.map.kakao.com/64589305,2026-10-08 10:16:09
카카오맵,성남시,음식점 > 간식,뜰에봄와플,4.6,22,경기 성남시 분당구 황새울로360번길 12,경기 성남시 분당구 서현동 248-1,031-708-8009,127.12499902922902,37.3865365092985,http://place.map.kakao.com/2078048321,2026-10-08 12:18:22
카카오맵,성남시,"음식점 > 한식 > 해물,생선 > 아구",명자네해물아구찜,4.6,22,경기 성남시 수정구 위례서일로3길 8,경기 성남시 수정구 창곡동 549-7,031-757-5585,127.139046084769,37.4659247261106,http://place.map.kakao.com/1134628501,2026-10-08 17:41:40
카카오맵,성남시,음식점 > 일식 > 일식집,스시나나,4.6,22,경기 성남시 분당구 판교공원로1길 61,경기 성남시 분당구 판교동 602-5,031-707-1626,127.091880127165,37.3904178503166,http://place.map.kakao.com/339284261,2026-10-08 11:02:16
카카오맵,성남시,음식점 > 한식 > 쌈밥,쌈마을촌밥,4.6,22,경기 성남시 수정구 복정로 51,경기 성남시 수정구 복정동 689-2,031-758-9276,127.12679204116235,37.45747530953242,http://place.map.kakao.com/21228089,2026-10-08 16:54:55
카카오맵,성남시,"음식점 > 한식 > 해물,생선",돗가비불쭈꾸미,4.6,21,경기 성남시 수정구 창업로 43,경기 성남시 수정구 시흥동 340,070-4010-8922,127.096466281536,37.4117819087741,http://place.map.kakao.com/292466777,2026-10-08 12:26:21
카카오맵,성남시,음식점 > 중식 > 양꼬치,이가네양꼬치 정자점,4.6,21,경기 성남시 분당구 성남대로331번길 13,경기 성남시 분당구 정자동 159-1,031-716-9996,127.106181643237,37.3653033342853,http://place.map.kakao.com/849757074,2026-10-08 09:42:17
카카오맵,성남시,"음식점 > 일식 > 초밥,롤",이레,4.6,21,경기 성남시 분당구 불정로65번길 1,경기 성남시 분당구 정자동 142-2,031-719-8001,127.11158818161,37.3602201710935,http://place.map.kakao.com/13319588,2026-10-08 09:36:34
카카오맵,성남시,음식점 > 술집 > 칵테일바,잇트,4.6,21,경기 성남시 분당구 대왕판교로606번길 10,경기 성남시 분당구 백현동 531,031-706-2789,127.10884996681392,37.39554377831995,http://place.map.kakao.com/95342561,2026-10-08 11:15:22
카카오맵,성남시,"음식점 > 간식 > 제과,베이커리",천연발효비건 나정빵집,4.6,21,경기 성남시 분당구 동판교로52번길 13-9,경기 성남시 분당구 백현동 605-6,031-604-0061,127.1154275084243,37.38693818410416,http://place.map.kakao.com/1053221694,2026-10-08 11:19:16
카카오맵,성남시,음식점 > 양식 > 이탈리안,체르또,4.6,21,경기 성남시 분당구 동판교로52번길 13-10,경기 성남시 분당구 백현동 593-4,0502-5550-1744,127.11546548924693,37.38666964218122,http://place.map.kakao.com/2126821939,2026-10-08 11:19:13
카카오맵,성남시,"음식점 > 한식 > 해물,생선 > 회",팔팔회 정자본점,4.6,21,경기 성남시 분당구 정자일로198번길 6-5,경기 성남시 분당구 정자동 19-3,031-711-6677,127.106735436471,37.3673535713327,http://place.map.kakao.com/1418306037,2026-10-08 09:44:27
카카오맵,성남시,"음식점 > 일식 > 초밥,롤",동진초밥집,4.6,20,경기 성남시 분당구 미금일로74번길 18,경기 성남시 분당구 구미동 47-2,031-711-5585,127.11175197868559,37.34735874262572,http://place.map.kakao.com/1623811341,2026-10-08 09:08:34
카카오맵,성남시,"음식점 > 한식 > 찌개,전골",개성손만두,4.6,19,경기 성남시 수정구 위례광장로 19,경기 성남시 수정구 창곡동 562,031-758-9233,127.140438268887,37.4656861139793,http://place.map.kakao.com/286753151,2026-10-08 17:43:40
카카오맵,성남시,"음식점 > 한식 > 육류,고기 > 곱창,막창",대구막창,4.6,19,경기 성남시 수정구 복정로 124,경기 성남시 수정구 복정동 647-7,,127.127255135373,37.4639620949278,http://place.map.kakao.com/1757673866,2026-10-08 17:37:54
카카오맵,성남시,음식점 > 샤브샤브,버섯잔치집 성남태평역직영점,4.6,19,경기 성남시 수정구 성남대로 1215,경기 성남시 수정구 수진동 4557,031-759-0022,127.127469016698,37.4381316230794,http://place.map.kakao.com/1916610480,2026-10-08 13:53:13
카카오맵,성남시,"음식점 > 한식 > 해물,생선",태조황태코다리생선 본점,4.6,19,경기 성남시 분당구 미금일로 85,경기 성남시 분당구 구미동 145-1,031-716-8446,127.11008126677368,37.345551943557794,http://place.map.kakao.com/10810966,2026-10-08 09:05:08
카카오맵,성남시,음식점 > 패스트푸드 > 노브랜드버거,노브랜드버거 분당야탑점,4.6,18,경기 성남시 분당구 성남대로926번길 6,경기 성남시 분당구 야탑동 361-5,031-707-7750,127.129855634688,37.4120427820299,http://place.map.kakao.com/838996692,2026-10-08 12:57:14
카카오맵,성남시,음식점 > 한식 > 곰탕,분당미소곰탕,4.6,18,경기 성남시 분당구 내정로119번길 4-8,경기 성남시 분당구 정자동 51-3,0503-7153-4204,127.11561131818506,37.37132956388965,http://place.map.kakao.com/1245432765,2026-10-08 10:21:04
카카오맵,성남시,음식점 > 양식,스탭밀,4.6,18,경기 성남시 수정구 창업로 43,경기 성남시 수정구 시흥동 340,0507-1313-8613,127.09571978444713,37.41189784596794,http://place.map.kakao.com/202499568,2026-10-08 12:26:28
카카오맵,성남시,음식점 > 분식,오토김밥 성남시청점,4.6,18,경기 성남시 중원구 양현로405번길 17,경기 성남시 중원구 여수동 201,031-758-3337,127.126894654796,37.4185180129255,http://place.map.kakao.com/1471589446,2026-10-08 13:16:15
카카오맵,성남시,음식점 > 한식,인순이네,4.6,18,경기 성남시 분당구 중앙공원로39번길 49,경기 성남시 분당구 서현동 88,031-709-8880,127.12484280327587,37.38357230825524,http://place.map.kakao.com/26950432,2026-10-08 10:45:13
카카오맵,성남시,"음식점 > 한식 > 육류,고기",전라도맛집,4.6,18,경기 성남시 중원구 둔촌대로113번길 3,경기 성남시 중원구 성남동 4111,010-2480-7417,127.131445330292,37.4297153864307,http://place.map.kakao.com/201025006,2026-10-08 13:34:48
카카오맵,성남시,"음식점 > 한식 > 육류,고기 > 닭요리",죽왕숯불닭갈비,4.6,18,경기 성남시 분당구 성남대로916번길 20,경기 성남시 분당구 야탑동 367-5,,127.12965594488398,37.41021843751295,http://place.map.kakao.com/1445522630,2026-10-08 12:49:47
카카오맵,성남시,"음식점 > 술집 > 호프,요리주점",토이토이토이 효자점,4.6,18,경기 성남시 분당구 분당로263번길 39,경기 성남시 분당구 서현동 312-1,031-8039-5046,127.14041381731185,37.37212445408471,http://place.map.kakao.com/1679578272,2026-10-08 12:01:11
카카오맵,성남시,음식점 > 양식 > 이탈리안,피제리아다리오,4.6,18,경기 성남시 분당구 불정로77번길 3,경기 성남시 분당구 정자동 141-10,,127.113168842554,37.360452035369,http://place.map.kakao.com/1669296877,2026-10-08 09:49:16
카카오맵,성남시,음식점 > 분식 > 떡볶이,그린스파이시,4.6,17,경기 성남시 수정구 산성대로 267,경기 성남시 수정구 신흥동 4124,031-735-1219,127.146445034409,37.4413064355426,http://place.map.kakao.com/93307519,2026-10-08 14:32:18
카카오맵,성남시,음식점 > 술집 > 실내포장마차,꼴목 성남모란점,4.6,17,경기 성남시 중원구 성남대로1140번길 11,경기 성남시 중원구 성남동 3480,,127.130675962479,37.4316948707939,http://place.map.kakao.com/551277856,2026-10-08 13:28:12
카카오맵,성남시,"음식점 > 한식 > 육류,고기",꾸면돼지,4.6,17,경기 성남시 분당구 동판교로 91,경기 성남시 분당구 백현동 553,031-703-1026,127.116485416133,37.3912215091635,http://place.map.kakao.com/1402611423,2026-10-08 11:27:42
카카오맵,성남시,음식점 > 양식,다이닝에이치,4.6,17,경기 성남시 분당구 정자일로 100,경기 성남시 분당구 정자동 180,031-711-8365,127.1068764503213,37.359324396046,http://place.map.kakao.com/1406227602,2026-10-08 09:30:29
카카오맵,성남시,음식점 > 한식 > 국밥,전주콩나루콩나물국밥 미금점,4.6,17,경기 성남시 분당구 성남대로 168,경기 성남시 분당구 금곡동 158,031-712-9486,127.109488617457,37.3508910896503,http://place.map.kakao.com/15816802,2026-10-08 09:21:14
카카오맵,성남시,"음식점 > 한식 > 육류,고기 > 삼겹살",종가대박집 금광점,4.6,17,경기 성남시 중원구 금상로112번길 2,경기 성남시 중원구 상대원동 596,031-747-3392,127.167326117256,37.4426518648878,http://place.map.kakao.com/17139654,2026-10-08 17:20:30
카카오맵,성남시,음식점 > 중식 > 중국요리,차이나진,4.6,17,경기 성남시 분당구 정자일로 135,경기 성남시 분당구 정자동 162-2,,127.105270854845,37.3622217366062,http://place.map.kakao.com/1835947319,2026-10-08 09:33:34
카카오맵,성남시,"음식점 > 간식 > 제과,베이커리",동백제빵소,4.6,16,경기 성남시 수정구 위례광장로 300,경기 성남시 수정구 창곡동 509,031-757-3246,127.142700259994,37.4734717349011,http://place.map.kakao.com/557137949,2026-10-08 17:59:36
카카오맵,성남시,음식점 > 한식 > 순대,백암순대,4.6,16,경기 성남시 분당구 구미로9번길 16,경기 성남시 분당구 구미동 187-1,031-712-0991,127.1106705210806,37.33949377085228,http://place.map.kakao.com/10390890,2026-10-08 09:04:15
카카오맵,성남시,"음식점 > 한식 > 육류,고기",백향목,4.6,16,경기 성남시 분당구 정자일로198번길 15,경기 성남시 분당구 정자동 17-4,031-786-0077,127.107593977111,37.3677564530971,http://place.map.kakao.com/9074444,2026-10-08 10:10:25
카카오맵,성남시,"음식점 > 일식 > 초밥,롤",스시야스무,4.6,16,경기 성남시 수정구 공원로 333,경기 성남시 수정구 신흥동 2470,031-745-2850,127.151200919299,37.4428258643227,http://place.map.kakao.com/1563406524,2026-10-08 16:57:42
카카오맵,성남시,음식점 > 한식 > 감자탕,신가네감자탕생삼겹살,4.6,16,경기 성남시 분당구 장안로56번길 19-1,경기 성남시 분당구 분당동 122-5,031-704-5047,127.146147614892,37.3696649177092,http://place.map.kakao.com/12042014,2026-10-08 12:01:57
카카오맵,성남시,음식점 > 치킨,양계장집아들 위례점,4.6,16,경기 성남시 수정구 위례서일로3길 13,경기 성남시 수정구 창곡동 555-5,031-753-2555,127.13906379980585,37.4663346650832,http://place.map.kakao.com/751522111,2026-10-08 17:47:28
카카오맵,성남시,음식점 > 한식 > 국수,이모네칼국수,4.6,16,경기 성남시 분당구 분당로53번길 21,경기 성남시 분당구 서현동 269-1,031-703-4649,127.122365025704,37.3846948699267,http://place.map.kakao.com/826667708,2026-10-08 10:51:32
카카오맵,성남시,"음식점 > 간식 > 제과,베이커리",카타리나,4.6,16,경기 성남시 분당구 느티로69번길 15,경기 성남시 분당구 정자동 68-13,,127.112261726775,37.3698388904539,http://place.map.kakao.com/250906729,2026-10-08 10:11:49
카카오맵,성남시,음식점 > 한식 > 국밥,콩뿌리,4.6,16,경기 성남시 분당구 운중로 132,경기 성남시 분당구 운중동 943,031-8016-6699,127.07761744868743,37.391241695363064,http://place.map.kakao.com/27441946,2026-10-08 10:59:01
카카오맵,성남시,음식점 > 일식 > 일식집,숙빙고,4.6,15,경기 성남시 분당구 정자일로 121,경기 성남시 분당구 정자동 174-1,070-7758-3501,127.10484736991633,37.36128414379949,http://place.map.kakao.com/1693130295,2026-10-08 09:31:40
카카오맵,성남시,"음식점 > 한식 > 육류,고기 > 닭요리 > 삼계탕",야탑골한방삼계탕,4.6,15,경기 성남시 분당구 매화로38번길 6,경기 성남시 분당구 야탑동 319-1,031-709-8599,127.134480012723,37.4107293328546,http://place.map.kakao.com/22297895,2026-10-08 13:03:02
카카오맵,성남시,음식점 > 양식 > 피자,예술피자 성남본점,4.6,15,경기 성남시 수정구 시민로 135,경기 성남시 수정구 신흥동 4506,031-752-7774,127.144052957093,37.4402092364816,http://place.map.kakao.com/1445178775,2026-10-08 14:27:45
카카오맵,성남시,음식점 > 중식 > 중국요리 > 탕화쿵푸마라탕,탕화쿵푸마라탕 야탑점,4.6,15,경기 성남시 분당구 야탑로69번길 24-8,경기 성남시 분당구 야탑동 353-5,,127.127629679103,37.4116307371817,http://place.map.kakao.com/529689326,2026-10-08 12:48:01
카카오맵,성남시,음식점 > 양식 > 피자 > 7번가피자,7번가피자 수내정자점,4.6,14,경기 성남시 분당구 돌마로356번길 3,경기 성남시 분당구 수내동 79-1,031-752-2777,127.12355071298903,37.369593370148166,http://place.map.kakao.com/27074797,2026-10-08 10:22:48
카카오맵,성남시,음식점 > 한식 > 해장국,본가용문해장국,4.6,14,경기 성남시 중원구 둔촌대로 111,경기 성남시 중원구 성남동 4100,031-722-0852,127.131313860228,37.4294812683196,http://place.map.kakao.com/23210174,2026-10-08 13:34:51
카카오맵,성남시,"음식점 > 한식 > 육류,고기 > 곱창,막창 > 세광양대창",세광양대창 분당수내점,4.6,14,경기 성남시 분당구 황새울로258번길 32,경기 성남시 분당구 수내동 7-6,031-714-5557,127.11609232257125,37.37943110665713,http://place.map.kakao.com/497600209,2026-10-08 10:39:07
카카오맵,성남시,"음식점 > 한식 > 육류,고기 > 곱창,막창",소통한우곱창 미금점,4.6,14,경기 성남시 분당구 미금일로74번길 29-2,경기 성남시 분당구 구미동 34-3,0502-5552-4152,127.111417466396,37.3485844574615,http://place.map.kakao.com/765912551,2026-10-08 09:09:55
카카오맵,성남시,"음식점 > 한식 > 해물,생선 > 회",싱싱회센타,4.6,14,경기 성남시 분당구 돌마로366번길 40,경기 성남시 분당구 수내동 74,031-711-3062,127.12621484698117,37.367480355171985,http://place.map.kakao.com/16302667,2026-10-08 11:56:22
카카오맵,성남시,"음식점 > 한식 > 육류,고기 > 오리",오리부인바람났네,4.6,14,경기 성남시 분당구 새마을로51번길 15,경기 성남시 분당구 서현동 140-3,031-781-4422,127.13747451423225,37.384174598753674,http://place.map.kakao.com/18460493,2026-10-08 12:14:55
카카오맵,성남시,음식점 > 분식 > 떡볶이,짱구즉석떡볶이,4.6,14,경기 성남시 수정구 위례광장로 328,경기 성남시 수정구 창곡동 508-2,031-757-0451,127.14300138360773,37.471314353852385,http://place.map.kakao.com/1038719211,2026-10-08 18:01:00
카카오맵,성남시,음식점 > 치킨 > 치킨마루,치킨마루 수내푸른마을점,4.6,14,경기 성남시 분당구 돌마로366번길 8,경기 성남시 분당구 수내동 75,031-712-2567,127.12376826405982,37.36939041195585,http://place.map.kakao.com/20305790,2026-10-08 10:22:45
카카오맵,성남시,"음식점 > 한식 > 육류,고기",판교화로,4.6,14,경기 성남시 분당구 운중로125번길 4-5,경기 성남시 분당구 운중동 976-4,031-707-0342,127.077568843788,37.3922923194305,http://place.map.kakao.com/1824692932,2026-10-08 10:58:44
카카오맵,성남시,음식점 > 양식,델리카운터213,4.6,13,경기 성남시 분당구 정자일로213번길 10,경기 성남시 분당구 정자동 12-3,031-708-0708,127.10572526073823,37.369903480584284,http://place.map.kakao.com/201690486,2026-10-08 10:08:44
카카오맵,성남시,음식점 > 한식 > 곰탕,돼지공탕 하우 정자점,4.6,13,경기 성남시 분당구 정자일로 135,경기 성남시 분당구 정자동 162-2,031-713-7655,127.10571977141099,37.36196814769969,http://place.map.kakao.com/1296542513,2026-10-08 09:35:06
카카오맵,성남시,음식점 > 분식,뚠뚜니네,4.6,13,경기 성남시 중원구 둔촌대로275번길 6-1,경기 성남시 중원구 하대원동 131-30,031-758-7677,127.14852884498,37.42990599343371,http://place.map.kakao.com/1373336782,2026-10-08 13:48:06
카카오맵,성남시,"음식점 > 한식 > 육류,고기 > 족발,보쌈",보쌈나무,4.6,13,경기 성남시 중원구 광명로 340,경기 성남시 중원구 금광동 1366,031-744-6007,127.16357295001207,37.44561334450715,http://place.map.kakao.com/516959449,2026-10-08 17:14:41
카카오맵,성남시,음식점 > 한식 > 냉면,분당제일밀면,4.6,13,경기 성남시 분당구 장미로 198,경기 성남시 분당구 야탑동 219-1,0502-5552-5668,127.142987661701,37.4124402959256,http://place.map.kakao.com/217637183,2026-10-08 13:12:52
카카오맵,성남시,"음식점 > 술집 > 호프,요리주점",쓰담,4.6,13,경기 성남시 분당구 미금일로74번길 21,경기 성남시 분당구 구미동 45-3,070-7718-1224,127.1115212565405,37.34779235528023,http://place.map.kakao.com/1203289788,2026-10-08 09:09:41
카카오맵,성남시,"음식점 > 한식 > 해물,생선 > 장어",유명풍천장어,4.6,13,경기 성남시 분당구 효자길 21,경기 성남시 분당구 서현동 327-8,031-706-1231,127.138198647077,37.3782098796304,http://place.map.kakao.com/2028006662,2026-10-08 12:15:06
카카오맵,성남시,"음식점 > 한식 > 해물,생선 > 게,대게",집게집 야탑직영점,4.6,13,경기 성남시 분당구 양현로 443,경기 성남시 분당구 야탑동 338-1,031-707-1245,127.131423240655,37.4170777436187,http://place.map.kakao.com/171902837,2026-10-08 13:17:04
카카오맵,성남시,"음식점 > 양식 > 멕시칸,브라질",칠리로29,4.6,13,경기 성남시 분당구 불곡남로29번길 1,경기 성남시 분당구 정자동 232-7,031-717-7229,127.124257259661,37.3571692774465,http://place.map.kakao.com/685537653,2026-10-08 09:28:56
카카오맵,성남시,"음식점 > 술집 > 호프,요리주점",콩쥐팥쥐,4.6,13,경기 성남시 분당구 황새울로360번길 12,경기 성남시 분당구 서현동 248-1,,127.125001308546,37.3865491212185,http://place.map.kakao.com/15961570,2026-10-08 12:17:16
카카오맵,성남시,음식점 > 양식 > 피자,피자베이비베이커스,4.6,13,경기 성남시 분당구 분당로53번길 21,경기 성남시 분당구 서현동 269-1,031-724-0119,127.122394366279,37.3846840272855,http://place.map.kakao.com/1107668992,2026-10-08 10:51:26
카카오맵,성남시,음식점 > 한식,나봄,4.6,12,경기 성남시 분당구 운중로 128,경기 성남시 분당구 운중동 944,031-8016-8999,127.07738256274021,37.391241849310774,http://place.map.kakao.com/23824714,2026-10-08 10:02:13
카카오맵,성남시,음식점 > 중식 > 중국요리,수내반점,4.6,12,경기 성남시 분당구 발이봉남로3번길 2,경기 성남시 분당구 수내동 95-1,,127.126028534901,37.3654298187595,http://place.map.kakao.com/1506602165,2026-10-08 11:55:12
카카오맵,성남시,"음식점 > 한식 > 육류,고기 > 삼겹살",여수아 솥뚜껑삼겹살,4.6,12,경기 성남시 수정구 청계산로4길 17-12,경기 성남시 수정구 고등동 613-2,031-757-3668,127.100887292088,37.4243248984945,http://place.map.kakao.com/512896603,2026-10-08 12:37:16
카카오맵,성남시,"음식점 > 한식 > 찌개,전골 > 옥된장",옥된장 오리점,4.6,12,경기 성남시 분당구 구미로9번길 3-10,경기 성남시 분당구 구미동 186-5,0507-1337-8256,127.10973888411081,37.33905583693589,http://place.map.kakao.com/1758627277,2026-10-08 08:55:51
카카오맵,성남시,음식점 > 샐러드,크리스피프레시 현대백화점판교점,4.6,12,경기 성남시 분당구 판교역로146번길 20,경기 성남시 분당구 백현동 541,031-5170-1575,127.11224309768521,37.39294386125538,http://place.map.kakao.com/701005957,2026-10-08 11:11:36
카카오맵,성남시,"음식점 > 한식 > 육류,고기",판교집 수내직영점,4.6,12,경기 성남시 분당구 백현로101번길 16,경기 성남시 분당구 수내동 19-4,0507-1343-6110,127.112952157277,37.3770482351715,http://place.map.kakao.com/1409633430,2026-10-08 10:31:52
카카오맵,성남시,"음식점 > 한식 > 찌개,전골",경원식당,4.6,11,경기 성남시 분당구 미금일로74번길 11,경기 성남시 분당구 구미동 56-5,031-711-1395,127.111519673388,37.3467219343092,http://place.map.kakao.com/858958250,2026-10-08 09:08:02
카카오맵,성남시,음식점 > 분식,다사랑분식,4.6,11,경기 성남시 중원구 원터로99번길 2,경기 성남시 중원구 성남동 2553,031-755-8730,127.142678313613,37.4357427710802,http://place.map.kakao.com/21549873,2026-10-08 14:18:24
카카오맵,성남시,음식점 > 한식 > 순대,담미순대국 판교본점,4.6,11,경기 성남시 분당구 판교공원로2길 38-1,경기 성남시 분당구 판교동 600-7,031-707-2175,127.093912668331,37.3894287328018,http://place.map.kakao.com/708782990,2026-10-08 11:03:40
카카오맵,성남시,음식점 > 간식 > 아이스크림 > 배스킨라빈스,배스킨라빈스 분당정자점,4.6,11,경기 성남시 분당구 내정로 58,경기 성남시 분당구 정자동 117-1,031-717-3819,127.11506787469703,37.36514545291935,http://place.map.kakao.com/9069312,2026-10-08 09:54:54
카카오맵,성남시,음식점 > 양식,쁘알레,4.6,11,경기 성남시 수정구 위례순환로 130,경기 성남시 수정구 창곡동 529,,127.14215760372272,37.47047743281964,http://place.map.kakao.com/2002246231,2026-10-08 17:53:38
카카오맵,성남시,"음식점 > 간식 > 제과,베이커리",시호쿠키,4.6,11,경기 성남시 분당구 불곡로 5,경기 성남시 분당구 정자동 221-4,,127.123477655442,37.3594569008816,http://place.map.kakao.com/320047715,2026-10-08 09:53:45
카카오맵,성남시,음식점 > 분식,알찬김밥,4.6,11,경기 성남시 분당구 내정로11번길 10-6,경기 성남시 분당구 정자동 134-1,070-7664-8943,127.113834302024,37.3615947999608,http://place.map.kakao.com/1016240821,2026-10-08 09:51:44
카카오맵,성남시,"음식점 > 한식 > 육류,고기 > 삼겹살",은박집,4.6,11,경기 성남시 분당구 정자일로 135,경기 성남시 분당구 정자동 162-2,031-712-1323,127.10555369231366,37.36186647999855,http://place.map.kakao.com/1670982752,2026-10-08 09:33:38
카카오맵,성남시,음식점 > 치킨 > 충만치킨,충만치킨 야탑점,4.6,11,경기 성남시 분당구 벌말로 44,경기 성남시 분당구 야탑동 272-2,031-702-5501,127.13864558504885,37.41183818086394,http://place.map.kakao.com/2116868087,2026-10-08 13:11:10
카카오맵,성남시,음식점 > 패스트푸드 > 샌드위치,하우스브란트 야탑점,4.6,11,경기 성남시 분당구 성남대로925번길 19,경기 성남시 분당구 야탑동 352-1,031-703-0449,127.12627261362596,37.41203134577252,http://place.map.kakao.com/16101969,2026-10-08 12:46:14
카카오맵,성남시,음식점 > 술집 > 일본식주점,루리재패니즈다이닝,4.6,10,경기 성남시 중원구 성남대로1140번길 15,경기 성남시 중원구 성남동 3475,010-2111-2886,127.131143801981,37.4317376014465,http://place.map.kakao.com/2063417576,2026-10-08 13:38:34
카카오맵,성남시,"음식점 > 일식 > 돈까스,우동",모란돈,4.6,10,경기 성남시 중원구 둔촌대로151번길 40,경기 성남시 중원구 성남동 4112,,127.131399320447,37.4298947398049,http://place.map.kakao.com/1392729561,2026-10-08 13:35:07
카카오맵,성남시,음식점 > 패스트푸드 > 샌드위치,샌드데이,4.6,10,경기 성남시 분당구 성남대로925번길 19,경기 성남시 분당구 야탑동 352-1,031-709-9117,127.126275072411,37.41215027765227,http://place.map.kakao.com/9089816,2026-10-08 12:53:04
카카오맵,성남시,음식점 > 샐러드 > 샐러디,샐러디 미금역점,4.6,10,경기 성남시 분당구 성남대로 151,경기 성남시 분당구 구미동 9-1,070-8845-1808,127.10811711199644,37.34918490185999,http://place.map.kakao.com/416132281,2026-10-08 09:16:41
카카오맵,성남시,"음식점 > 간식 > 제과,베이커리",올드몬트베이글 분당수내점,4.6,10,경기 성남시 분당구 내정로173번길 11,경기 성남시 분당구 수내동 29,0503-7154-9062,127.118188165456,37.3745634989188,http://place.map.kakao.com/2144220646,2026-10-08 10:26:36
카카오맵,성남시,음식점 > 한식,청국장과보리밥,4.5,412,경기 성남시 분당구 하오개로363번길 4,경기 성남시 분당구 운중동 324-1,031-705-3313,127.059593917921,37.3919882873891,http://place.map.kakao.com/17841917,2026-10-08 09:59:02
카카오맵,성남시,"음식점 > 한식 > 육류,고기 > 닭요리",초원의집,4.5,233,경기 성남시 수정구 수정로 460,경기 성남시 수정구 단대동 산 164-3,031-742-5449,127.15577549116676,37.461993470328466,http://place.map.kakao.com/10841403,2026-10-08 18:03:28
카카오맵,성남시,음식점 > 한식 > 한정식,안집,4.5,190,경기 성남시 분당구 새마을로51번길 3,경기 성남시 분당구 서현동 136-12,031-724-1000,127.13648222457303,37.38368198739747,http://place.map.kakao.com/9236739,2026-10-08 12:12:38
카카오맵,성남시,음식점 > 술집 > 일본식주점 > 야키토리잔잔,야키토리잔잔 서현역점,4.5,176,경기 성남시 분당구 황새울로335번길 8,경기 성남시 분당구 서현동 260-4,031-703-0877,127.12212648217142,37.38660438436279,http://place.map.kakao.com/1407616315,2026-10-08 11:22:00
카카오맵,성남시,"음식점 > 한식 > 해물,생선 > 회",자연횟집 판교,4.5,148,경기 성남시 분당구 판교역로 235,경기 성남시 분당구 삼평동 681,031-737-7900,127.10864594007738,37.40206645815382,http://place.map.kakao.com/809385645,2026-10-08 11:45:01
카카오맵,성남시,음식점 > 퓨전요리 > 퓨전한식,고미고미,4.5,136,경기 성남시 분당구 중앙공원로31번길 42,경기 성남시 분당구 서현동 89,031-707-8655,127.125429309126,37.3831824455539,http://place.map.kakao.com/27313036,2026-10-08 12:09:10
카카오맵,성남시,음식점 > 중식 > 중국요리,하이보 위례점,4.5,126,경기 성남시 수정구 위례광장로 310,경기 성남시 수정구 창곡동 509-1,031-759-1003,127.14286499159266,37.472709281803446,http://place.map.kakao.com/1355933282,2026-10-08 18:01:21
카카오맵,성남시,"음식점 > 간식 > 제과,베이커리",키로베이커리,4.5,119,경기 성남시 분당구 판교역로2번길 14,경기 성남시 분당구 백현동 583,031-709-5731,127.11273084594868,37.384579203893054,http://place.map.kakao.com/1407849860,2026-10-08 10:34:47
카카오맵,성남시,음식점 > 한식 > 한정식,송이와은어향기,4.5,106,경기 성남시 수정구 대왕판교로 962,경기 성남시 수정구 시흥동 164-1,031-758-6600,127.10268375886322,37.42609204842665,http://place.map.kakao.com/22645874,2026-10-08 12:39:37
카카오맵,성남시,음식점 > 퓨전요리 > 니뽕내뽕,니뽕내뽕 서현점,4.5,102,경기 성남시 분당구 분당로53번길 13,경기 성남시 분당구 서현동 269-4,0507-1486-2848,127.12176237353809,37.38419452303137,http://place.map.kakao.com/26350348,2026-10-08 10:47:13
카카오맵,성남시,"음식점 > 한식 > 육류,고기 > 불고기,두루치기",불고기미식관,4.5,95,경기 성남시 분당구 느티로 27,경기 성남시 분당구 정자동 15-7,0507-1313-8121,127.10729643493681,37.36889291694644,http://place.map.kakao.com/195183718,2026-10-08 10:10:22
카카오맵,성남시,음식점 > 양식 > 햄버거,버거부기,4.5,83,경기 성남시 수정구 복정로 43,경기 성남시 수정구 복정동 689-7,0502-5554-0447,127.12696052809723,37.45685343030205,http://place.map.kakao.com/770468009,2026-10-08 16:54:58
카카오맵,성남시,"음식점 > 일식 > 돈까스,우동",투쿡,4.5,83,경기 성남시 분당구 성남대로 151,경기 성남시 분당구 구미동 9-1,031-714-0509,127.108276392197,37.3492847703713,http://place.map.kakao.com/524949660,2026-10-08 09:15:14
카카오맵,성남시,"음식점 > 한식 > 육류,고기 > 닭요리",유담 솥뚜껑닭볶음탕 분당정자본점,4.5,80,경기 성남시 분당구 내정로119번길 6,경기 성남시 분당구 정자동 50-6,031-717-9777,127.11493938103989,37.371195064990815,http://place.map.kakao.com/317594752,2026-10-08 10:21:00
카카오맵,성남시,음식점 > 샤브샤브,소담촌 미금점,4.5,76,경기 성남시 분당구 돌마로 85,경기 성남시 분당구 금곡동 152,031-711-4555,127.111347824216,37.3503379248323,http://place.map.kakao.com/1105781621,2026-10-08 09:23:38
카카오맵,성남시,음식점 > 한식,88스지,4.5,75,경기 성남시 중원구 성남대로1140번길 26,경기 성남시 중원구 성남동 3414,031-756-1625,127.132249323989,37.4320282989227,http://place.map.kakao.com/1369204861,2026-10-08 13:41:02
카카오맵,성남시,음식점 > 샤브샤브,소담촌 야탑점,4.5,75,경기 성남시 분당구 성남대로916번길 5,경기 성남시 분당구 야탑동 366-1,031-707-0111,127.12985237704417,37.411464331408624,http://place.map.kakao.com/115877493,2026-10-08 12:51:18
카카오맵,성남시,"음식점 > 간식 > 제과,베이커리",몽스베이커리 정자역점,4.5,74,경기 성남시 분당구 성남대로331번길 3-13,경기 성남시 분당구 정자동 156-3,031-711-6431,127.1077842899485,37.36426930851943,http://place.map.kakao.com/1941152328,2026-10-08 09:46:15
카카오맵,성남시,음식점 > 철판요리,청계산 달판,4.5,74,경기 성남시 수정구 적푸리로 7,경기 성남시 수정구 상적동 124-1,031-753-8788,127.081569229708,37.4333715984317,http://place.map.kakao.com/1652704587,2026-10-08 12:39:12
카카오맵,성남시,음식점 > 양식 > 이탈리안,라벨로,4.5,65,경기 성남시 수정구 위례광장로 310,경기 성남시 수정구 창곡동 509-1,031-755-0729,127.1424297938669,37.472729629391,http://place.map.kakao.com/94954444,2026-10-08 17:56:09
카카오맵,성남시,"음식점 > 한식 > 육류,고기",우몽블랙 분당정자점,4.5,61,경기 성남시 분당구 정자일로 120,경기 성남시 분당구 정자동 170-1,031-716-0218,127.106208681052,37.360458489630844,http://place.map.kakao.com/1943706894,2026-10-08 09:29:44
카카오맵,성남시,"음식점 > 일식 > 초밥,롤",스시언,4.5,60,경기 성남시 분당구 정자일로213번길 18,경기 성남시 분당구 정자동 12-2,010-7132-9069,127.10562646238571,37.370294613954606,http://place.map.kakao.com/957404322,2026-10-08 10:07:58
카카오맵,성남시,음식점 > 일식 > 삼동소바,삼동소바 분당구미점,4.5,59,경기 성남시 분당구 구미로 191,경기 성남시 분당구 구미동 289-3,031-697-8188,127.127829129793,37.3441555231519,http://place.map.kakao.com/1579921395,2026-10-08 11:54:32
카카오맵,성남시,"음식점 > 일식 > 돈까스,우동",돈가스맘,4.5,55,경기 성남시 분당구 발이봉로 10,경기 성남시 분당구 수내동 94-7,031-716-1617,127.12691942331276,37.365553207771605,http://place.map.kakao.com/22045029,2026-10-08 11:55:42
카카오맵,성남시,"음식점 > 한식 > 육류,고기",예우,4.5,55,경기 성남시 분당구 수내로 39,경기 성남시 분당구 수내동 1-1,031-607-9220,127.11755755540817,37.38139839648758,http://place.map.kakao.com/121753059,2026-10-08 10:42:47
카카오맵,성남시,"음식점 > 간식 > 제과,베이커리",몽스베이커리 전원마을 본점,4.5,54,경기 성남시 분당구 불정로 168,경기 성남시 분당구 정자동 219-2,031-717-1165,127.12307505568424,37.35968708235356,http://place.map.kakao.com/408021086,2026-10-08 09:53:38
카카오맵,성남시,"음식점 > 한식 > 육류,고기 > 갈비",성원식당,4.5,50,경기 성남시 중원구 산성대로80번길 5,경기 성남시 중원구 성남동 4153,031-755-3197,127.128241781322,37.4327571313542,http://place.map.kakao.com/21542807,2026-10-08 13:30:26
카카오맵,성남시,음식점 > 중식 > 중국요리,탑차이나,4.5,48,경기 성남시 분당구 판교로 645,경기 성남시 분당구 야탑동 162,031-709-1119,127.14492430951067,37.406276768452365,http://place.map.kakao.com/372042549,2026-10-08 13:09:51
카카오맵,성남시,음식점 > 아시아음식 > 동남아음식 > 베트남음식,포레스트오늘숲 서판교점,4.5,48,경기 성남시 분당구 운중로146번길 35,경기 성남시 분당구 운중동 1027-3,031-701-6506,127.082473100728,37.3900589700013,http://place.map.kakao.com/1015953794,2026-10-08 10:56:25
카카오맵,성남시,"음식점 > 일식 > 돈까스,우동",바삭돈카츠 서현점,4.5,47,경기 성남시 분당구 황새울로330번길 18,경기 성남시 분당구 서현동 271-5,031-706-5795,127.12137683962479,37.3845895675409,http://place.map.kakao.com/76916503,2026-10-08 10:47:06
카카오맵,성남시,"음식점 > 한식 > 육류,고기",분당모소리,4.5,47,경기 성남시 분당구 미금일로86번길 12-8,경기 성남시 분당구 구미동 50-1,,127.110851225493,37.3472712892503,http://place.map.kakao.com/686348544,2026-10-08 09:07:56
카카오맵,성남시,음식점 > 한식 > 국수 > 칼국수,삼호손칼국수,4.5,47,경기 성남시 수정구 위례광장로 19,경기 성남시 수정구 창곡동 562,031-757-7790,127.14030834302713,37.46572230873594,http://place.map.kakao.com/1343609188,2026-10-08 17:43:29
카카오맵,성남시,"음식점 > 한식 > 해물,생선",목포명가 판교점,4.5,45,경기 성남시 분당구 분당내곡로 159,경기 성남시 분당구 삼평동 658,031-707-6233,127.11261422187583,37.39795318873215,http://place.map.kakao.com/1949243901,2026-10-08 11:33:24
카카오맵,성남시,음식점 > 한식 > 국밥,본가 할매순대국 서현점,4.5,43,경기 성남시 분당구 황새울로351번길 10,경기 성남시 분당구 서현동 254-4,031-707-6251,127.12328673331723,37.38764386182063,http://place.map.kakao.com/1738734709,2026-10-08 11:24:08
카카오맵,성남시,음식점 > 치킨,용천통닭,4.5,43,경기 성남시 분당구 돌마로 52,경기 성남시 분당구 구미동 8-2,031-711-0013,127.10762361270767,37.34977372359645,http://place.map.kakao.com/1926499889,2026-10-08 09:15:28
카카오맵,성남시,"음식점 > 한식 > 육류,고기 > 족발,보쌈 > 더맛있는족발보쌈",더맛있는족발보쌈 야탑점,4.5,39,경기 성남시 분당구 야탑로105번길 12-1,경기 성남시 분당구 야탑동 370-3,031-709-4999,127.130639843611,37.4109066341162,http://place.map.kakao.com/1323063863,2026-10-08 12:51:25
카카오맵,성남시,"음식점 > 한식 > 육류,고기 > 족발,보쌈",항아리보쌈 분당정자점,4.5,38,경기 성남시 분당구 내정로119번길 11,경기 성남시 분당구 정자동 53-2,031-712-4119,127.114386487326,37.3713902224786,http://place.map.kakao.com/18747547,2026-10-08 10:20:08
카카오맵,성남시,"음식점 > 한식 > 육류,고기",마초생고기,4.5,36,경기 성남시 분당구 미금일로86번길 16,경기 성남시 분당구 구미동 52-1,031-719-1133,127.11045641103537,37.34740501083523,http://place.map.kakao.com/1333134023,2026-10-08 09:07:27
카카오맵,성남시,"음식점 > 일식 > 초밥,롤",서현초밥,4.5,36,경기 성남시 분당구 서현로 192,경기 성남시 분당구 서현동 251-1,031-701-8433,127.12457453994496,37.38795336506385,http://place.map.kakao.com/1130696700,2026-10-08 11:25:12
카카오맵,성남시,음식점 > 양식 > 피자,피제리아 살레르노 서판교점,4.5,36,경기 성남시 분당구 판교공원로3길 35,경기 성남시 분당구 판교동 616-6,031-709-7499,127.09016326928636,37.39102555996761,http://place.map.kakao.com/1363058678,2026-10-08 11:05:04
카카오맵,성남시,음식점 > 일식 > 일본식라면,후쿠오카라멘데파토 본점,4.5,35,경기 성남시 분당구 야탑로69번길 8,경기 성남시 분당구 야탑동 355-4,031-8016-4232,127.12682582054346,37.41052334867667,http://place.map.kakao.com/354964341,2026-10-08 12:44:54
카카오맵,성남시,음식점 > 일식 > 일식집,동경키친슈,4.5,34,경기 성남시 분당구 백현로101번길 17,경기 성남시 분당구 수내동 20-2,,127.11251021617528,37.377480247119976,http://place.map.kakao.com/439228056,2026-10-08 10:32:03
카카오맵,성남시,음식점 > 한식 > 곰탕,동봉관 분당점,4.5,34,경기 성남시 분당구 정자일로 121,경기 성남시 분당구 정자동 174-1,031-607-7931,127.10502490314474,37.36150653994741,http://place.map.kakao.com/1954877480,2026-10-08 09:31:21
카카오맵,성남시,음식점 > 치킨,서울치킨,4.5,33,경기 성남시 분당구 구미로9번길 1,경기 성남시 분당구 구미동 185-7,031-716-4733,127.11007066045086,37.33828514780719,http://place.map.kakao.com/21684674,2026-10-08 08:55:27
카카오맵,성남시,음식점 > 술집 > 와인바,와인플레이 분당점,4.5,33,경기 성남시 분당구 쇳골로 7,경기 성남시 분당구 금곡동 91-1,031-609-3011,127.100659991926,37.3625113758105,http://place.map.kakao.com/1685568636,2026-10-08 09:12:47
카카오맵,성남시,"음식점 > 간식 > 제과,베이커리",가온길빵아저씨,4.5,32,경기 성남시 분당구 매화로 50,경기 성남시 분당구 야탑동 290-4,010-2211-7961,127.134165930639,37.4119586796336,http://place.map.kakao.com/56840299,2026-10-08 13:04:11
카카오맵,성남시,음식점 > 중식 > 양꼬치,램타운양꼬치,4.5,31,경기 성남시 수정구 위례광장로 320,경기 성남시 수정구 창곡동 509-2,031-756-5111,127.14292390346769,37.47218211994328,http://place.map.kakao.com/1202118581,2026-10-08 18:01:24
카카오맵,성남시,"음식점 > 간식 > 제과,베이커리",르 분당,4.5,31,경기 성남시 분당구 매화로55번길 5,경기 성남시 분당구 야탑동 383-18,0502-5553-3099,127.133240714036,37.4125408831217,http://place.map.kakao.com/1260623016,2026-10-08 13:06:51
카카오맵,성남시,음식점 > 샐러드,폴인포케 보울 앤 샐러드 서현점,4.5,31,경기 성남시 분당구 분당로53번길 12,경기 성남시 분당구 서현동 268-5,031-707-8707,127.121996391995,37.3836725893566,http://place.map.kakao.com/723156540,2026-10-08 10:44:03
카카오맵,성남시,음식점 > 양식 > 피자,호미스피자,4.5,31,경기 성남시 분당구 내정로129번길 9,경기 성남시 분당구 정자동 48-2,031-712-7181,127.11521946688985,37.3720012100912,http://place.map.kakao.com/1405234556,2026-10-08 10:21:11
카카오맵,성남시,"음식점 > 한식 > 육류,고기",강돈,4.5,30,경기 성남시 수정구 청계산로2길 31,경기 성남시 수정구 고등동 596-7,031-759-9233,127.09600243774122,37.42714644698445,http://place.map.kakao.com/106978740,2026-10-08 12:37:08
카카오맵,성남시,음식점 > 술집,희야식당,4.5,30,경기 성남시 분당구 정자일로 140,경기 성남시 분당구 정자동 166-1,031-719-2329,127.10638084571411,37.36247393205433,http://place.map.kakao.com/395506367,2026-10-08 09:35:15
카카오맵,성남시,"음식점 > 간식 > 제과,베이커리",돌체카페,4.5,29,경기 성남시 분당구 판교역로14번길 27,경기 성남시 분당구 백현동 565-2,,127.11099857058377,37.386013469392346,http://place.map.kakao.com/1745983813,2026-10-08 10:35:27
카카오맵,성남시,"음식점 > 한식 > 해물,생선",보스쭈꾸미 본점,4.5,29,경기 성남시 분당구 정자일로 162,경기 성남시 분당구 정자동 159-4,010-4163-8822,127.106313895165,37.3646265447098,http://place.map.kakao.com/1800758327,2026-10-08 09:40:04
카카오맵,성남시,음식점 > 양식 > 이탈리안,콘비노,4.5,29,경기 성남시 분당구 돌마로522번길 10-1,경기 성남시 분당구 서현동 325-6,010-2700-9166,127.137489972251,37.3790351425645,http://place.map.kakao.com/15239464,2026-10-08 12:14:19
카카오맵,성남시,"음식점 > 일식 > 초밥,롤",미스터스시 정자점,4.5,28,경기 성남시 분당구 정자일로213번길 10,경기 성남시 분당구 정자동 12-3,031-714-6679,127.10570435201531,37.369484522354114,http://place.map.kakao.com/395250465,2026-10-08 10:06:31
카카오맵,성남시,"음식점 > 한식 > 육류,고기",우대포 분당직영점,4.5,28,,경기 성남시 분당구 서현동 261-6,0507-1335-6139,127.1217593866941,37.38583889337056,http://place.map.kakao.com/1453370999,2026-10-08 10:49:28
카카오맵,성남시,"음식점 > 간식 > 제과,베이커리",크로아상랩 정자엠코점,4.5,28,경기 성남시 분당구 정자일로 146,경기 성남시 분당구 정자동 165-1,,127.106353667736,37.3632127983558,http://place.map.kakao.com/1066407963,2026-10-08 09:38:06
카카오맵,성남시,음식점 > 한식 > 설렁탕,청담설렁탕 성남점,4.5,27,경기 성남시 중원구 광명로 44-1,경기 성남시 중원구 성남동 3290,031-755-0115,127.134141302504,37.4336155588212,http://place.map.kakao.com/1624694968,2026-10-08 13:51:40
카카오맵,성남시,"음식점 > 한식 > 해물,생선 > 매운탕,해물탕",갯마을해물탕,4.5,25,경기 성남시 수정구 위례광장로 27,경기 성남시 수정구 창곡동 547-2,031-751-1357,127.14010147642134,37.4669299083432,http://place.map.kakao.com/504475763,2026-10-08 17:50:19
카카오맵,성남시,음식점 > 퓨전요리,문,4.5,25,경기 성남시 중원구 광명로16번길 16,경기 성남시 중원구 성남동 3473,031-758-4047,127.13115080125095,37.43186373590284,http://place.map.kakao.com/282831668,2026-10-08 13:38:00
카카오맵,성남시,음식점 > 분식 > 떡볶이 > 신전떡볶이,신전떡볶이 삼평점,4.5,25,경기 성남시 분당구 대왕판교로606번길 58,경기 성남시 분당구 삼평동 741,031-703-8259,127.113555674018,37.3954195170845,http://place.map.kakao.com/1471953752,2026-10-08 11:28:10
카카오맵,성남시,음식점 > 간식 > 도넛,올드페리도넛 정자점,4.5,25,경기 성남시 분당구 정자일로 135,경기 성남시 분당구 정자동 162-2,031-607-4137,127.10563539663,37.362172756173,http://place.map.kakao.com/1032367731,2026-10-08 09:33:26
카카오맵,성남시,음식점 > 양식 > 피자,피자이딸리아나 본점,4.5,25,경기 성남시 분당구 발이봉북로 3,경기 성남시 분당구 수내동 87-3,031-714-5060,127.127769492186,37.3669002274181,http://place.map.kakao.com/1287898264,2026-10-08 11:56:57
카카오맵,성남시,음식점 > 양식 > 햄버거,리듬앤버거,4.5,24,경기 성남시 분당구 판교역로192번길 14-2,경기 성남시 분당구 삼평동 660,031-8039-7227,127.112043180703,37.3974734868566,http://place.map.kakao.com/1860528967,2026-10-08 11:35:00
카카오맵,성남시,음식점 > 한식 > 국수,세복막국수,4.5,24,경기 성남시 중원구 산성대로 388,경기 성남시 중원구 금광동 4402,031-733-1252,127.158104071267,37.4464776504926,http://place.map.kakao.com/1526083220,2026-10-08 17:08:53
카카오맵,성남시,"음식점 > 일식 > 돈까스,우동",카츠선,4.5,24,경기 성남시 수정구 복정로 64,경기 성남시 수정구 복정동 686-5,031-758-5076,127.12684803580362,37.45850690814648,http://place.map.kakao.com/1858641057,2026-10-08 16:55:43
카카오맵,성남시,"음식점 > 한식 > 해물,생선 > 회",회짱포짱,4.5,24,경기 성남시 분당구 분당로263번길 67,경기 성남시 분당구 서현동 323,031-701-8547,127.141824543967,37.37366352330709,http://place.map.kakao.com/15383736,2026-10-08 12:04:30
카카오맵,성남시,"음식점 > 간식 > 제과,베이커리",샹피니제과점,4.5,23,경기 성남시 분당구 내정로174번길 42,경기 성남시 분당구 수내동 53,031-714-4244,127.122550571146,37.3710396553953,http://place.map.kakao.com/21228082,2026-10-08 10:22:14
카카오맵,성남시,"음식점 > 한식 > 찌개,전골",애햄부대찌개 성남본점,4.5,23,경기 성남시 중원구 성남대로997번길 27-8,경기 성남시 중원구 여수동 222,031-758-0288,127.12499011391891,37.41856689477557,http://place.map.kakao.com/457415781,2026-10-08 12:35:15
카카오맵,성남시,"음식점 > 간식 > 제과,베이커리",휴유,4.5,23,경기 성남시 분당구 성남대로 151,경기 성남시 분당구 구미동 9-1,0507-1350-7144,127.10812239980952,37.348937114117746,http://place.map.kakao.com/43177733,2026-10-08 09:15:31
카카오맵,성남시,음식점 > 중식 > 양꼬치,남북마라탕&양꼬치,4.5,22,경기 성남시 분당구 황새울로214번길 8,경기 성남시 분당구 수내동 21-1,031-714-5049,127.11248035880844,37.37790015287001,http://place.map.kakao.com/1672130494,2026-10-08 10:31:56
카카오맵,성남시,음식점 > 일식,아이노쇼텐,4.5,22,경기 성남시 분당구 정자일로 136,경기 성남시 분당구 정자동 166-2,,127.106352192704,37.3621676087158,http://place.map.kakao.com/769634247,2026-10-08 09:34:46
카카오맵,성남시,음식점 > 중식 > 중국요리,영웅짬뽕 미금역점,4.5,22,경기 성남시 분당구 돌마로 68,경기 성남시 분당구 구미동 23-1,,127.109547756749,37.3496467144411,http://place.map.kakao.com/1870687764,2026-10-08 09:17:55
카카오맵,성남시,음식점 > 중식 > 중국요리,남가일몽,4.5,21,경기 성남시 분당구 매화로55번길 6-3,경기 성남시 분당구 야탑동 381-6,0507-1437-3558,127.133242146844,37.4127120750942,http://place.map.kakao.com/1350153589,2026-10-08 13:07:04
카카오맵,성남시,음식점 > 일식,히사,4.5,21,경기 성남시 중원구 광명로 367,경기 성남시 중원구 금광동 3118,070-8691-1211,127.16667188269422,37.44675150000573,http://place.map.kakao.com/817350995,2026-10-08 17:20:34
카카오맵,성남시,"음식점 > 한식 > 육류,고기",이치류 분당정자점,4.5,20,경기 성남시 분당구 정자일로 121,경기 성남시 분당구 정자동 174-1,031-719-7992,127.105542792246,37.3613375869538,http://place.map.kakao.com/2027750610,2026-10-08 09:31:27
카카오맵,성남시,음식점 > 중식 > 중국요리,판다 짜장면집,4.5,20,경기 성남시 중원구 성남대로997번길 45-4,경기 성남시 중원구 여수동 331,031-757-2358,127.125256437634,37.4177214579486,http://place.map.kakao.com/220609116,2026-10-08 13:13:27
카카오맵,성남시,"음식점 > 일식 > 돈까스,우동",호니도니 성남점,4.5,20,경기 성남시 중원구 광명로 89,경기 성남시 중원구 성남동 1404,031-752-5222,127.13826086048329,37.43543536837071,http://place.map.kakao.com/173143635,2026-10-08 14:13:08
카카오맵,성남시,음식점 > 한식,88스지,4.5,19,경기 성남시 분당구 야탑로111번길 22,경기 성남시 분당구 야탑동 373-10,,127.131346901013,37.4115284549097,http://place.map.kakao.com/1272411717,2026-10-08 13:01:02
카카오맵,성남시,음식점 > 한식 > 두부전문점,두부진미 본점,4.5,19,경기 성남시 중원구 성남대로997번길 51-5,경기 성남시 중원구 여수동 321,031-757-0081,127.125077283824,37.4173197935317,http://place.map.kakao.com/1854546859,2026-10-08 13:13:16
카카오맵,성남시,"음식점 > 간식 > 제과,베이커리 > 뚜레쥬르",뚜레쥬르 분당미금점,4.5,19,경기 성남시 분당구 정자일로 25,경기 성남시 분당구 금곡동 206,031-712-2977,127.10567249844334,37.35240468362735,http://place.map.kakao.com/15683972,2026-10-08 09:14:12
카카오맵,성남시,음식점 > 한식,본가철판볶음밥,4.5,19,경기 성남시 수정구 산성대로265번길 9,경기 성남시 수정구 신흥동 4151,031-743-5866,127.146011342188,37.4414259059782,http://place.map.kakao.com/1303488791,2026-10-08 14:33:48
카카오맵,성남시,음식점 > 양식,칠리로29 판교점,4.5,19,경기 성남시 분당구 판교공원로1길 69,경기 성남시 분당구 판교동 602-1,031-778-6463,127.09122079999591,37.39054450391926,http://place.map.kakao.com/817384546,2026-10-08 11:02:19
카카오맵,성남시,"음식점 > 한식 > 해물,생선 > 아구",군산아구찜탕,4.5,18,경기 성남시 중원구 둔촌대로389번길 4,경기 성남시 중원구 상대원동 1968,031-732-7222,127.16036602298506,37.43377793817253,http://place.map.kakao.com/1678427705,2026-10-08 14:40:42
카카오맵,성남시,"음식점 > 일식 > 초밥,롤",스시요코우,4.5,18,경기 성남시 분당구 정자일로 177,경기 성남시 분당구 정자동 24,031-717-5416,127.105415201793,37.3661545886185,http://place.map.kakao.com/736123958,2026-10-08 09:42:07
카카오맵,성남시,음식점 > 아시아음식 > 동남아음식 > 베트남음식,냐벱인다낭,4.5,17,경기 성남시 수정구 위례광장로 21-10,경기 성남시 수정구 창곡동 547-9,,127.139522458558,37.4655763744965,http://place.map.kakao.com/591678627,2026-10-08 17:42:08
카카오맵,성남시,음식점 > 양식 > 이탈리안,더식당파이팅,4.5,17,경기 성남시 분당구 성남대로331번길 3-13,경기 성남시 분당구 정자동 156-3,031-711-9106,127.107783264195,37.3643413915691,http://place.map.kakao.com/1587576756,2026-10-08 09:47:16
카카오맵,성남시,"음식점 > 한식 > 육류,고기",라무진 서현역점,4.5,17,경기 성남시 분당구 서현로 192,경기 성남시 분당구 서현동 251-1,031-701-6544,127.12442183921841,37.38779764889826,http://place.map.kakao.com/1554353064,2026-10-08 11:25:16
카카오맵,성남시,"음식점 > 한식 > 육류,고기",마장동김씨 분당야탑점,4.5,17,경기 성남시 분당구 야탑로105번길 12-9,경기 성남시 분당구 야탑동 370-6,0507-1355-9675,127.13076914982297,37.411215540718345,http://place.map.kakao.com/1578564186,2026-10-08 12:51:21
카카오맵,성남시,음식점 > 중식 > 중국요리,봉짜장 본점,4.5,17,경기 성남시 중원구 은이로7번길 2,경기 성남시 중원구 은행동 1023,031-735-5669,127.16531483974308,37.457625923118094,http://place.map.kakao.com/748012939,2026-10-08 17:33:37
카카오맵,성남시,"음식점 > 한식 > 찌개,전골",서가네의정부부대찌개,4.5,17,경기 성남시 분당구 운중로 142,경기 성남시 분당구 운중동 940,031-706-5656,127.07883590819021,37.391230077062666,http://place.map.kakao.com/12055388,2026-10-08 10:59:14
카카오맵,성남시,음식점 > 중식 > 양꼬치,심양 정자점,4.5,17,경기 성남시 분당구 정자일로 140,경기 성남시 분당구 정자동 166-1,,127.106491649034,37.3625999760811,http://place.map.kakao.com/5339640,2026-10-08 09:34:58
카카오맵,성남시,음식점 > 중식 > 중국요리,야탑반점,4.5,17,경기 성남시 분당구 매화로47번길 7,경기 성남시 분당구 야탑동 383-11,,127.133242588227,37.4116858140596,http://place.map.kakao.com/843155823,2026-10-08 13:02:36
카카오맵,성남시,음식점 > 양식 > 햄버거,지티에스버거 위례트램점,4.5,17,경기 성남시 수정구 위례광장로 70,경기 성남시 수정구 창곡동 530,031-757-9994,127.14177663940347,37.47047608850279,http://place.map.kakao.com/329907885,2026-10-08 17:53:28
카카오맵,성남시,"음식점 > 한식 > 해물,생선 > 추어",금강산추어탕,4.5,16,경기 성남시 중원구 산성대로80번길 8,경기 성남시 중원구 성남동 4949,031-753-1997,127.12784618813221,37.432678270478156,http://place.map.kakao.com/9743569,2026-10-08 13:25:45
카카오맵,성남시,"음식점 > 일식 > 돈까스,우동",나니와테이,4.5,16,경기 성남시 분당구 분당로53번길 15,경기 성남시 분당구 서현동 269-3,031-608-6552,127.12214071550173,37.38424098609012,http://place.map.kakao.com/2047783984,2026-10-08 10:51:22
카카오맵,성남시,음식점 > 아시아음식 > 동남아음식 > 베트남음식,더빛남 남위례역점,4.5,16,경기 성남시 수정구 위례광장로 9-10,경기 성남시 수정구 창곡동 561-2,070-7537-1610,127.140652698782,37.4649001775929,http://place.map.kakao.com/267719835,2026-10-08 17:43:32
카카오맵,성남시,"음식점 > 간식 > 제과,베이커리",스마일명품찹쌀꽈배기 위례신도시점,4.5,16,경기 성남시 수정구 위례동로 109,경기 성남시 수정구 창곡동 523-8,031-757-8201,127.15004300731334,37.469602713720484,http://place.map.kakao.com/2109055372,2026-10-08 18:04:42
카카오맵,성남시,음식점 > 양식,어썸,4.5,16,경기 성남시 수정구 위례광장로 82,경기 성남시 수정구 창곡동 507,,127.1416060878021,37.47115295142014,http://place.map.kakao.com/148926171,2026-10-08 17:55:38
카카오맵,성남시,음식점 > 치킨 > BBQ,BBQ 성남중앙점,4.5,15,경기 성남시 중원구 희망로 446,경기 성남시 중원구 금광동 3,031-746-9944,127.15744036091712,37.44469362862589,http://place.map.kakao.com/1802401684,2026-10-08 17:03:14
카카오맵,성남시,음식점 > 아시아음식 > 동남아음식 > 태국음식,나나방콕 위례점,4.5,15,경기 성남시 수정구 위례순환로4길 23,경기 성남시 수정구 창곡동 524-7,031-755-7374,127.149711101866,37.4692580478624,http://place.map.kakao.com/387230943,2026-10-08 18:03:49
카카오맵,성남시,음식점 > 한식 > 국수,내밀힘,4.5,15,경기 성남시 분당구 불정로 260,경기 성남시 분당구 수내동 88-5,,127.1275005550106,37.36674644219258,http://place.map.kakao.com/1370544930,2026-10-08 11:57:00
카카오맵,성남시,음식점 > 한식,더뭉티기,4.5,15,경기 성남시 분당구 성남대로 295,경기 성남시 분당구 정자동 168-1,031-718-5398,127.107803992892,37.3630493006342,http://place.map.kakao.com/1743395013,2026-10-08 09:46:23
카카오맵,성남시,"음식점 > 간식 > 제과,베이커리",더베이글마켓,4.5,15,경기 성남시 분당구 판교역로 136,경기 성남시 분당구 백현동 540,,127.110425325344,37.3924310891004,http://place.map.kakao.com/601153806,2026-10-08 11:10:13
카카오맵,성남시,음식점 > 술집 > 일본식주점,오파츠,4.5,15,경기 성남시 중원구 둔촌대로101번길 16-9,경기 성남시 중원구 성남동 3531,070-8822-5684,127.130645815559,37.4312516042452,http://place.map.kakao.com/1762369028,2026-10-08 13:27:58
카카오맵,성남시,음식점 > 한식,육전과된장찌개가 맛있는진된장 본점,4.5,15,경기 성남시 분당구 내정로129번길 6-1,경기 성남시 분당구 정자동 47-5,0507-1391-9083,127.1156268935452,37.37191521508054,http://place.map.kakao.com/104942330,2026-10-08 10:21:21
카카오맵,성남시,음식점 > 중식 > 중국요리,일품교동짬뽕 성남점,4.5,15,경기 성남시 중원구 제일로53번길 14,경기 성남시 중원구 성남동 3745,031-722-1360,127.13455341316372,37.43155356633869,http://place.map.kakao.com/340504552,2026-10-08 13:45:07
카카오맵,성남시,음식점 > 한식 > 순대,정백선순대 판교역점,4.5,15,경기 성남시 분당구 대왕판교로606번길 58,경기 성남시 분당구 삼평동 741,,127.113554546055,37.3954204191807,http://place.map.kakao.com/881553746,2026-10-08 11:27:38
카카오맵,성남시,음식점 > 술집 > 일본식주점,쇼란,4.5,14,경기 성남시 분당구 돌마로 75,경기 성남시 분당구 금곡동 154,031-717-8616,127.1105083881071,37.35052702693638,http://place.map.kakao.com/1217390291,2026-10-08 09:23:52
카카오맵,성남시,"음식점 > 한식 > 육류,고기 > 닭요리",숯닭 미금점,4.5,14,경기 성남시 분당구 미금일로90번길 36-5,경기 성남시 분당구 구미동 29-1,031-715-5888,127.11054142499944,37.3491961767984,http://place.map.kakao.com/2075265444,2026-10-08 09:22:01
카카오맵,성남시,음식점 > 한식 > 국수 > 칼국수,아름멸치국수칼국수,4.5,14,경기 성남시 분당구 판교로 444,경기 성남시 분당구 이매동 131-7,031-705-6911,127.12310300912,37.4051121553336,http://place.map.kakao.com/406582267,2026-10-08 12:31:05
카카오맵,성남시,음식점 > 한식 > 국수 > 칼국수,이맹순 생바지락칼국수,4.5,14,경기 성남시 분당구 미금로 48,경기 성남시 분당구 구미동 205-1,031-711-0900,127.116425331506,37.3377330406843,http://place.map.kakao.com/24506131,2026-10-08 08:58:55
카카오맵,성남시,음식점 > 일식,카도,4.5,14,경기 성남시 분당구 판교역로 184,경기 성남시 분당구 삼평동 643,070-4243-0707,127.11017695079961,37.39710582170473,http://place.map.kakao.com/940853128,2026-10-08 11:32:15
카카오맵,성남시,"음식점 > 한식 > 육류,고기",테이블봄,4.5,14,경기 성남시 수정구 성남대로1221번길 6,경기 성남시 수정구 수진동 4548,,127.127045436596,37.4388925357256,http://place.map.kakao.com/1259732417,2026-10-08 13:53:26
카카오맵,성남시,"음식점 > 한식 > 육류,고기 > 족발,보쌈 > 가장맛있는족발",가장맛있는족발 느티마을점,4.5,13,경기 성남시 분당구 느티로77번길 8,경기 성남시 분당구 정자동 63-1,031-711-9882,127.11334005287362,37.36921435233362,http://place.map.kakao.com/27303039,2026-10-08 10:17:49
카카오맵,성남시,음식점 > 중식 > 중국요리,김문재반점,4.5,13,경기 성남시 중원구 갈마치로288번길 14,경기 성남시 중원구 상대원동 5460,031-742-2858,127.17384815350698,37.43950331894471,http://place.map.kakao.com/2113338160,2026-10-08 16:24:58
카카오맵,성남시,음식점 > 간식 > 토스트,김정수토스트,4.5,13,경기 성남시 분당구 내정로173번길 49,경기 성남시 분당구 수내동 33-2,,127.11584076508029,37.3773770180963,http://place.map.kakao.com/21384472,2026-10-08 10:36:53
카카오맵,성남시,음식점 > 양식,누아,4.5,13,경기 성남시 분당구 정자일로 146,경기 성남시 분당구 정자동 165-1,0502-5551-1955,127.10648302325777,37.36288651033269,http://place.map.kakao.com/223379957,2026-10-08 09:38:30
카카오맵,성남시,"음식점 > 한식 > 육류,고기 > 닭요리 > 삼계탕",능이오복탕,4.5,13,경기 성남시 분당구 새마을로177번길 7-8,경기 성남시 분당구 율동 288,031-609-3331,127.149343975627,37.3846431534543,http://place.map.kakao.com/1448098918,2026-10-08 12:16:27
카카오맵,성남시,음식점 > 한식,묘한식당 본점,4.5,13,경기 성남시 수정구 위례광장로 310,경기 성남시 수정구 창곡동 509-1,031-756-9997,127.14295537347499,37.47267943917648,http://place.map.kakao.com/693785638,2026-10-08 18:02:01
카카오맵,성남시,"음식점 > 한식 > 육류,고기 > 삼겹살",병팔이네,4.5,13,경기 성남시 분당구 구미로 16,경기 성남시 분당구 구미동 189-1,010-3191-0043,127.110661323069,37.3378394877838,http://place.map.kakao.com/1593581796,2026-10-08 08:57:25
카카오맵,성남시,"음식점 > 한식 > 육류,고기 > 닭요리",성원닭갈비,4.5,13,경기 성남시 중원구 박석로 74-1,경기 성남시 중원구 상대원동 859-3,031-745-7102,127.165510880846,37.439389145449,http://place.map.kakao.com/16274474,2026-10-08 16:17:10
카카오맵,성남시,"음식점 > 한식 > 해물,생선 > 게,대게",어서오시게 분당판교점,4.5,13,경기 성남시 분당구 판교역로 184,경기 성남시 분당구 삼평동 643,031-707-8249,127.11004375117,37.3971491947676,http://place.map.kakao.com/536532950,2026-10-08 11:29:56
카카오맵,성남시,"음식점 > 한식 > 찌개,전골 > 옥된장",옥된장 분당수내점,4.5,13,경기 성남시 분당구 백현로101번길 16,경기 성남시 분당구 수내동 19-4,0507-1344-8755,127.11285376292878,37.376936602060404,http://place.map.kakao.com/1048394373,2026-10-08 10:32:28
카카오맵,성남시,"음식점 > 한식 > 육류,고기",이치류 아브뉴프랑판교점,4.5,13,경기 성남시 분당구 동판교로177번길 25,경기 성남시 분당구 삼평동 740,031-707-0650,127.11376706575165,37.39779891155059,http://place.map.kakao.com/1550169908,2026-10-08 11:51:43
카카오맵,성남시,음식점 > 한식 > 국수 > 칼국수,일번지손칼국수,4.5,13,경기 성남시 중원구 희망로 448,경기 성남시 중원구 금광동 1,031-734-2805,127.157287112367,37.4449037688559,http://place.map.kakao.com/16097858,2026-10-08 17:04:49
카카오맵,성남시,음식점 > 한식 > 두부전문점,초당마을,4.5,13,경기 성남시 수정구 탄리로74번길 9,경기 성남시 수정구 태평동 3486-2,031-721-0960,127.136752561631,37.442968705222,http://place.map.kakao.com/12082071,2026-10-08 16:31:13
카카오맵,성남시,"음식점 > 간식 > 제과,베이커리",카멜레온베이커리,4.5,13,경기 성남시 중원구 도촌로 8,경기 성남시 중원구 도촌동 565,0507-1343-9589,127.15075826447168,37.41481383662005,http://place.map.kakao.com/1424356483,2026-10-08 13:19:43
카카오맵,성남시,음식점 > 한식 > 순대,할매순대국 동서울대점,4.5,13,경기 성남시 수정구 복정로 92-1,경기 성남시 수정구 복정동 678-2,031-758-6637,127.12702557255363,37.461229574746035,http://place.map.kakao.com/628367742,2026-10-08 16:56:40
카카오맵,성남시,음식점 > 아시아음식 > 동남아음식 > 베트남음식,홍호아 판교점,4.5,13,경기 성남시 분당구 판교역로 231,경기 성남시 분당구 삼평동 680,031-704-0428,127.10909535634981,37.401222688951265,http://place.map.kakao.com/1305667633,2026-10-08 11:44:16
카카오맵,성남시,"음식점 > 한식 > 해물,생선 > 회",도깨비숙성횟집,4.5,12,경기 성남시 분당구 야탑로111번길 12-11,경기 성남시 분당구 야탑동 373-2,,127.13149801660504,37.4113877279546,http://place.map.kakao.com/1822565475,2026-10-08 13:00:46
카카오맵,성남시,음식점 > 분식,모모김밥,4.5,12,경기 성남시 수정구 성남대로1480번길 7,경기 성남시 수정구 복정동 664,,127.12708602297913,37.46221882027222,http://place.map.kakao.com/353583671,2026-10-08 17:38:11
카카오맵,성남시,음식점 > 간식 > 초콜릿,아임초콜릿티어,4.5,12,경기 성남시 분당구 느티로51번길 8-13,경기 성남시 분당구 정자동 84-11,010-7435-4347,127.1113128469579,37.36945234627119,http://place.map.kakao.com/13597561,2026-10-08 10:11:09
카카오맵,성남시,"음식점 > 일식 > 돈까스,우동 > 우동키노야",우동키노야 판교파미어스몰점,4.5,12,경기 성남시 수정구 창업로 17,경기 성남시 수정구 시흥동 339,0507-1382-2455,127.097829971252,37.4120132512003,http://place.map.kakao.com/1550179024,2026-10-08 12:26:25
카카오맵,성남시,음식점 > 아시아음식 > 동남아음식 > 베트남음식,하노이쌀국수,4.5,12,경기 성남시 수정구 남문로 1,경기 성남시 수정구 태평동 5217,,127.127323367966,37.444202815976,http://place.map.kakao.com/1333159094,2026-10-08 16:27:38
카카오맵,성남시,음식점 > 치킨,1번지통닭,4.5,11,경기 성남시 중원구 양현로 469,경기 성남시 중원구 여수동 584,031-751-7799,127.134256408327,37.4170844713823,http://place.map.kakao.com/1804110632,2026-10-08 13:17:21
카카오맵,성남시,"음식점 > 간식 > 제과,베이커리",고방,4.5,11,경기 성남시 분당구 야탑로 235,경기 성남시 분당구 야탑동 174-2,031-701-0295,127.14480596584883,37.407581589806895,http://place.map.kakao.com/1116144312,2026-10-08 13:10:02
카카오맵,성남시,"음식점 > 일식 > 돈까스,우동 > 돈까스짱",돈까스짱 야탑점,4.5,11,경기 성남시 분당구 벌말로 47,경기 성남시 분당구 야탑동 275-1,031-748-9366,127.13817289259494,37.41216310103504,http://place.map.kakao.com/338099874,2026-10-08 13:11:46
카카오맵,성남시,"음식점 > 간식 > 제과,베이커리",록시베이커리,4.5,11,경기 성남시 분당구 운중로 123,경기 성남시 분당구 운중동 962,070-7543-6769,127.076962108928,37.3919854672437,http://place.map.kakao.com/287662068,2026-10-08 10:01:41
카카오맵,성남시,음식점 > 양식,리몬밀카페,4.5,11,경기 성남시 수정구 위례서일로3길 30,경기 성남시 수정구 창곡동 545-6,031-698-2537,127.13951507440389,37.46768564885591,http://place.map.kakao.com/1593720172,2026-10-08 17:49:19
카카오맵,성남시,음식점 > 한식 > 순대,백암황금순대,4.5,11,경기 성남시 분당구 내정로165번길 38,경기 성남시 분당구 수내동 32,010-3650-9511,127.11608218889555,37.3765190061229,http://place.map.kakao.com/1612369891,2026-10-08 10:26:13
카카오맵,성남시,음식점 > 양식 > 이탈리안,살레르노 판교점,4.5,11,경기 성남시 분당구 판교역로 145,경기 성남시 분당구 백현동 530,031-706-8459,127.10903434081445,37.39418757069562,http://place.map.kakao.com/1473518000,2026-10-08 11:13:56
카카오맵,성남시,음식점 > 샤브샤브,삼청동샤브 미금역점,4.5,11,경기 성남시 분당구 성남대로 165,경기 성남시 분당구 금곡동 161,,127.108289789222,37.3507543357779,http://place.map.kakao.com/774027147,2026-10-08 09:19:21
카카오맵,성남시,음식점 > 양식 > 피자,스토브온,4.5,11,경기 성남시 분당구 정자일로 55,경기 성남시 분당구 금곡동 192,,127.105379021697,37.3564271342714,http://place.map.kakao.com/15180474,2026-10-08 09:28:13
카카오맵,성남시,"음식점 > 한식 > 육류,고기 > 곱창,막창",신동대문곱창 신구대직영점,4.5,11,경기 성남시 중원구 광명로347번길 4,경기 성남시 중원구 금광동 3132,031-731-9989,127.164522933424,37.4464580775318,http://place.map.kakao.com/15318892,2026-10-08 17:17:29
카카오맵,성남시,음식점 > 한식,엄니네쌈냉면,4.5,11,경기 성남시 중원구 제일로35번길 6,경기 성남시 중원구 성남동 3783,031-755-6321,127.136191910219,37.4304128056855,http://place.map.kakao.com/841821862,2026-10-08 13:36:09
카카오맵,성남시,"음식점 > 술집 > 호프,요리주점",용용선생 모란역점,4.5,11,경기 성남시 중원구 광명로 12-3,경기 성남시 중원구 성남동 3234,,127.130604299611,37.4327185040236,http://place.map.kakao.com/1646199230,2026-10-08 13:32:47
카카오맵,성남시,"음식점 > 한식 > 육류,고기 > 갈비",우리쪽갈비,4.5,11,경기 성남시 분당구 성남대로172번길 12,경기 성남시 분당구 금곡동 147,031-711-9249,127.110507193957,37.3512523559649,http://place.map.kakao.com/1756265120,2026-10-08 09:27:49
카카오맵,성남시,"음식점 > 술집 > 호프,요리주점",은밀한부엌,4.5,11,경기 성남시 중원구 제일로63번길 32,경기 성남시 중원구 성남동 3412,,127.132357601116,37.4319200558266,http://place.map.kakao.com/1922938389,2026-10-08 13:37:50
카카오맵,성남시,음식점 > 양식 > 피자 > 피자헛,피자헛 분당금곡점,4.5,11,경기 성남시 분당구 불정로87번길 2,경기 성남시 분당구 정자동 138-3,1588-5588,127.114500506393,37.3602426165996,http://place.map.kakao.com/15180471,2026-10-08 09:49:35
카카오맵,성남시,음식점 > 한식 > 국수 > 칼국수,가락곰칼국수 도촌점,4.5,10,경기 성남시 중원구 도촌남로 27,경기 성남시 중원구 도촌동 566,031-757-0996,127.15072140379259,37.41445798137828,http://place.map.kakao.com/523675095,2026-10-08 13:20:04
카카오맵,성남시,"음식점 > 한식 > 해물,생선 > 아구",아구홀릭해물찜,4.5,10,경기 성남시 수정구 청계산로2길 17,경기 성남시 수정구 고등동 595-10,031-752-9900,127.0949784850543,37.4277599656107,http://place.map.kakao.com/1647584011,2026-10-08 12:35:51
카카오맵,성남시,음식점 > 아시아음식 > 동남아음식 > 베트남음식,포시애틀 성남고등점,4.5,10,경기 성남시 수정구 청계산로 686,경기 성남시 수정구 고등동 603,031-697-8866,127.09350052697059,37.42762418928734,http://place.map.kakao.com/229347267,2026-10-08 12:36:25
카카오맵,성남시,음식점 > 양식 > 피자 > 피자헛,피자헛 성남종합운동장점,4.5,10,경기 성남시 중원구 제일로 67,경기 성남시 중원구 성남동 3304,070-4282-0987,127.135343175789,37.4328014726701,http://place.map.kakao.com/534362179,2026-10-08 13:44:54
카카오맵,성남시,음식점 > 아시아음식 > 동남아음식 > 태국음식,흐엉,4.5,10,경기 성남시 분당구 정자일로 220,경기 성남시 분당구 정자동 14-1,,127.10610869757654,37.369617512084375,http://place.map.kakao.com/1484035511,2026-10-08 10:07:06
